pressure,temperature,altitude,ax,ay,az,pitch,roll,yaw
92817.5,20.2,733.6802,0.008184,0.022495,0.994756,-0.380733,0.712881,180.8558
92814.3,20.21,733.9682,-0.000605,0.024448,0.95374,-0.612525,0.813901,184.1387
92821.39,20.23,733.3314,-0.012812,0.034702,0.984502,0.482244,1.597083,186.097
92814.6,20.24,733.9391,-0.008418,0.073276,0.984502,1.061622,0.65873,181.3887
92819.91,20.25,733.4662,0.092656,0.030796,1.029912,-0.183733,-0.26697,176.3051
92829.7,20.27,732.5916,-0.138301,-0.113247,0.921514,-0.302263,-0.827756,172.7628
92835.45,20.29,732.0764,-0.09875,-0.126919,0.997197,-0.08937,-1.447285,170.023
92842.25,20.32,731.4686,0.266484,-0.109341,0.574346,-0.447365,-7.770628,172.3771
92840.16,20.34,731.6562,-0.121211,-0.184048,1.009404,8.010768,-6.913452,174.3607
92837.55,20.34,731.8887,-0.371211,0.013218,1.219854,13.19436,-4.982837,180.2011
92833.12,20.36,732.2851,-0.162715,-0.001919,0.963018,3.660961,-5.030142,182.4242
92831.59,20.38,732.4225,-0.09875,-0.022915,1.135381,8.293944,-4.107121,184.5328
92832.38,20.39,732.3511,-0.117793,-0.077114,0.849248,9.510476,-6.579267,184.263
92829.83,20.4,732.5784,-0.18127,0.155796,0.94251,4.031662,-2.739714,180.0666
92834.23,20.41,732.1847,0.039434,0.105503,0.945439,-1.990013,2.7768,177.0611
92838.04,20.44,731.8438,-0.090938,-0.100063,1.001592,-1.807095,1.540797,177.0397
92834.39,20.43,732.1714,-0.02209,0.035679,0.967412,1.219886,1.003751,180.8889
92834.39,20.43,732.1714,-0.130977,-0.074185,1.020146,2.337801,0.495061,184.3807
92832.77,20.44,732.3168,0.004277,0.018101,0.98792,2.707763,1.080966,186.9524
92828.04,20.46,732.7396,-0.077266,-0.037075,0.962529,3.894827,-0.241568,188.5763
92825.34,20.49,732.98,-0.043086,-0.040981,0.968389,3.850364,-0.188339,189.1386
92825.34,20.49,732.98,-0.055293,0.022007,1.007451,1.732731,0.273831,191.4319
92827.11,20.5,732.8215,0.019902,0.075229,0.991826,2.217542,1.667617,194.2631
92823.58,20.51,733.1385,-0.017695,0.060093,0.99915,0.850433,1.085454,196.35
92818.73,20.52,733.5718,0.011113,0.045444,1.015752,-0.586732,2.309367,198.8978
92818.73,20.52,733.5718,-0.050898,-0.014126,0.972783,2.154958,2.25478,201.798
92819.2,20.47,733.5296,-0.013301,0.037144,1.004521,2.644263,1.777668,203.7446
92819.56,20.43,733.4979,-0.125605,-0.025356,0.994756,3.46431,1.517039,204.6537
92816.36,20.4,733.7833,-0.059199,0.046909,1.004033,3.490841,1.869135,206.0218
92815.16,20.38,733.8916,-0.185664,-0.020962,0.962529,3.166704,1.331405,208.2041
92816.63,20.36,733.7595,-0.097285,-0.01022,0.983037,3.447632,0.742196,209.776
92816.05,20.33,733.8097,-0.041133,-0.001431,1.001104,2.132965,-0.04922,210.9226
92817.63,20.32,733.6696,-0.022578,0.002964,1.014287,0.857586,0.124617,211.8902
92817.16,20.31,733.7119,-0.094355,-0.017056,1.011357,3.275542,-0.179036,212.2235
92815.92,20.28,733.8229,-0.018184,-0.012661,1.006963,3.214858,-0.309257,214.3105
92820.3,20.29,733.4318,-0.041133,-0.018032,1.004033,2.702,-0.655156,216.1747
92820.3,20.29,733.4318,0.008672,-0.000942,0.949346,0.785683,4.660854,217.6361
92814.84,20.27,733.918,-0.006465,0.277378,1.023076,1.038536,8.220605,219.6779
92810.5,20.23,734.3064,-0.03918,0.008335,1.009893,2.089183,0.577396,220.2572
92812.8,20.19,734.1003,-0.055293,0.066929,0.975713,3.310045,4.948011,222.8488
92812.58,20.16,734.1215,-0.071895,0.265659,0.962529,2.606856,7.329898,228.5297
92814.28,20.13,733.9682,-0.027949,0.179233,0.976689,0.173798,8.744107,232.7896
92810.03,20.1,734.3487,0.094121,0.149937,1.021123,-3.591369,7.006489,236.4697
92811.61,20.05,734.206,0.095586,0.107456,0.986455,-5.963494,5.460988,238.205
92812.08,20.03,734.1664,0.147832,0.132847,1.00501,-7.717566,6.36683,238.8733
92809.58,19.94,734.3883,0.134648,0.114292,0.995732,-7.91615,6.309221,239.3986
92809.58,19.94,734.3883,0.124883,0.132358,0.980596,-6.939482,5.900947,240.9381
92814.93,19.91,733.9101,0.130742,0.129429,1.003545,-7.300256,7.099461,241.7614
92819.68,19.89,733.4847,0.10877,0.079624,0.983525,-6.678013,5.432234,243.1176
92819.38,19.86,733.5137,0.13416,0.137241,0.99085,-7.002151,6.417485,244.0968
92813.95,19.84,733.9973,0.116582,0.119663,0.976689,-6.924003,6.141717,245.294
92813.95,19.84,733.9973,0.120977,0.118687,0.996221,-7.042407,6.219084,246.659
92816.46,19.83,733.7726,0.096074,0.065952,1.007939,-4.135293,3.807057,248.9951
92812.21,19.83,734.1531,0.041875,-0.074185,1.003545,-3.323267,0.04927,248.5346
92815.23,19.8,733.8837,0.096562,-0.039517,1.04749,-4.707778,0.706208,248.402
92815.4,19.78,733.8678,0.100469,0.011265,1.054814,-4.828208,1.704552,247.4502
92815.58,19.76,733.8519,0.091191,0.061069,1.012822,-5.907498,4.239238,246.5428
92820.59,19.74,733.4054,0.006719,-0.087856,0.929814,-4.625858,2.050637,247.3157
92822.44,19.72,733.239,-0.042598,0.070347,0.952275,-1.97454,2.304557,249.9044
92813.5,19.72,734.0396,0.002813,0.063511,0.904424,0.819457,1.584125,252.4413
92811.97,19.73,734.1743,0.018926,-0.075649,0.99085,2.518771,1.748901,252.4958
92809.45,19.71,734.3989,-0.050898,0.011753,1.009893,1.267787,0.866875,252.3222
92811.39,19.7,734.2272,-0.051875,-0.024868,0.977666,2.790844,-0.651688,250.8401
92815.64,19.7,733.8467,-0.043086,0.066929,1.025029,2.888928,0.477011,247.6682
92812.18,19.72,734.1558,-0.131465,0.078159,1.007451,1.803218,0.821308,245.9029
92821.88,19.73,733.2891,-0.198848,0.02689,1.004033,1.182187,0.668514,245.6932
92818.28,19.74,733.6115,-0.00793,0.098667,1.0304,-1.788216,2.818762,245.6877
92823.55,19.74,733.1412,-0.030879,0.104526,1.008428,-1.352118,4.028029,245.7288
92818.47,19.76,733.593,0.071172,0.077671,0.969365,-1.937121,4.995517,246.5867
92818.23,19.77,733.6141,-0.043086,0.124058,1.018682,-0.020397,6.064492,247.2494
92813.27,19.77,734.058,-0.146602,0.019565,0.890264,4.578097,8.841304,247.6585
92802.59,19.75,735.0145,-0.41125,0.372104,0.836064,17.20314,20.86213,248.2044
92802.59,19.75,735.0145,-0.471309,0.562046,0.859502,24.33236,27.98873,250.5346
92802.23,19.74,735.0463,-0.521602,0.52689,0.690557,27.76912,31.70758,253.1658
92796.03,19.75,735.5985,-0.652461,0.573276,0.679326,30.92775,36.19691,256.249
92795,19.78,735.691,-0.063105,0.146519,0.818975,14.7039,21.96401,254.392
92795,19.78,735.691,-0.067988,0.048374,0.886357,0.725082,5.106516,257.2026
92813.25,19.8,734.0607,0.140508,-0.250942,0.840459,-10.95653,-12.25458,259.6418
96421.61,19.91,416.4805,0.358281,-0.386196,0.804814,-18.70852,-23.6317,261.5133
98753.47,19.97,416.4805,0.433477,-0.409146,0.744268,-14.03648,-19.02206,258.1221
92897.28,20.03,726.5513,-0.097773,0.137729,1.071416,3.170719,1.109357,254.5071
92828.45,20.06,732.7026,0.057988,0.020542,0.99915,4.854682,-0.907708,257.4247
92825.55,20.07,732.9615,-0.568965,-0.186001,0.691045,32.06627,-12.39061,259.4272
92828.14,20.1,732.729,-1.111445,-0.24313,0.471318,41.01971,-13.89283,264.3945
92826.5,20.13,732.877,-0.936152,-0.341763,0.451299,41.95877,-14.53423,265.0363
92822.64,20.14,733.2205,-0.929316,-0.246548,0.576787,29.17896,-5.820024,271.939
92819.77,20.16,733.4794,-0.119746,0.142124,0.92249,4.103863,3.4996,275.1376
92805.81,20.14,734.7266,0.363164,0.231968,0.917607,-13.42071,9.842749,271.4647
92810.16,20.11,734.3381,0.52625,0.298374,0.923467,-23.00955,15.20188,269.0449
92820.17,20.09,733.4424,0.564336,0.316929,0.971318,-18.98339,13.35427,270.333
92813.59,20.09,734.029,-0.109004,0.029819,0.923955,-9.681936,6.955192,274.1245
92806.77,20.1,734.642,-0.183711,0.062534,0.972783,-3.789959,7.995178,277.2875
92806.77,20.1,734.642,-0.251094,0.402866,0.815068,3.170918,26.40938,279.6057
92792.73,20.11,735.8944,-0.263789,0.700229,0.773564,6.054711,36.37214,282.1041
92792.55,20.13,735.9129,-0.350215,0.727085,0.681768,10.11119,39.31627,284.4769
92795.45,20.12,735.6513,-0.254512,0.565464,0.816533,2.495569,23.56878,280.6887
92795.19,20.13,735.6751,-0.135859,0.204624,0.959111,-5.694357,1.063808,282.2695
92880.25,20.11,728.0733,0.195684,-0.265591,0.903447,-12.71869,-18.95072,287.8634
95841.19,20.16,466.9083,0.109746,-0.532192,0.784307,-13.91947,-28.5126,290.4442
95616.7,20.21,486.477,0.19666,-0.44479,0.900518,-12.2052,-28.14215,290.2046
95891.25,20.25,462.5486,0.195195,-0.646939,0.743291,-10.74253,-26.36789,291.6859
92854.05,20.31,730.4144,-0.026484,-0.031704,0.910283,0.116067,-5.814382,290.18
92805.36,20.32,734.7662,-0.196895,0.235386,1.006475,5.838767,1.338122,292.5684
92802.69,20.31,735.004,-0.073848,0.188511,0.994268,5.100347,2.578757,295.9467
92806.38,20.28,734.6763,-0.155879,0.234897,1.005498,8.648495,1.945829,313.4932
92808.14,20.26,734.5178,-0.288203,0.320347,0.932256,10.43704,6.127707,354.8425
92818.08,20.22,733.63,0.058965,0.182163,0.883916,2.600786,8.564261,20.7355
92800.02,20.19,735.2444,0.01209,0.187534,0.965459,2.711882,8.596232,24.73779
92799.75,20.16,735.2682,-0.175898,0.219761,1.012334,5.744046,6.708879,10.76512
92817.39,20.11,733.6907,-0.030391,0.138706,1.024053,1.819879,6.076475,344.3398
92803,20.08,734.9775,-0.342891,-0.001919,1.030889,5.3238,6.61377,311.9546
92808.14,20.07,734.5178,-0.200801,-0.028774,0.901006,4.23034,6.708364,284.4774
92855.14,20.1,730.3166,0.028691,0.187046,0.992803,0.814457,9.800084,263.974
92965.41,20.17,720.4688,-0.194941,0.116733,1.042607,4.360182,10.52207,245.7648
93017.09,20.2,715.8554,0.141484,0.295444,1.012822,3.967766,10.59226,237.6566
92855.47,20.25,730.2875,-0.154902,0.001011,0.999639,4.230355,8.499814,246.1296
92925.66,20.29,724.0174,-0.136836,0.025425,1.018193,1.641888,8.017333,270.6229
92854.11,20.32,730.4091,0.018926,0.209507,1.040166,3.386003,6.712918,295.3633
92809.41,20.33,734.4042,-0.075313,0.188511,0.987432,4.381251,6.568974,316.0322
92805.54,20.3,734.7503,-0.035273,0.075229,1.013311,1.090278,3.367318,331.2931
92811.13,20.26,734.2509,-0.081172,0.15189,0.960576,6.348849,9.098163,332.6807
92805.65,20.23,734.7397,-0.395625,0.196323,0.914189,17.94721,9.260439,329.9651
92807.08,20.21,734.6129,-0.447383,0.155796,0.768193,29.97022,8.473623,331.0502
92813.39,20.18,734.0475,-0.625605,0.153843,0.671514,36.43285,10.05595,333.8073
92818.37,20.18,733.6036,-0.782832,0.257358,0.544072,44.28303,14.79778,347.4392
92808.94,20.2,734.4465,-0.648555,0.112339,0.531377,36.48925,13.93502,350.9203
92808.94,20.2,734.4465,-0.708613,0.35355,0.472295,36.81336,28.49615,356.944
92814.95,20.21,733.9074,-0.816523,0.570347,0.526982,30.71688,43.08596,2.280258
92816.19,20.2,733.7991,-0.440059,0.74564,0.604619,23.8817,48.11353,0.441422
92819.74,20.19,733.4794,-0.433223,0.81644,0.659795,14.99821,47.78456,354.1848
92819.74,20.19,733.4794,-0.151973,0.680698,0.778447,-0.939214,39.40946,347.7023
92811.59,20.16,734.2087,0.123418,0.608433,0.87415,-11.74394,33.7179,343.3431
92810.81,20.15,734.2773,0.294316,0.396519,0.810674,-19.66498,23.0303,341.0258
92816.17,20.16,733.7991,0.435918,-0.007778,0.78626,-20.59975,7.494777,342.388
92820.39,20.15,733.4213,0.485234,-0.278774,0.846318,-18.88858,-9.341071,345.2739
92922.86,20.16,724.2684,0.257207,-0.529751,0.742803,-13.07435,-21.14185,342.2422
95732.61,20.17,476.3676,0.123906,-0.585415,0.766729,1.006238,-26.49695,331.5486
92942.46,20.21,722.5166,-0.218379,-0.513149,0.787236,18.01343,-27.97374,323.7852
92909.93,20.26,725.4231,-0.731074,-0.175259,0.716436,40.33081,-23.65812,322.7621
92787.06,20.29,736.4017,-0.889766,-0.043911,0.562627,56.37396,-11.72676,329.9037
92809.06,20.29,734.4359,-0.795039,0.352085,0.449346,55.65129,20.90268,356.1495
92809.06,20.29,734.4359,-0.801387,0.433628,0.366338,49.36492,44.82099,15.92363
92816.52,20.24,733.77,-0.732539,0.707065,0.498662,36.0851,46.18055,16.33978
92819.2,20.2,733.5296,-0.296504,0.66019,0.788701,22.53618,36.26951,13.61833
92802.47,20.21,735.0251,-0.235957,0.337437,0.961553,9.666822,22.20004,14.20659
92802.47,20.21,735.0251,-0.046992,0.158237,0.84876,5.785067,14.79095,18.92137
92803.88,20.18,734.8983,-0.043574,0.203159,1.049443,3.146949,11.26853,20.11885
92800.63,20.08,735.1889,0.078008,0.155308,0.977666,3.674241,10.41665,18.71121
92806.61,20.05,734.6552,-0.057734,0.174839,1.003057,2.632152,8.232701,20.02722
92799.52,20.03,735.2867,-0.044062,0.324253,1.0846,1.579319,8.414832,24.61679
92803.88,20.04,734.8983,-0.052363,0.110874,0.937139,2.647961,7.749535,25.18861
92800.41,20.05,735.2075,-0.02502,0.186069,1.020146,1.897517,9.860372,25.83279
92799.75,20.05,735.2682,-0.20666,0.230991,1.077764,2.179656,10.09646,26.08409
92803.55,20.04,734.9274,0.008672,0.135776,1.010381,-0.156505,6.057571,26.73468
92810.67,20.02,734.2906,-0.008906,0.077671,0.992314,1.992711,4.166627,26.16594
92809.8,20,734.3698,-0.140254,0.082065,0.997197,5.975446,4.662031,23.15091
92816.5,19.98,733.77,-0.117793,0.133335,1.008428,6.605366,5.378692,23.50398
92811.64,19.95,734.2034,-0.154414,-0.016079,0.949346,6.629945,0.60638,22.43176
92821.25,19.92,733.3446,-0.085566,-0.050259,1.013799,4.186763,0.301189,19.29124
92816.22,19.91,733.7964,-0.126094,0.00687,1.011357,9.137638,0.445458,13.37773
92819.53,19.88,733.5005,-0.190547,-0.021938,0.943975,14.32565,-2.336533,8.782394
92829.73,19.87,732.5889,-0.403926,-0.067837,0.907354,17.95963,-3.320866,9.090775
92831.34,19.87,732.4436,-0.259395,0.006382,0.942021,17.15337,-2.39193,10.66487
92829.31,19.87,732.6259,-0.310664,-0.112271,0.889287,15.53758,-0.979241,12.51683
92826.08,19.87,732.9139,-0.044062,0.068882,0.937139,9.904061,0.920485,11.20821
92819.38,19.86,733.5137,-0.311152,0.011753,0.982061,16.8271,0.628216,10.54559
92830.31,19.83,732.5361,-0.376582,0.094761,1.003545,17.14191,-0.19277,10.3446
92828.05,19.83,732.7396,-0.066523,0.020542,0.920049,12.27537,0.602014,13.23792
92825.7,19.83,732.9483,-0.207148,0.03812,0.943486,18.72965,-2.469122,12.22061
92826.77,19.8,732.8505,-0.333613,0.021519,0.982549,11.69517,-1.985618,12.9848
92826.77,19.8,732.8505,-0.165645,-0.079067,0.966924,9.783571,-3.558875,3.189316
92833.47,19.78,732.2534,-0.156855,0.053745,1.027471,8.927725,-4.040164,359.4684
92843.55,19.77,731.3524,-0.251094,0.028843,0.969854,13.59366,-5.859039,355.0239
92859.34,19.84,729.9414,-0.698848,-0.140591,0.899053,17.87331,-8.275933,351.0959
92859.34,19.84,729.9414,-0.232539,0.270542,1.134404,14.15957,-2.431515,351.8001
92859.16,19.85,729.9572,-0.133418,0.047397,0.970342,13.33612,-1.008322,354.115
92860.7,19.88,729.8198,-0.204219,-0.067349,0.945439,6.894215,2.524665,357.2385
92856,19.87,730.2399,-0.021113,0.069858,0.926885,7.064106,1.444871,359.8439
92852.94,19.86,730.5148,-0.105586,-0.032681,0.941045,5.580086,1.821632,0.784302
92856.8,19.85,730.1686,-0.203242,0.043979,1.001104,5.99779,3.167502,2.765427
92855.78,19.84,730.2611,-0.086543,0.091831,0.969365,5.16567,3.836613,4.379562
92851.28,19.82,730.6627,0.052129,0.258335,1.071416,2.16495,6.830332,6.980408
92848.67,19.78,730.8953,-0.069453,0.12894,1.041631,3.631743,6.145346,7.987137
92849.7,19.75,730.8027,0.027227,0.135776,0.984014,4.386191,4.239185,6.971191
92858.86,19.75,729.9836,-0.302363,-0.054653,0.972783,6.54083,-1.300562,6.035416
92869.81,19.76,729.006,-0.091914,-0.078091,0.843389,6.273558,2.149735,8.14769
92843.42,19.75,731.3629,-0.102656,0.070347,1.007939,8.793242,6.052397,12.13385
92837.63,19.77,731.8834,-0.160273,0.144077,0.972295,7.685634,8.153786,17.38461
92824.16,19.77,733.0857,-0.11877,0.279819,1.01917,5.076181,12.10066,21.53264
92826.28,19.75,732.8954,-0.09582,0.198276,0.956182,0.25946,13.21007,23.3373
92825.25,19.71,732.9879,-0.051387,0.194858,0.950322,-2.467255,12.36311,25.92618
92826.7,19.68,732.8585,-0.096797,0.24564,1.04749,-3.421937,10.26358,28.17238
92822.76,19.68,733.2099,-0.083125,0.16312,0.986455,-1.046115,9.060196,30.10818
92827.79,19.7,732.7607,0.042852,0.267124,0.994756,-0.237343,8.311829,31.1196
92826.83,19.7,732.8479,-0.014277,0.176792,0.951299,0.504855,10.96685,33.51752
92824.97,19.68,733.0143,-0.057246,0.152866,0.983037,1.763079,9.712242,36.09218
92824.97,19.68,733.0143,-0.134883,0.140659,0.959111,3.686532,8.453786,38.11249
92828.34,19.65,732.7131,-0.00793,0.145054,0.923467,5.937646,6.266055,38.77478
92831.5,19.63,732.4304,-0.01623,0.130405,1.022588,3.592329,5.182769,40.02489
92799.44,19.62,735.2946,-0.040645,0.004429,0.933721,-0.265442,6.100171,40.82158
92782.8,19.6,736.7822,-0.040645,0.106968,0.940068,0.153667,6.153041,41.76852
92778.09,19.59,737.205,-0.102168,0.140659,0.965947,1.104614,7.245861,42.24139
92772.36,19.57,737.7176,-0.010859,0.313511,1.034795,1.59823,10.02472,42.98093
92772.23,19.56,737.7281,0.012578,0.21439,0.961553,2.92235,10.45473,43.53638
92769.2,19.55,737.9977,-0.09582,0.198765,1.009404,3.55198,10.86042,44.73857
92769.8,19.54,737.9448,-0.098262,0.185581,0.972783,3.858971,11.71883,45.9097
92769.05,19.53,738.0135,-0.104121,0.170933,0.958623,5.960094,10.11163,46.69922
92769.38,19.53,737.9844,-0.116816,0.185581,0.972295,6.399383,10.37044,47.75797
92768.14,19.5,738.0928,-0.092891,0.186558,0.991826,5.751589,10.51167,48.87273
92767.59,19.48,738.143,-0.075801,0.230015,0.989385,5.961286,10.74201,50.589
92768.16,19.47,738.0928,-0.180781,0.075718,0.951787,8.053522,10.93627,52.06843
92762.3,19.48,738.616,-0.14123,0.158237,0.980596,8.168756,10.2687,53.19134
92768.41,19.5,738.069,-0.183223,0.132358,0.971807,10.18431,9.20344,52.71688
92766.77,19.5,738.217,-0.205684,0.112827,0.964482,10.69443,8.856094,54.48601
92762.88,19.5,738.5657,-0.229121,0.107944,0.948369,11.92541,8.069757,55.50079
92760.06,19.48,738.8168,-0.17834,0.122593,0.963018,10.12188,8.096928,56.61761
92765.53,19.47,738.3253,-0.185664,0.143101,0.998662,9.395054,7.944754,57.78983
92764.78,19.46,738.394,-0.138789,0.307163,0.991826,8.593821,8.512155,58.91074
92760.97,19.44,738.7349,-0.144648,0.153843,0.998174,5.853486,9.384404,60.93286
92761.98,19.4,738.645,-0.08166,0.12894,1.002568,6.33025,7.426596,62.55577
92762.31,19.41,738.616,-0.093867,0.123569,0.978643,5.582389,6.601789,63.65734
92762.31,19.41,738.616,-0.127559,0.158726,1.030889,6.487918,8.025197,64.22707
92765.2,19.4,738.357,-0.172969,0.214878,1.037236,7.184886,8.060527,65.28361
92762.9,19.4,738.5631,-0.11584,0.143589,0.986455,6.975503,7.282722,67.83477
92764.64,19.41,738.4072,-0.111934,0.189976,0.986455,8.138943,8.224981,71.99041
92764.94,19.41,738.3808,-0.179316,0.047886,1.008428,6.443389,6.478187,74.3131
92765.86,19.4,738.2989,-0.031855,0.079136,1.00501,3.910268,5.641757,75.36425
92766.21,19.36,738.2672,-0.143184,0.056187,0.997197,5.786674,3.844367,76.75107
92764.89,19.36,738.3834,-0.134395,0.037144,1.011357,6.388542,2.941174,77.67751
92764.89,19.36,738.3834,-0.17541,0.068394,1.059209,5.975646,3.423379,79.06724
92766.38,19.35,738.2513,-0.088984,0.118687,0.983525,7.620265,3.717175,80.54465
92766.76,19.32,738.217,-0.094355,0.179722,0.994268,6.72106,6.355899,83.20576
92768.22,19.29,738.0875,-0.169551,0.166538,0.997197,7.448307,7.815396,84.30727
92766.01,19.31,738.2857,-0.11877,0.155796,0.982549,6.50536,8.151323,86.46102
92763.88,19.29,738.476,-0.172969,0.11478,0.968877,8.83555,7.519671,87.78493
92761.81,19.28,738.6609,-0.154902,0.08353,0.969365,8.784568,5.670911,89.14417
92765.92,19.26,738.291,-0.145625,0.108433,0.969854,7.860186,5.398058,89.59444
92762.28,19.26,738.6186,-0.123164,0.08353,0.966924,7.137147,4.944119,90.04168
92764.22,19.25,738.4442,-0.17541,0.276401,1.016729,5.943871,4.612507,90.96174
92763.2,19.25,738.5367,-0.104121,0.059604,1.001592,5.303098,3.230031,92.36079
92769.33,19.24,737.9871,0.078008,0.043491,0.943975,-1.145819,4.616743,91.83314
92767.52,19.22,738.1483,-0.114863,0.108433,1.051885,1.587699,6.293518,94.41699
92768.48,19.22,738.0637,0.167363,0.27103,1.093877,4.035581,8.098065,94.12992
92771.56,19.23,737.7863,-0.151973,0.202671,1.020146,5.679513,7.027923,95.38374
92772.02,19.24,737.7466,-0.131953,0.054722,0.907354,5.127914,6.123491,97.05102
92780.98,19.25,736.946,-0.043574,0.151401,1.014287,3.372021,6.522358,98.97443
92783.33,19.26,736.7373,-0.139277,0.16605,0.944951,2.625413,5.866339,100.6206
92780.39,19.26,736.9989,-0.07873,0.172397,1.00501,2.611979,5.855965,102.2072
92778.27,19.24,737.1891,-0.020625,0.119175,0.989873,4.311919,7.536862,102.8717
92773.41,19.22,737.6225,-0.150996,0.187534,0.999639,5.588771,6.232961,104.6855
92764.97,19.19,738.3782,-0.103145,0.031284,0.965459,6.304371,6.297419,106.246
92762.42,19.17,738.6054,-0.164668,0.024448,0.967412,6.57108,3.277311,107.1938
92761.77,19.17,738.6635,-0.197383,0.052769,0.965459,9.557237,3.25327,107.7097
92761.77,19.17,738.6635,-0.120234,0.056187,0.927373,9.655992,2.848146,108.3223
92761.37,19.16,738.7005,-0.002559,0.031772,0.962529,8.986647,3.088879,108.6063
92763.08,19.17,738.5472,-0.186641,0.074741,1.0221,9.463907,2.237536,108.853
92758.53,19.17,738.9542,-0.170527,0.001011,0.875615,10.28308,3.779109,110.4244
92763.53,19.18,738.505,-0.099727,0.118687,0.972295,8.126862,4.568659,112.2272
92759.02,19.19,738.9092,-0.03918,0.12064,0.939092,7.489908,3.38582,113.4665
92763.3,19.19,738.5261,-0.206172,0.048374,1.025518,6.096964,3.03762,114.1179
92768.23,19.19,738.0875,-0.065547,0.063999,1.049932,6.02424,4.432823,117.6991
92773.25,19.2,737.6357,-0.035273,0.199253,0.845342,5.962707,3.59831,118.8595
92769.64,19.2,737.9607,-0.097773,0.040073,1.000615,5.340155,2.334596,118.9583
92771.28,19.2,737.8127,-0.083125,0.115269,0.981572,3.970327,3.057532,119.0774
92773.31,19.21,737.6304,-0.040156,0.075229,1.008916,2.738132,3.50587,118.3352
92769.73,19.21,737.9501,-0.031367,0.105991,1.032842,0.622181,5.184636,120.3814
92772.69,19.21,737.6859,-0.026484,0.105503,0.974248,3.16393,5.541567,120.3019
92774.16,19.23,737.5564,-0.088984,0.015171,0.974248,4.867116,3.706386,122.0251
92771.77,19.22,737.7704,-0.075313,0.02689,1.024541,3.195382,1.592375,124.5475
92772.88,19.23,737.67,-0.053828,-0.019985,1.011846,2.997566,0.984821,128.5734
92771.3,19.24,737.8127,-0.044551,0.012241,1.043096,2.067118,1.414701,134.9401
92768.64,19.23,738.0479,-0.039668,-0.006802,0.952764,2.756923,0.640264,144.262
92768.67,19.24,738.0452,-0.026973,-0.000454,0.984014,1.555576,0.107894,154.3736
92770.7,19.24,737.8655,-0.043086,0.042515,1.011846,2.506615,2.808405,167.1845
92764.33,19.23,738.4337,0.092168,0.163608,0.962041,-0.416815,5.413175,181.7428
92768.41,19.24,738.069,0.116094,0.075229,0.976201,-5.278954,6.022886,196.8565
92772.05,19.25,737.744,0.13123,0.208042,0.997686,-8.021427,5.344166,213.2821
92764.81,19.25,738.3914,0.058477,0.251499,0.991826,-7.10322,5.556671,228.0023
92767.45,19.25,738.1562,0.024785,0.110874,1.047979,-5.076598,4.365875,238.6231
92767.45,19.25,738.1562,0.080449,0.071812,0.881475,-3.446784,3.80878,248.1015
92764.91,19.26,738.3834,0.071172,0.05814,1.103154,-4.924371,5.154018,249.1948
92770.17,19.26,737.9131,0.064336,0.19437,0.860967,-5.332322,9.075194,247.2744
92772.53,19.26,737.7017,0.357793,0.037632,1.075322,-2.850129,9.211843,245.6475
92772.53,19.26,737.7017,-0.046016,0.08939,0.92835,-1.56926,6.983745,242.5314
92768.98,19.27,738.0188,0.203496,0.129429,1.062139,-1.886766,6.548567,234.1296
92762.41,19.27,738.6054,0.018926,0.143101,0.903447,-4.263722,8.621135,227.1104
92761.75,19.27,738.6661,0.100957,0.124058,1.06751,-5.494087,9.170618,220.6825
92762.11,19.27,738.6318,0.275762,0.131382,0.966436,-10.58417,7.583297,212.8354
92765.78,19.28,738.3042,0.206914,0.186069,0.930303,-17.56224,10.2718,202.1266
92767.82,19.29,738.1219,0.503301,0.290073,0.864385,-26.12571,11.0095,199.0246
92762.59,19.29,738.5895,0.576055,0.234409,0.824346,-32.18051,12.50281,199.4963
92764.86,19.29,738.3861,0.442754,0.177769,0.882451,-24.71164,9.919862,204.8019
92763.7,19.3,738.4918,0.231328,0.165073,0.972783,-13.00145,6.806442,211.3899
92764.36,19.3,738.431,-0.016719,0.122104,0.985967,-2.618488,6.097531,216.1832
92763.38,19.31,738.5208,-0.225215,0.099644,0.940068,9.177453,6.132076,221.5318
92766.76,19.32,738.217,-0.357051,0.123081,0.920537,18.92551,6.550151,225.8615
92762.48,19.31,738.6001,-0.47375,0.135288,0.893193,23.66508,6.879118,227.3669
92765.44,19.32,738.3359,-0.345332,0.096226,0.907842,14.33241,4.412035,224.1135
92763.53,19.32,738.505,-0.196895,0.053745,0.92542,10.69651,0.654806,223.5396
92772.38,19.32,737.715,-0.133418,-0.145474,0.980107,7.634992,-9.24906,222.0712
92773.43,19.33,737.6198,-0.084102,-0.311489,0.935186,5.769962,-16.87524,221.6085
92774.15,19.33,737.5564,-0.059199,-0.357876,0.906377,3.432961,-22.64376,221.4323
92774.24,19.34,737.5485,-0.018672,-0.448696,0.952275,1.446949,-22.85564,222.3617
92781.21,19.35,736.9249,-0.05334,-0.22311,0.983037,2.30881,-12.46076,224.8588
92772.66,19.35,737.6912,-0.031855,0.060581,0.986455,1.85054,-1.157699,227.3842
92766.38,19.35,738.2513,-0.002559,0.184604,0.983037,0.901627,8.73901,230.4733
92759.89,19.36,738.8326,-0.029902,0.376499,0.938604,0.476669,16.50086,233.0747
92759.53,19.35,738.8643,-0.031855,0.341831,0.944463,1.350322,16.60314,233.1161
92764.23,19.36,738.4442,-0.03918,0.277378,0.968877,2.451689,15.48818,232.9742
92764.59,19.37,738.4099,-0.058711,0.213413,0.984502,2.93667,12.23948,233.3052
92764.59,19.37,738.4099,-0.057734,0.171421,0.974248,3.366466,8.995478,233.6484
92767.91,19.37,738.114,-0.067988,0.042515,1.005498,3.960375,3.819003,233.8666
92769.59,19.37,737.9633,-0.002559,0.084019,1.035283,2.041579,3.867302,232.2886
92764.95,19.37,738.3782,0.056035,0.108921,0.978643,-1.355311,7.440761,225.2321
92769.63,19.38,737.9607,0.035039,0.119175,1.000615,-2.863971,10.37499,213.7967
92764.42,19.38,738.4257,-0.102656,0.106968,0.958135,-1.093858,11.04252,199.0294
92769.63,19.38,737.9607,-0.031855,0.158237,1.020146,0.733444,9.640414,182.9942
92776.66,19.39,737.3318,-0.075313,0.19437,0.958135,3.795805,10.42266,168.5681
92775.34,19.39,737.4507,-0.055293,0.110386,0.996221,3.657075,8.773997,156.927
92791.84,19.4,735.9737,-0.154414,0.060581,0.937139,6.838003,6.697289,146.5209
92768.56,19.44,738.0558,-0.149043,0.022495,1.063115,7.296146,3.124106,134.2844
92766.33,19.45,738.2566,0.143438,0.051304,0.983525,0.950465,3.080863,117.8284
92767.76,19.43,738.1271,0.035527,0.046421,1.005498,-5.417524,5.720267,95.63919
92769.55,19.41,737.9686,0.044805,0.191929,1.038213,-6.459104,10.17893,76.15691
92766.48,19.39,738.2408,0.016484,0.225132,0.981084,-7.660892,12.74597,61.40264
92764.03,19.38,738.4601,0.086797,0.25394,0.964482,-6.975041,13.09507,48.49255
92760.48,19.38,738.7798,0.04041,0.260776,0.924932,-4.762871,13.41372,36.44418
92762.81,19.39,738.571,0.080937,0.297886,0.87708,-4.16067,16.03203,29.11101
92764.88,19.4,738.3861,-0.077754,0.154819,1.135869,-1.86084,13.99156,29.37218
92765.17,19.39,738.3597,-0.024043,0.277378,0.800908,-2.505298,13.1279,33.54291
92767.18,19.4,738.18,0.074102,0.320347,1.025029,-5.31453,13.89943,38.84521
92767.18,19.4,738.18,0.178105,0.176304,0.970342,-9.334071,9.047606,42.93732
92763.56,19.4,738.5023,0.123906,0.165562,0.979131,-6.900503,9.664023,45.2169
92765.95,19.41,738.2883,-0.006953,0.098179,1.023564,-3.81572,7.341944,48.12743
92765.3,19.41,738.3491,0.267949,-0.121548,1.026006,-7.382669,6.709645,50.6981
92765.3,19.41,738.3491,0.098027,0.158726,0.832158,-7.477093,6.672742,43.58351
92771.94,19.41,737.7546,0.022344,0.157749,1.1471,-4.471961,9.435055,41.13864
92768.65,19.41,738.0479,-0.039668,0.274448,0.755986,-3.655412,7.956883,41.90646
92768.98,19.42,738.0188,0.13416,0.178257,1.070928,-5.522547,8.037409,43.30296
92770.36,19.42,737.8946,0.088262,0.320835,0.752568,-6.378233,3.844831,42.80589
92768.38,19.42,738.0717,0.02332,0.159702,1.110967,-2.899924,6.888076,44.31946
92768.12,19.43,738.0955,-0.046504,0.418979,0.817998,-1.886977,5.622011,48.50928
92771.05,19.43,737.8339,0.039434,0.050327,1.150029,-4.466172,5.149184,50.9232
92771.8,19.44,737.7678,0.069707,0.111851,0.854131,-6.102394,1.125305,49.14177
92772.75,19.43,737.6806,0.056523,0.078159,1.245732,-2.705113,3.402555,50.62688
92774.73,19.43,737.5035,0.090703,0.225132,0.764775,-1.511574,3.573796,56.03763
92769.52,19.44,737.9713,0.035527,0.042026,1.20374,-3.917481,3.421587,60.19255
92765.61,19.44,738.32,-0.048945,0.042026,0.934209,-1.360016,2.16142,92.62704
92765.31,19.45,738.3464,-0.081172,0.070835,0.9679,-3.078272,4.358445,112.6019
92762.98,19.44,738.5552,0.003301,0.047397,0.968877,-1.85284,10.56352,142.1806
92758.44,19.45,738.9621,0.150273,0.174351,1.022588,-9.371774,12.81961,165.6869
92764.39,19.45,738.4283,0.278691,0.287144,0.902471,-15.35637,20.0873,174.5462
92781.72,19.52,736.88,-0.076289,-0.140591,0.957158,2.131815,-5.967652,176.315
92765.38,19.53,738.3412,0.013555,-0.001919,0.994268,-2.752606,-2.770163,134.9698
92798.14,19.51,735.4109,0.190313,-0.137173,0.962529,-15.40812,-11.89847,299.2175
92786.86,19.5,736.4202,-0.008418,-0.049771,1.020635,3.862251,-1.878528,302.8713
92773.7,19.5,737.5961,-0.379023,0.071812,0.937139,16.41178,5.451696,305.9673
92773.7,19.5,737.5961,-0.30627,0.063022,0.807256,20.27188,8.073041,305.3856
92781.8,19.49,736.8721,-0.05334,-0.22604,0.963994,2.906382,-12.20553,306.2099
92775.22,19.49,737.4613,0.10877,-0.039517,0.961553,-5.007233,-1.833097,312.0823
92768.69,19.46,738.0452,0.278691,0.050327,0.971318,-13.87906,0.419767,318.892
92772.55,19.45,737.6991,0.286992,-0.019497,0.856084,-17.01323,-6.318256,329.1556
92777.16,19.45,737.2869,0.258184,0.02396,0.708135,-16.28081,-12.42895,328.7488
92764.39,19.45,738.4283,0.144414,0.125034,0.745244,-12.7433,-11.44628,326.6151
92771.72,19.46,737.7731,0.05457,-0.241665,1.252568,-9.472592,-9.177852,331.3752
92762.21,19.47,738.6239,0.230352,-0.200649,1.18958,-10.51276,-10.71748,342.8841
92769.09,19.46,738.0082,0.295781,0.001987,0.724736,-21.00393,-16.08814,335.9123
92780.98,19.47,736.946,0.450078,-0.361294,1.050908,-25.20304,-16.05665,341.2929
92778.69,19.47,737.1522,0.431523,-0.220669,0.767217,-24.88002,-18.39546,347.01
92788.62,19.48,736.2617,0.328984,-0.261196,1.042119,-20.79069,-15.83784,346.3851
92784.27,19.47,736.6501,0.090703,0.040073,0.901006,-0.679581,-5.674024,349.271
92772.55,19.45,737.6991,-0.33166,0.06937,0.896123,13.3675,0.954362,351.5046
92782.13,19.42,736.843,-0.371699,0.155796,0.770635,22.61571,3.69711,344.829
92782.13,19.42,736.843,-0.575312,-0.036099,0.995732,23.34853,6.469065,341.537
92781.29,19.47,736.917,-0.188594,0.172886,0.888311,14.69556,0.466351,333.0051
92769.06,19.5,738.0109,-0.00793,-0.2402,1.187627,-5.174255,-4.618213,333.487
92795.49,19.47,735.6487,0.439824,-0.207974,0.671514,-24.30714,-14.69219,339.9417
92779.31,19.47,737.094,0.740117,-0.281704,0.805791,-33.93753,-20.12674,342.2589
92779.88,19.46,737.0438,0.383184,-0.194302,0.684209,-23.12292,-17.90367,340.3774
92800.53,19.45,735.1968,0.186895,-0.262661,1.194951,-3.655581,-7.871109,340.2206
92770.48,19.44,737.884,-0.369258,0.048374,0.845342,16.95528,-0.21865,338.6492
92785.02,19.44,736.584,-0.411738,0.063022,0.867314,25.91212,5.964309,340.998
92783.62,19.47,736.7109,-0.465937,0.084507,0.921025,21.95711,-0.258134,336.6257
92774,19.5,737.5696,-0.176387,-0.023403,1.085088,3.528791,-3.661655,335.8796
92788.14,19.5,736.3066,0.086309,-0.159634,0.926396,-14.9963,-11.04019,339.0996
92781.55,19.46,736.8932,0.42127,-0.15231,0.734014,-26.74059,-14.94121,350.3692
92782.45,19.45,736.8139,0.408086,-0.085415,0.8346,-20.06852,-8.418468,356.7385
92795.3,19.45,735.6646,0.064336,-0.11813,1.038701,2.334255,-3.798011,6.246155
92777.52,19.45,737.2552,-0.267207,0.110874,0.889775,27.91669,8.488673,10.92767
92772.73,19.47,737.6832,-0.531367,0.067905,0.701787,33.63009,9.722796,14.93573
92777.05,19.47,737.2975,-0.418574,0.168979,0.860479,18.9751,5.349614,11.94836
92778.31,19.5,737.1838,0.142461,-0.144985,0.998174,-4.984753,-3.951146,8.348328
92778.31,19.5,737.1838,0.346074,-0.084438,0.840947,-23.8168,-9.034589,10.60329
92795.59,19.48,735.6381,0.371953,-0.187954,0.935674,-22.87131,-10.8577,18.64101
92792.77,19.46,735.8918,0.266484,-0.312954,0.912725,-4.333982,-19.67964,20.54286
92837.88,19.5,731.8597,-0.093379,-0.639614,0.810674,4.637345,-32.00366,10.63245
92837.88,19.5,731.8597,-0.048457,-0.639126,0.762822,5.433768,-33.04217,7.330185
92837.44,19.53,731.8993,-0.049922,-0.385708,0.929326,2.619646,-18.93339,11.951
92846.22,19.55,731.1146,0.097051,-0.096646,0.986455,-4.508443,-4.446851,17.08365
92774.38,19.54,737.5353,0.113652,0.14603,0.985479,-9.391878,5.021715,23.87912
92774.38,19.54,737.5353,0.191777,0.150425,0.930303,-9.946531,6.282278,28.04353
92766.69,19.53,738.2223,0.123906,-0.039028,0.99085,-4.837409,-1.705282,26.5807
92765.64,19.52,738.3174,0.003789,-0.383755,0.943975,2.389961,-17.09425,17.29774
92806.98,19.51,734.6208,-0.092891,-0.333462,0.909795,5.849011,-18.21574,16.64111
92856.62,19.54,730.1844,0.141973,-0.334438,0.959111,-9.938047,-17.89564,17.83369
94683.94,19.6,568.1946,0.39002,-0.311489,0.840947,-32.65366,-24.92938,30.68251
92783.52,19.6,736.7188,0.525273,-0.392056,0.669561,-31.79745,-28.14275,36.46881
92793.02,19.56,735.8707,0.322637,-0.269985,0.97376,-9.902097,-17.68708,33.99323
92770.52,19.55,737.8814,-0.076289,-0.134243,1.055303,13.12833,-2.895933,35.14606
92767.73,19.53,738.1298,-0.392695,0.092319,0.843389,25.84099,4.405367,38.51686
92769.67,19.53,737.9554,-0.375605,0.073276,0.958135,18.83299,1.665337,32.84119
92768.16,19.54,738.0928,-0.433223,-0.065884,1.007451,4.705482,-4.056694,27.62054
92773.42,19.54,737.6225,-0.144648,-0.292446,0.869756,5.841895,-20.2929,26.41051
92838.02,19.56,731.8464,-0.121699,-0.515591,0.7721,8.295779,-33.0657,22.86115
92783.2,19.57,736.7479,-0.122676,-0.446743,0.960576,5.522906,-23.06942,26.03885
92816.66,19.6,733.7568,-0.022578,-0.215298,0.942021,-0.008073,-7.491327,32.38037
92760.61,19.62,738.7666,0.206426,0.057163,1.037236,-10.46861,5.331666,38.62637
92774.81,19.59,737.4983,0.274785,0.178257,0.922002,-14.51614,10.55977,43.68413
92771.92,19.56,737.7546,0.215703,0.018589,0.955205,-9.233855,-0.931206,46.91223
92771.83,19.55,737.7651,0.258672,-0.133755,1.01624,-11.15912,-12.20469,45.43571
92783.29,19.54,736.7399,0.393438,-0.32272,0.83167,-28.26676,-23.21177,49.58365
92789.72,19.53,736.1639,0.464238,-0.318325,0.742314,-29.54379,-24.9473,53.25391
92774.39,19.51,737.5353,0.15125,-0.152798,1.185674,-6.722826,-11.04757,51.78638
92774.39,19.51,737.5353,-0.185176,-0.009731,0.983037,15.20625,3.572196,57.42529
92772.36,19.5,737.7176,-0.317988,0.148472,0.860967,24.76923,9.831491,62.21642
92776.6,19.49,737.3371,-0.322871,0.139194,0.979131,16.49525,4.044306,55.55769
92772.3,19.49,737.7229,-0.246699,-0.05563,1.011357,7.236938,-3.397758,55.26126
92772.3,19.49,737.7229,-0.093867,-0.353481,0.879033,7.65048,-21.16102,50.61697
92776.96,19.5,737.3054,-0.059687,-0.431606,0.790654,7.226724,-28.16856,49.9977
92778.05,19.55,737.2076,-0.0675,-0.396938,1.016729,1.684438,-16.98032,54.68729
92778.05,19.55,737.2076,0.146367,-0.119595,0.992803,-8.567104,-8.61939,56.96112
92775.16,19.55,737.4666,0.413945,-0.176235,0.795049,-24.5476,-14.39453,62.19744
92792.97,19.52,735.8733,0.396855,-0.253384,0.832646,-22.27592,-16.71829,64.88104
92791.83,19.5,735.9763,0.328984,-0.249478,0.950811,-14.80065,-15.46797,65.71175
92771.23,19.45,737.818,0.163457,-0.129849,1.04749,-9.573953,-11.00264,62.50668
92771.23,19.45,737.818,0.101934,-0.13229,0.983037,-8.955023,-9.100435,60.16428
92774.24,19.42,737.5485,0.12293,-0.154751,0.961553,-7.502621,-9.406187,60.56106
92770.36,19.42,737.8946,0.120488,-0.153774,0.972783,-7.316624,-9.81569,59.94248
92768.95,19.41,738.0214,0.106328,-0.182095,0.982061,-5.924344,-10.86649,59.01579
92768.02,19.42,738.1033,0.202031,-0.383267,0.860479,-7.457804,-11.9136,57.99984
92769.64,19.42,737.9607,0.198613,-0.110806,0.927861,-9.967654,-15.15183,52.6302
92765.66,19.41,738.3148,0.240117,-0.362271,0.951299,-9.772268,-16.18577,55.72054
92762.64,19.4,738.5869,-0.055781,-0.134243,1.069951,-7.902351,-15.76688,58.62589
92762.24,19.4,738.6213,0.197148,-0.315396,0.9679,-8.245291,-16.55855,62.87198
92766.78,19.39,738.2144,0.268438,-0.303188,0.924932,-12.19252,-18.50334,63.39039
92776.27,19.38,737.3688,0.434941,-0.361782,1.077275,-15.5371,-13.79494,69.42384
92794.94,19.38,735.6962,0.235234,-0.220669,0.659795,-16.40348,-8.689095,69.58725
92794.28,19.38,735.757,0.086797,-0.026333,0.769658,-16.52762,-8.926798,66.91868
92791.66,19.38,735.9922,0.140996,0.140171,1.137334,-10.05513,-13.35379,66.1694
93042.66,19.38,713.5751,0.269902,-0.360317,0.979131,-11.40459,-15.35945,70.43317
93042.66,19.38,713.5751,0.158086,-0.437466,0.940068,-13.29291,-18.89759,75.72423
92770.73,19.39,737.8603,0.229375,-0.200649,0.852666,-14.21339,-20.63968,83.18
92776.27,19.38,737.3688,0.239141,-0.299771,0.979131,-13.97115,-17.31606,92.94156
92788.58,19.36,736.267,0.211797,-0.272915,0.92835,-12.82495,-18.49305,97.92487
92784.27,19.36,736.6528,0.378301,-0.157192,0.924932,-11.22919,-18.96474,100.6745
92784.27,19.36,736.6528,0.263555,-0.304653,0.924932,-13.65486,-18.92241,98.88932
92783.19,19.35,736.7479,0.273809,-0.462368,0.877568,-13.8274,-24.01541,97.8743
92786.11,19.35,736.4863,0.329961,-0.332974,0.818975,-18.01159,-23.95312,94.62988
92788.05,19.34,736.3119,0.328496,-0.246548,0.896611,-18.68331,-20.99723,93.08183
92793.78,19.32,735.8019,0.267949,-0.256802,0.93665,-16.77368,-20.66397,97.36378
92792.02,19.31,735.9578,0.296758,-0.270962,0.864385,-17.03908,-18.85413,98.68092
92788.24,19.29,736.296,0.378789,-0.153286,0.871709,-18.2702,-18.37581,99.32675
92791.63,19.3,735.9948,0.336797,-0.190884,0.890264,-18.44143,-18.47231,101.4289
92789.91,19.29,736.1454,0.270879,-0.543423,0.92835,-18.26083,-26.19783,103.7278
92794.46,19.29,735.7411,0.321172,-0.31979,0.847783,-17.9558,-23.36327,99.41818
92793.5,19.29,735.8257,0.178594,-0.419888,0.856084,-17.42654,-19.77773,95.89558
92788.6,19.29,736.2643,0.330449,-0.150356,0.800908,-17.45856,-18.87622,89.59818
92797.15,19.29,735.5007,0.255742,-0.192349,0.847783,-17.64244,-17.34373,79.96252
92780.05,19.29,737.028,0.311895,-0.154751,1.17249,-17.00809,-13.18,71.31896
92771.52,19.26,737.7916,0.210332,-0.237759,0.786748,-16.52028,-16.4906,79.79287
92771.52,19.26,737.7916,0.194219,-0.186001,0.881963,-14.30525,-16.1731,94.38063
92771.48,19.26,737.7942,0.208379,-0.508267,1.046025,-9.600205,-19.15844,117.8597
92782.37,19.26,736.8218,0.152227,-0.387661,0.947393,-7.87364,-22.65329,130.5422
92792.27,19.26,735.9367,0.237676,-0.425747,0.918584,-9.961003,-22.72042,136.3
92792.27,19.26,735.9367,0.250371,-0.35397,0.840459,-12.01969,-23.66673,139.5658
92786.64,19.26,736.4387,0.213262,-0.319302,0.888799,-13.23565,-21.80013,142.2963
92786.42,19.24,736.4598,0.301641,-0.33981,0.867803,-14.41525,-23.15124,143.7634
92795.66,19.17,735.6328,0.250371,-0.337856,0.852666,-15.68133,-22.27229,138.6448
92799.24,19.17,735.3131,0.293828,-0.363735,0.9054,-15.52818,-22.476,135.8639
92791.05,19.17,736.045,0.389043,-0.28854,0.815557,-17.65108,-23.4402,126.5391
92784.91,19.14,736.5946,0.290898,-0.216274,0.864873,-16.18322,-20.52753,118.7667
92782.88,19.14,736.7769,0.045293,-0.244106,0.981572,-12.73201,-19.0177,121.5204
92782.28,19.14,736.8298,0.221563,-0.190396,0.883916,-9.437166,-16.57552,122.9059
92785.04,19.16,736.584,0.282109,-0.319302,1.059697,-10.30762,-16.626,122.4954
92777.77,19.15,737.2314,0.137578,-0.19186,0.834111,-11.46251,-15.87961,114.918
92780.44,19.16,736.9936,0.012578,-0.127407,1.069463,-11.78863,-12.66125,114.9555
92778.1,19.16,737.2023,0.109258,-0.253872,0.937627,-9.194708,-14.13945,125.1893
92782.38,19.15,736.8218,0.351445,-0.275845,0.947881,-12.53475,-13.87077,130.5202
92779.69,19.15,737.0623,0.153691,-0.283169,0.871221,-15.51148,-17.16559,131.3863
92780.73,19.16,736.9672,0.210332,-0.081509,0.954717,-14.01362,-14.24264,136.5821
92779.48,19.16,737.0782,0.190313,-0.341274,0.968877,-11.95906,-11.92046,148.9499
92783.09,19.16,736.7558,0.250371,-0.198208,0.776982,-10.86543,-15.60793,157.0226
92785.04,19.16,736.584,0.370977,-0.440396,1.108037,-12.26556,-20.87864,160.6408
92785.34,19.16,736.5576,0.270879,-0.219204,0.763311,-14.9453,-21.63728,149.7646
92786.13,19.13,736.4863,0.234746,-0.352993,1.085088,-13.53377,-20.90401,144.6579
92785.17,19.14,736.5709,0.323613,-0.16354,0.768682,-11.75564,-21.87285,147.1839
92781.8,19.13,736.8721,0.396367,-0.353481,0.849248,-16.06986,-23.0571,143.2131
92782.78,19.13,736.7849,0.207891,-0.141567,0.805791,-18.29533,-23.84925,130.8233
92777.88,19.13,737.2235,0.194707,-0.213345,1.027471,-15.29481,-19.05068,132.5157
92776.53,19.13,737.3424,0.421758,-0.345669,0.704717,-10.07538,-24.42783,145.4516
92775.98,19.1,737.3926,0.308477,-0.84811,1.423955,-16.24012,-26.83691,134.6224
92776.88,19.1,737.3133,0.197148,-0.122036,0.60999,-17.33676,-20.22879,130.3211
92775.11,19.08,737.4719,0.329473,-0.250454,0.526006,-13.8553,-20.48586,136.295
92775.11,19.08,737.4719,0.368535,-0.553189,1.176885,-16.88543,-23.74463,130.495
92778.77,19.09,737.1442,0.169805,-0.03854,0.821416,-16.97591,-23.81597,121.7945
92780.05,19.08,737.028,0.238164,-0.187466,0.916143,-14.9498,-23.95839,127.8701
92777.65,19.07,737.242,0.49793,-0.725552,1.317998,-17.33865,-26.75098,128.1012
92782.52,19.07,736.8087,0.28748,-0.136685,0.551885,-19.56814,-29.22376,121.6207
92780.87,19.06,736.9566,0.224004,-0.148403,1.093389,-17.99534,-23.65928,124.1489
92787.02,19.06,736.407,0.29041,-0.276821,0.648564,-16.62637,-23.33953,132.0207
92793.56,19.05,735.8204,0.335332,-0.263638,0.850225,-18.47354,-29.17194,134.0186
92786.89,19.04,736.4176,0.268438,-0.159146,0.840947,-17.21567,-21.63395,131.257
92784.13,19.03,736.6633,0.211797,-0.345669,0.997686,-15.53603,-19.84889,136.6396
92781.61,19,736.8906,0.451543,-0.319302,0.947881,-16.53666,-19.69881,141.1393
92784.32,18.98,736.6475,0.358281,-0.188442,0.672979,-16.20951,-24.46542,139.3156
92785.59,18.97,736.5339,0.303594,-0.165493,0.873662,-16.21712,-16.84035,137.4834
92781.56,18.96,736.8932,0.291387,-0.494106,1.119268,-15.6774,-22.87636,144.7043
92785.05,18.95,736.5814,0.393926,-0.328091,0.722295,-16.15621,-23.94161,145.9462
92785.11,18.95,736.5761,0.400273,-0.198208,0.671514,-17.52143,-24.92762,137.0891
92784.84,18.96,736.5999,0.191777,-0.342251,0.964971,-14.67526,-25.7772,135.1152
92780.55,18.96,736.983,0.055059,-0.263638,1.097783,-10.45894,-28.37299,140.6715
92779.33,18.97,737.094,0.195684,-0.186489,0.846807,-7.914762,-24.88701,147.8661
92790.2,18.97,736.1216,0.17127,-0.45895,1.043096,-8.250753,-24.66771,147.8431
92791.45,18.97,736.0081,0.171758,-0.124478,0.732549,-7.596873,-22.7648,146.5483
92786.55,18.97,736.4467,0.177129,-0.477505,1.14124,-8.521135,-18.53785,149.1307
92784.13,18.96,736.6633,0.298711,-0.16647,0.677861,-10.18995,-17.97555,154.2913
92783.17,18.96,736.7505,0.140996,-0.081021,0.866338,-12.30476,-18.42199,149.5966
92781.47,18.95,736.9011,0.218145,-0.479458,1.08167,-8.160725,-18.98922,157.4258
92780.71,18.94,736.9698,0.304082,-0.326626,0.84583,-10.45289,-20.62465,160.2
92808.09,18.92,734.5204,0.024785,-0.152798,0.771611,-0.564639,-13.17446,184.823
92823.22,18.88,733.1702,-0.157344,-0.068325,1.162725,1.051069,-12.51373,209.5031
92818.29,18.88,733.6115,-0.054316,-0.140591,0.838018,-0.511495,-9.57465,227.4822
92814.34,18.88,733.9629,-0.106563,-0.300747,1.056768,-1.665158,-9.255737,255.8716
92815.59,18.88,733.8519,-0.102656,-0.16354,0.961553,-1.42779,-3.160028,280.2766
92824.86,18.88,733.0223,0.155645,-0.105435,0.863896,-5.232128,-5.379008,292.8329
92816.22,18.87,733.7964,0.418828,-0.159634,0.930791,-17.5267,-5.230184,295.5643
92814.25,18.87,733.9708,0.580449,-0.060024,0.794561,-32.93775,-1.257148,295.6266
92816.52,18.87,733.77,0.610234,0.062046,0.731084,-37.84392,4.202529,292.7896
92815.96,18.88,733.8176,0.339727,0.104038,0.893193,-12.5461,2.015437,294.9377
92795.23,18.88,735.6725,-0.186641,0.030796,0.992803,16.90401,-1.665293,297.4273
92800.48,18.88,735.2021,-0.336543,-0.049282,0.908818,26.30882,-4.50381,295.5136
92801.05,18.87,735.1519,-0.100215,-0.485317,0.975713,9.522672,-2.975954,290.4793
92804.39,18.87,734.8534,-0.061641,-0.233853,0.920049,-4.843372,-5.947302,273.578
92813.27,18.87,734.0607,0.07166,-0.141567,0.989873,-5.913472,-9.559229,249.3164
92809.59,18.87,734.3883,0.192754,-0.124966,1.085088,-7.541017,-9.905999,230.0948
92803.67,18.87,734.9168,0.26209,-0.148892,0.989873,-9.579859,-9.886249,216.4401
92826.95,18.72,732.8373,-0.154902,-0.583462,1.131963,-11.45858,-20.31785,319.5324
92819.47,18.73,733.5058,0.364629,-0.210415,1.012822,-16.81494,-15.1868,321.7244
92815.52,18.73,733.8572,0.220586,0.013706,0.812627,-24.2634,-4.97926,327.5155
92801.63,18.72,735.0991,-0.174434,-0.176724,1.011846,6.922392,-12.47591,322.8826
92798.28,18.71,735.4003,-0.414668,-0.29147,0.890264,22.72409,-17.82444,319.535
92809.27,18.66,734.4174,0.46082,-0.068325,0.956182,-16.4858,-7.057442,344.7335
92801.97,18.65,735.07,0.30457,-0.498989,0.871709,-13.96679,-29.99366,340.8615
92829.96,18.66,732.5678,0.257207,-0.573208,0.713506,-16.66245,-38.86276,339.9083
92829.96,18.66,732.5678,0.185918,-0.440884,0.962529,-4.429669,-16.53328,343.1127
92805.42,18.67,734.7609,0.175176,-0.361782,0.885869,-10.03203,-24.10624,344.9355
92818.59,18.67,733.5825,0.203008,-0.350063,0.833135,-11.23452,-29.79817,343.2484
92821.22,18.67,733.3499,0.492559,-0.37936,0.961553,-19.09845,-25.64723,345.3787
92816.72,18.68,733.7515,0.556523,-0.28854,0.827764,-43.22495,-14.74563,348.089
92814.71,18.68,733.9312,0.653691,-0.140591,0.439092,-51.29128,-14.71208,355.1922
92813.7,18.67,734.0211,0.505254,-0.035122,0.763799,-31.44621,-9.787247,357.092
92807.81,18.68,734.5469,0.107793,0.140171,1.053838,-9.874379,1.322884,359.0186
92810.7,18.67,734.2879,-0.151484,0.230503,0.978154,6.188295,8.420687,1.498001
92810.11,18.68,734.3408,-0.353145,0.227573,0.866826,15.65633,8.652658,3.622772
92827.27,18.65,732.8082,0.026738,-0.37106,0.897588,1.170294,-21.27789,355.5423
92826.44,18.67,732.8822,0.1825,-0.305142,0.922979,-8.865526,-16.8367,356.7733
92805.16,18.67,734.7847,0.23377,-0.172817,0.918096,-14.51647,-10.70774,358.3522
92806.67,18.66,734.6499,0.225469,-0.153286,0.95667,-11.48329,-8.651555,4.77829
92811.36,18.67,734.2298,0.174688,-0.075161,1.009893,-8.621512,-6.05103,4.836685
92809.69,18.67,734.3804,0.107305,-0.039028,0.984502,-6.595212,-2.364011,5.809692
92809.69,18.67,734.3804,0.111211,-0.007778,0.946416,-6.729455,-0.303256,6.264496
92809.59,18.66,734.3883,0.09168,0.013218,1.014775,-6.22999,-0.332015,6.183609
92815.31,18.67,733.8757,0.062871,0.002476,1.015264,-4.354316,-0.087168,7.266708
92816.63,18.67,733.7595,0.075078,-0.013149,0.984014,-4.513708,-0.867364,9.050232
92816.63,18.67,733.7595,0.106328,-0.021938,0.982549,-7.098653,-0.444799,10.66965
92822.44,18.66,733.239,0.122441,0.108433,0.982061,-7.534959,2.442235,15.38498
92812.88,18.66,734.095,0.132207,0.118198,1.020146,-5.763155,3.230911,19.6048
92817.58,18.67,733.6749,0.07752,0.022007,0.963506,-4.756456,0.513373,20.22102
92820.77,18.66,733.3895,0.092168,-0.028286,0.941045,-6.026895,-2.09462,18.58636
92817.19,18.66,733.7093,-0.016719,0.11771,1.065557,-7.048504,-1.185442,16.93204
92824.02,18.65,733.0989,0.04627,0.046909,0.968389,-10.22227,0.579084,28.67502
92824.97,18.65,733.0143,0.289922,-0.1777,0.971807,-12.78541,-2.20302,48.91283
92829.96,18.66,732.5678,0.357305,-0.100552,0.872197,-17.03671,-5.530097,67.46661
92827.2,18.64,732.8135,0.21668,-0.023403,1.00501,-16.38676,-8.734628,86.8324
92812.09,18.64,734.1638,0.21375,-0.186978,1.064092,-17.57723,-12.14736,99.49718
92821.36,18.62,733.3367,0.307988,-0.171353,0.887334,-11.38746,-5.818593,104.7109
92826.71,18.63,732.8585,0.125859,0.028843,0.971807,-11.17947,-2.044502,100.8719
92832.89,18.62,732.3062,0.123418,0.142124,0.97376,-12.47985,1.386926,94.91048
92840.21,18.63,731.6509,0.233281,0.110874,0.951299,-14.0465,3.589337,93.57809
92843.2,18.63,731.384,0.159063,0.112827,0.999639,-10.1812,5.037299,95.60652
92853.16,18.61,730.4936,0.113164,0.079136,0.990361,-7.657438,3.975574,95.2739
92853.16,18.61,730.4936,0.124883,0.10355,1.012822,-7.651573,4.642641,95.6582
92850.11,18.56,730.7657,0.151738,0.062534,0.944951,-7.782331,3.367828,97.36879
92851.68,18.56,730.6257,0.124883,0.071812,1.063115,-6.177904,3.870131,98.0616
92837,18.53,731.939,0.083379,0.111362,1.049932,-5.580139,3.194247,95.48553
92837,18.53,731.939,0.067266,0.150913,1.006475,-6.894632,4.879957,94.65053
92843.31,18.51,731.3735,0.065312,0.21439,1.100225,-12.10715,6.446257,105.5494
92802.75,18.49,734.9987,0.095586,0.045933,0.827764,-15.93193,8.066472,124.1878
92802.75,18.49,734.9987,0.280156,0.016636,1.0221,-8.940109,6.765733,142.7722
92808.4,18.5,734.494,0.162969,0.198765,0.967412,-4.627924,3.374723,147.3419
92842.72,18.51,731.4263,-0.054805,0.214878,0.99915,-9.618791,4.558969,141.8411
92818.67,18.5,733.5771,0.161504,-0.102017,1.06458,-14.50354,6.397129,150.0955
92815.13,18.51,733.8942,0.213262,0.000034,0.797002,-14.39814,2.767574,163.1084
92845.67,18.51,731.1621,0.44373,0.054722,1.040654,-15.81777,3.615057,161.6843
92843.97,18.51,731.3154,0.375859,0.044956,0.753545,-18.89861,1.589987,164.217
92856.41,18.5,730.2029,0.411504,-0.373501,0.880986,-18.11813,-8.744366,322.9783
92857.46,18.51,730.1105,0.331914,-0.141567,0.724248,-16.29285,-11.25563,331.789
92855.85,18.51,730.2532,0.104863,-0.144497,1.107549,-14.56279,-10.12731,2.954758
92846.5,18.5,731.0881,0.252324,-0.166958,0.912236,-14.63139,-12.89266,38.25237
92848.43,18.49,730.9164,0.33875,-0.187954,1.075322,-22.65666,-9.782343,33.16208
92843.14,18.49,731.3893,0.328008,-0.113735,0.793584,-34.35663,-5.699967,30.985
92846.2,18.5,731.1146,0.493047,-0.116665,0.774053,-27.57451,-10.61866,42.60121
92844.88,18.5,731.2335,0.291387,-0.168423,0.97376,-14.74104,-11.60588,48.38667
92846.55,18.5,731.0828,0.183965,-0.130337,0.999639,-10.29049,-9.204269,49.81451
92846.5,18.5,731.0881,-0.102168,0.084507,1.026494,-2.115091,-3.746578,52.46864
92840.28,18.5,731.6456,-0.249629,-0.135708,1.015264,18.97701,1.129482,57.44365
92841,18.5,731.5796,-0.560176,-0.015591,0.833135,24.74908,-1.168501,52.16985
92840.25,18.49,731.6483,-0.354609,0.003452,0.981572,20.03979,-1.127531,50.96605
92835,18.49,732.116,-0.088984,-0.015103,1.135381,-7.027421,0.673021,45.85213
92835.92,18.49,732.0341,0.505742,0.144565,0.651982,-36.47927,11.77682,38.44414
92829.94,18.48,732.5704,0.076543,-0.056606,1.133916,2.753429,-5.948462,49.20114
92833.88,18.48,732.2164,-0.333613,-0.228481,0.971318,26.84313,-14.14615,46.44626
92835.16,18.48,732.1028,-0.466914,-0.226528,0.771611,29.11935,-13.82131,45.30228
92835.85,18.48,732.0394,-0.397578,-0.21481,0.958623,13.55106,-9.036211,46.07681
92827.38,18.49,732.7977,-0.17248,-0.11813,0.964971,-0.924797,-4.227732,48.94363
92823.02,18.48,733.1887,0.04627,-0.059048,0.963018,-3.212605,-5.563344,53.25906
92825.61,18.47,732.9562,0.095586,-0.08981,1.030889,-3.96502,-5.079868,56.40855
92841.97,18.47,731.4951,0.056523,-0.16061,1.006963,-3.60952,-7.394321,49.67365
92841.73,18.48,731.5135,0.042852,-0.259243,0.850225,-6.413002,-15.23087,26.63493
92840.42,18.48,731.6324,0.204961,-0.30563,0.829717,-11.87464,-16.36597,2.360886
92840.42,18.48,731.6324,0.214238,-0.456021,0.90833,-14.80678,-19.50589,16.55751
92871.75,18.46,728.8316,0.26502,-0.246548,0.872686,-12.81493,-22.68139,20.13754
92872.8,18.46,728.7391,0.191289,-0.390591,1.224248,-11.9808,-19.6133,25.85754
92867.25,18.47,729.2359,0.221563,-0.080044,0.907354,-11.10835,-15.0961,22.52339
92867.25,18.47,729.2359,0.254277,-0.265103,0.779912,-16.4627,-16.98277,17.55217
92867.58,18.47,729.2068,0.378301,-0.611782,1.359014,-20.62548,-18.21379,4.996872
92869.55,18.47,729.0298,0.061895,0.045444,0.859014,-18.81043,-20.57972,356.7266
92863.9,18.49,729.5345,0.324102,-0.320767,0.885381,-17.53147,-22.83524,0.42543
92863.9,18.49,729.5345,0.382207,-0.287075,0.7096,-20.54339,-22.92888,1.634628
92857.43,18.5,730.1131,0.281133,-0.432095,0.968389,-18.21354,-22.73566,357.6447
92853.69,18.49,730.446,0.32752,-0.16647,0.698369,-19.51074,-20.08319,355.7106
92854.15,18.47,730.4064,0.27625,-0.738247,1.140264,-18.93529,-21.35106,358.2635
92854.15,18.47,730.4064,0.173223,-0.306118,1.073857,-18.78086,-22.08627,359.3242
92870.13,18.29,728.9796,0.194707,0.671421,0.597295,-4.027335,30.80687,174.1496
92872.83,18.3,728.7365,0.149785,0.60355,0.836064,-10.02687,26.63433,171.9905
92839,18.3,731.7593,-0.047969,0.142612,0.986455,5.836702,7.284619,177.7779
92844.36,18.31,731.281,-0.361934,0.171421,0.891729,23.24292,4.661157,183.9076
92848.86,18.3,730.8794,-0.595332,0.136753,0.831182,30.19646,5.050452,190.272
92821.64,18.2,733.3103,0.161016,-0.30856,1.023076,-10.48011,-12.68655,33.21773
92825.45,18.19,732.9694,0.274785,-0.305142,0.927861,-14.01799,-14.69749,34.43468
92814.84,18.18,733.918,0.17957,-0.198696,1.30042,-7.324055,-8.287477,28.5874
92820.09,18.18,733.4503,0.224004,0.039585,0.671514,-6.564162,-6.773072,34.91003
92820.06,18.17,733.4529,0.166875,-0.238247,1.119268,-9.995032,-12.38045,35.70496
92819.41,18.17,733.5111,0.110234,0.021519,0.89417,-9.936464,-12.41657,36.28888
92795.11,18.17,735.683,0.130742,-0.197231,1.283818,-4.706185,-8.458876,46.61328
92791.17,18.17,736.0345,0.161016,0.000522,0.753545,-7.98648,-5.485232,58.74516
92799.05,18.17,735.329,0.395391,-0.278286,1.150518,-12.89444,-12.85706,63.71103
92797.64,18.16,735.4558,0.250859,0.012241,0.713018,-14.58281,-6.326278,56.03437
92802.63,18.17,735.0093,0.278203,-0.361294,1.419072,-6.768425,-6.349325,61.59069
92799.94,18.16,735.2497,0.229375,-0.022915,0.870244,-8.823523,-4.485247,62.54998
92798.63,18.16,735.3686,0.370977,-0.395474,1.215947,-10.33669,-10.06842,59.1932
92804.5,18.16,734.8428,0.126836,0.02396,0.847783,-12.62413,-9.081719,50.334
92796,18.16,735.6038,0.080937,-0.188931,1.150518,-10.15318,-10.04702,60.3661
92801.58,18.16,735.1044,0.298711,-0.167935,0.751104,-12.15594,-10.22197,72.43742
92806.17,18.16,734.6948,0.255742,0.022495,0.712529,-12.83997,-10.71751,79.25727
92805.09,18.15,734.79,0.208379,-0.090786,0.910283,-14.06171,-6.782301,90.56689
92805.52,18.16,734.7529,-0.018184,-0.16061,1.170537,-10.04849,-5.118336,96.13336
92813.34,18.16,734.0527,0.161992,-0.189419,1.014775,-11.82735,-4.466405,101.4508
92820.85,18.15,733.3816,0.21082,-0.137173,0.664678,-13.25349,-10.61964,95.09631
92821.34,18.13,733.3367,0.140508,-0.185513,1.070439,-8.42592,-9.210339,88.76347
92811.23,18.11,734.2404,0.147344,-0.050259,0.716436,-7.534076,-12.27846,90.74282
92811.66,18.12,734.2034,0.305059,-0.383755,0.992803,-10.78656,-12.71215,89.45959
92814.52,18.11,733.9471,0.208379,-0.138638,0.668096,-11.81607,-14.81454,84.80422
92814.52,18.11,733.9471,0.200566,-0.196743,1.172979,-10.03689,-10.00926,82.07819
92810.9,18.11,734.272,0.118535,-0.093716,0.779424,-9.326558,-11.007,85.23671
92808.57,18.1,734.4781,0.375859,-0.345669,1.064092,-12.70196,-10.24756,88.50317
92805.95,18.1,734.7133,0.238652,0.005894,0.694463,-16.16231,-11.11321,85.80532
92805.95,18.1,734.7133,0.140996,-0.032192,1.116338,-15.65666,-7.618579,86.87524
92808.93,18.11,734.4465,0.153691,-0.043911,0.805303,-11.06087,-7.633814,98.01228
92815.83,18.11,733.8308,0.299688,-0.275356,1.069951,-14.36566,-12.46354,101.9015
92823.38,18.11,733.1544,0.245488,-0.051724,0.855596,-15.57312,-10.84006,98.09696
92824.95,18.1,733.0143,0.226934,-0.154751,1.171025,-12.7953,-6.882586,100.8995
92814.77,18.1,733.9259,0.266973,-0.029751,0.705693,-11.75396,-4.956246,108.6533
92813.43,18.1,734.0448,0.362188,-0.183071,0.989385,-14.66597,-9.902296,110.2731
92821.96,18.1,733.2812,0.300664,-0.049282,0.984502,-15.54821,-8.651369,107.0919
92824.23,18.09,733.0804,0.361699,-0.234829,1.172002,-14.58241,-11.64623,107.3875
92826.16,18.09,732.9086,0.238164,-0.061001,0.688604,-13.45903,-11.37764,108.2121
92821.6,18.09,733.3156,0.333379,-0.271938,0.981084,-16.17249,-10.76047,102.9883
92809.98,18.08,734.3513,0.265508,-0.029263,0.767217,-17.84124,-10.90028,98.78601
92812.61,18.08,734.1188,0.278691,0.019565,0.997197,-15.87907,-6.253482,95.28026
92811.92,18.08,734.1796,0.181035,-0.134731,0.967412,-15.00374,-6.066655,98.74091
92813.23,18.08,734.0634,0.221563,-0.02731,0.987432,-12.35144,-6.838917,100.9861
92810.31,18.08,734.3223,0.194219,-0.198208,0.902471,-13.77991,-7.067451,99.7998
92806.05,18.08,734.7054,0.289434,-0.112271,0.943486,-13.5826,-10.71202,103.1196
92808.59,18.07,734.4781,0.173711,-0.101528,0.992803,-12.77972,-8.172929,103.6335
92811.16,18.07,734.2483,0.245,-0.055142,0.968877,-14.28492,-4.429865,99.93439
92812.47,18.07,734.1294,0.192754,0.005894,0.937627,-13.74742,-2.654826,100.9475
92812.47,18.07,734.1294,0.319707,0.0098,0.932256,-16.60956,-2.078325,99.94801
92802.27,18.06,735.0436,0.195195,0.018101,0.970342,-12.72925,-3.337267,102.8179
92787.23,18.07,736.3859,0.082891,-0.055142,0.92835,-9.215278,-3.518114,107.6643
92773.45,18.07,737.6198,0.160527,0.014683,0.982549,-9.406161,-11.09803,110.4674
92773.45,18.07,737.6198,0.160527,-0.218228,1.06165,-8.84886,-8.835689,111.7695
92791.83,18.07,735.9763,0.155156,-0.169888,0.988896,-9.555218,-8.651559,114.5466
92810.86,18.07,734.2747,0.34998,0.002964,1.031865,-12.59392,-4.104568,117.0211
92812.77,18.06,734.103,0.357305,-0.069302,1.036748,-17.99117,-6.704126,115.4926
92804.66,18.07,734.8296,0.308965,0.002476,0.971318,-12.78901,2.165942,114.4107
92819.5,18.05,733.5032,0.059941,0.073276,1.010869,-0.216227,2.718006,116.3824
92805.02,18.01,734.7952,-0.163691,0.065464,0.86292,4.064687,3.947495,118.9526
92806.16,17.99,734.6948,0.151738,-0.145474,0.875615,-1.858172,1.358886,129.573
92803.9,17.96,734.8956,0.210332,-0.133755,0.884404,-8.408945,-3.602273,130.5253
92804.32,17.93,734.8586,0.063848,-0.308071,0.923955,1.61167,-5.172572,119.7229
92814,17.92,733.9946,0.048223,0.132358,1.000127,0.16884,4.885871,111.1729
92816.3,17.92,733.7885,0.299199,0.377964,0.910771,0.149329,6.747248,111.7685
92822.86,17.92,733.202,-0.133906,0.25687,0.938604,1.856006,10.32732,114.0984
92813.47,17.9,734.0422,0.010137,0.306187,1.073369,-1.603419,8.92637,117.2186
92816.39,17.89,733.7806,0.120488,0.159702,0.941533,-2.614768,8.729043,118.8288
92815.05,17.89,733.8995,0.111211,0.199253,1.000127,-5.461019,9.137638,121.36
92811.41,17.89,734.2245,-0.054316,0.216831,0.935186,-0.592753,6.823228,130.6597
92796.31,17.89,735.5747,0.050176,-0.317837,0.818486,4.545701,4.840503,127.4333
92807.37,17.91,734.5865,-0.17248,0.133335,0.964482,11.7703,8.050927,129.7954
92797.16,17.91,735.4981,-0.130977,0.246128,0.961064,5.988294,9.947237,129.9147
92809.23,17.9,734.42,-0.062129,0.279819,0.949834,3.803854,15.42552,130.1414
92812.62,17.88,734.1188,-0.135371,0.415073,0.919561,4.531479,25.09093,131.5437
92819.8,17.87,733.4741,-0.011836,0.460483,0.937139,1.368627,25.73492,131.6482
92818.48,17.87,733.593,-0.03625,0.511265,0.893682,2.427709,28.10127,131.4415
92818.64,17.86,733.5798,-0.104609,0.490757,0.887822,3.301104,26.26039,133.4288
92814.95,17.85,733.9101,-0.063105,0.406284,0.896611,3.158952,23.19071,134.1326
92812.73,17.82,734.1056,0.062871,0.353062,0.958135,-0.747293,24.67704,133.7578
92818.41,17.8,733.601,0.005254,0.227573,0.718389,3.839487,28.80142,135.589
92821.79,17.81,733.2971,0.09168,0.33353,0.927861,4.696259,30.55944,138.1091
92842.72,17.8,731.4263,-0.202266,0.728061,0.697881,2.625697,41.11419,138.4866
92842.72,17.8,731.4263,-0.14416,0.8848,0.539678,1.391889,54.83169,139.9485
92825.73,17.81,732.9456,-0.148555,0.9473,0.398564,-0.691865,61.15922,141.396
92826.52,17.82,732.8743,-0.08459,0.943882,0.368779,-0.180871,62.84029,142.0783
92823.86,17.82,733.1121,-0.248652,0.768101,0.619756,-0.233171,56.86091,142.7012
92823.86,17.82,733.1121,-0.118281,0.732456,0.676885,-1.508468,32.33005,133.5929
92832.55,17.8,732.3353,0.076543,0.129917,0.979131,-2.848494,7.587826,127.2031
92802.77,17.78,734.9987,-0.159785,0.115269,1.145146,-4.354798,3.719528,126.8231
92802.69,17.73,735.004,0.120977,-0.125942,0.774541,-7.185039,3.684889,125.2411
92804.55,17.72,734.8375,0.030645,0.050327,1.0221,-7.328756,3.981165,128.9441
92801.17,17.71,735.1414,-0.08459,0.018101,0.631475,-4.360929,2.472311,134.951
92795.89,17.71,735.6117,0.148809,0.05228,1.145146,-7.373359,2.053373,135.8164
92803.14,17.71,734.9644,-0.043086,0.207554,0.969365,-5.431923,5.36337,135.4159
92799.95,17.72,735.2497,0.174688,0.176304,0.893193,-8.042819,5.4846,130.9293
92799.72,17.7,735.2709,0.051152,-0.000454,1.447881,-3.24841,1.836566,135.4719
92801.69,17.7,735.0938,0.296758,0.05521,0.776494,1.869282,2.833809,140.9289
92798.41,17.7,735.3871,-0.079219,0.008335,0.556768,7.500743,-0.226463,144.1906
92802.97,17.69,734.9802,-0.461543,-0.356899,0.706182,4.968154,-1.154021,149.67
92797.81,17.67,735.4399,0.115605,-0.042935,1.12415,-3.534706,-1.325711,154.8065
92804.94,17.66,734.8032,-0.262324,0.505894,0.906377,0.736307,17.67729,163.6886
92825.42,17.64,732.972,0.042852,0.790073,0.775029,-3.032066,36.94027,169.079
92837.91,17.61,731.8571,0.107793,1.20853,0.262334,-3.38428,49.72909,171.6962
92825.64,17.6,732.9536,-0.106074,1.076206,0.158818,-5.809845,63.29222,174.0736
92823.05,17.6,733.1835,0.00916,1.057651,0.024541,-4.441022,68.76745,175.1463
92825.59,17.63,732.9589,0.035527,1.063999,0.041631,-5.466763,70.05376,175.6905
92827.19,17.62,732.8162,-0.020137,1.032749,0.080205,-5.777592,69.61738,174.632
92824.75,17.54,733.0328,0.191777,0.918491,0.276982,-7.77344,63.62798,172.4586
92824.75,17.54,733.0328,-0.057734,0.843296,0.531377,-10.99367,46.96668,166.7233
92835.26,17.51,732.0922,0.032598,0.904331,0.740361,-11.5929,45.57808,171.4881
92840.92,17.48,731.5875,-0.012324,0.918003,0.501104,-8.045543,51.96329,166.2327
92826.17,17.49,732.906,0.128301,1.088413,0.604619,-6.881677,52.95091,167.8192
92826.17,17.49,732.906,-0.040156,0.800815,0.526494,-2.587814,54.43875,169.9804
92826.44,17.51,732.8822,0.058965,0.976597,0.360479,-2.874289,57.59674,174.8961
92823.03,17.53,733.1861,-0.040156,0.965366,0.494268,-3.053256,54.17435,174.7236
92832.34,17.51,732.3538,-0.07043,0.810093,0.577764,-1.975827,53.60407,172.7009
92832.34,17.51,732.3538,-0.061152,0.988315,0.541143,-0.194524,56.05337,172.8384
92834.52,17.47,732.1609,-0.116816,0.829136,0.537725,3.724223,54.72089,173.4517
92834.77,17.43,732.1371,-0.099238,0.761753,0.738408,2.205654,49.07759,176.0618
92840.48,17.38,731.6271,-0.096797,0.66312,0.610967,2.366507,44.31061,187.5159
92840.48,17.38,731.6271,0.156133,0.793491,0.745244,-3.427574,43.22706,200.6502
92840.48,17.38,731.6271,-0.038691,0.675327,0.58167,-3.888747,39.31974,211.7001
92827.97,17.37,732.7448,0.202031,0.488804,1.00208,-7.41624,28.11439,209.9914
92828.34,17.34,732.7105,0.01502,0.508823,0.887334,-6.278403,30.61974,207.0946
92833.65,17.31,732.2375,0.021855,0.482456,0.858037,-3.132512,30.42563,205.3763
92831.35,17.32,732.4436,0.032109,0.480015,0.909307,-2.756665,30.24969,205.0985
92826.07,17.31,732.9139,-0.000117,0.500522,0.900029,-2.526466,28.8421,206.7122
92828.79,17.29,732.6708,0.030645,0.49564,0.912236,-1.772374,28.24764,208.8634
92829.94,17.27,732.5704,0.02332,0.50687,0.864873,-2.768226,29.38941,210.3353
92829.63,17.24,732.5969,0.036504,0.469272,0.881475,-2.735727,28.04021,211.1972
92827.64,17.21,732.7739,0.019902,0.445347,0.884893,-1.921194,26.05736,214.7108
92831.21,17.2,732.4542,0.036992,0.46146,0.888311,-1.524034,26.29903,220.6899
92828.13,17.19,732.7316,0.036504,0.525913,0.932744,-1.038925,26.85399,223.2383
92828.7,17.15,732.6814,-0.058223,0.440952,0.90833,3.457852,23.57383,222.1361
92825.82,17.09,732.9377,-0.059687,0.372593,0.931279,3.980533,20.11773,216.4885
92820.23,17.06,733.4371,0.001348,0.41019,0.918096,4.328553,19.77702,206.5605
92815.99,17.03,733.8149,-0.035762,0.29105,0.985479,6.382846,15.40835,186.0651
92821.45,17.02,733.3261,-0.143184,0.229038,1.066045,8.167005,13.71227,165.229
92817.78,17.01,733.6564,-0.023066,0.153843,0.89124,15.89596,7.013124,147.3882
92812.68,17.02,734.1135,-0.09875,0.017612,0.951787,20.18151,6.405333,137.7318
92818.82,17.05,733.564,-0.339473,-0.036099,0.933232,19.07194,5.289088,133.9578
92822.7,17.07,733.2151,-0.218379,0.056675,1.064092,18.41646,6.795722,134.1786
92818.51,17.08,733.5903,-0.346309,0.056187,0.946904,18.89179,8.087623,135.5437
92820.64,17.1,733.4001,-0.372187,0.143101,0.933721,19.35525,9.072749,135.2711
92819.11,17.11,733.5375,-0.102168,0.158237,0.973271,18.40646,9.607361,134.3273
92817.87,17.11,733.6485,-0.215449,0.326694,0.965459,14.1338,12.38698,134.0598
92812.63,17.11,734.1161,-0.142207,0.278354,0.954717,11.55393,13.64508,134.3454
92815.9,17.11,733.8229,-0.185176,0.304233,0.932744,10.07918,16.7755,134.0709
92809.78,17.13,734.3698,-0.250117,0.218296,0.919072,9.9628,15.35998,135.9111
92809.38,17.12,734.4068,-0.134883,0.278843,0.985479,9.154566,13.69152,137.7614
92810.75,17.09,734.2853,-0.124141,0.154331,0.977178,7.587042,10.19325,139.0836
92811,17.08,734.2615,-0.111445,0.147495,0.971807,6.328397,8.624043,139.744
92805.83,17.09,734.7239,-0.125117,0.20853,1.002568,6.115062,9.024817,140.6733
92797.2,17.08,735.4954,-0.107539,0.150913,0.997197,4.444755,8.611716,141.791
92797.2,17.08,735.4954,-0.104609,0.170444,1.004033,5.458998,9.025098,142.7731
92796.84,17.08,735.5272,-0.102168,0.124546,0.993291,4.603144,7.929596,144.2285
92804.84,17.09,734.8111,-0.091914,0.183628,0.987432,3.616192,8.576728,145.7102
92806.71,17.08,734.6447,-0.074336,0.197788,0.998662,4.157763,10.43377,146.4435
92812.06,17.09,734.1664,-0.12707,0.184116,0.955205,6.651834,10.72818,147.5367
92806.78,17.09,734.6393,-0.099238,0.155308,0.971807,5.687721,9.206653,148.1082
92792.2,17.07,735.942,-0.068965,0.168003,1.004033,4.990969,8.075328,149.2591
92792.2,17.07,735.942,-0.006953,0.082065,1.010381,2.103187,5.515699,150.5638
92797.5,17.08,735.469,-0.079219,0.113804,0.998174,-0.907157,4.363461,157.1971
92792.14,17.1,735.9473,0.09998,0.152378,0.963506,-4.534656,7.156771,159.3725
92785.09,17.11,736.5761,0.121465,0.212925,0.982061,-7.864364,10.04785,159.7694
92788.81,17.13,736.2458,0.126836,0.19144,0.99085,-7.388295,10.72694,161.588
92788.91,17.14,736.2379,0.104375,0.254429,1.019658,-5.54211,12.12222,162.4262
92794.16,17.14,735.7676,0.052129,0.157261,0.949834,-1.561666,8.485421,166.7003
92790.18,17.13,736.1243,-0.075313,0.170444,0.984014,3.183647,6.242643,171.0513
92792.7,17.12,735.897,-0.133418,0.099644,0.946416,6.976722,7.371841,173.3783
92788.56,17.1,736.267,-0.232051,0.247593,0.842412,6.594162,10.34643,172.6349
92782.83,17.08,736.7796,0.034063,0.24271,1.069463,3.532869,12.20414,170.529
92780.34,17.1,737.0015,0.182988,0.340366,0.967412,-0.244461,13.64352,170.3903
92781.36,17.1,736.9117,0.020391,0.414097,0.937139,-1.481033,17.16167,172.077
92778.47,17.11,737.1707,0.048223,0.248569,0.961553,-2.900937,16.97422,174.1201
92778.32,17.13,737.1838,0.035039,0.251499,0.941533,-1.807408,16.12816,175.3126
92776.78,17.13,737.3212,-0.014766,0.279331,1.009404,0.166019,16.15013,176.9142
92782.42,17.14,736.8166,-0.01623,0.104038,0.931768,1.570987,4.098514,178.7515
92785.98,17.14,736.4969,-0.003047,-0.030728,1.006963,-1.545108,1.496033,183.5277
92787.2,17.13,736.3885,-0.071406,-0.043423,0.877568,-1.815337,-3.89135,188.36
92793.31,17.12,735.8442,0.028691,-0.276821,1.115361,-3.67573,-2.665713,192.481
92795.58,17.11,735.6407,0.031133,-0.020474,1.031865,-5.841266,2.97872,193.7883
92798.2,17.11,735.4056,0.027227,-0.22311,1.013799,-1.107199,-1.772446,198.1143
92799.26,17.12,735.3131,-0.015742,-0.061489,0.892217,-0.205564,-7.664511,208.388
92811.71,17.12,734.1981,0.016484,-0.108364,1.056279,2.370543,2.256655,215.5091
92807.42,17.12,734.5812,0.211309,0.091831,1.052861,2.121268,6.458814,223.6461
92811.2,17.14,734.2457,0.047246,0.205601,0.904424,1.420681,7.458394,226.1635
92813.36,17.16,734.0501,0.00916,0.296909,0.976201,-0.658456,10.68156,229.5663
92808.84,17.16,734.4544,-0.042598,0.309604,1.047979,-2.062866,9.737969,231.545
92813.43,17.16,734.0448,-0.017207,0.145054,0.971318,-1.336638,10.09717,234.1554
92813.61,17.18,734.029,0.014531,0.306187,1.013311,0.990325,9.244637,235.6582
92807.97,17.17,734.5336,-0.100703,0.161167,0.990361,3.138427,3.873045,236.4337
92803.99,17.17,734.8877,-0.016719,0.136265,1.098271,2.893958,5.004394,236.5606
92809.17,17.16,734.4253,0.027715,0.078647,1.023076,4.223049,2.740115,236.1581
92808.26,17.17,734.5072,0.007695,0.036167,0.908818,0.146108,5.465328,238.9062
92811.09,17.19,734.2535,-0.14416,0.132847,0.887822,-5.94792,11.7152,252.3462
92806.55,17.16,734.6605,0.485234,0.279331,1.253545,-9.621716,4.783264,269.3928
92808.58,17.07,734.4781,0.19959,0.186069,1.0221,-6.620547,8.128154,268.3953
92819.7,17.03,733.4847,0.208867,0.312534,0.779424,-9.868703,5.956911,258.6038
92812.28,17.02,734.1479,0.17957,0.354526,0.873662,-8.447608,5.978535,259.536
92807.48,17,734.5759,0.149297,0.175815,1.017705,-7.157827,4.807214,261.0726
92811.02,16.99,734.2589,0.098027,0.218296,0.958623,-6.307648,4.553447,264.6432
92808.92,16.97,734.4465,0.048711,0.137729,1.032354,-3.439023,3.089608,267.3606
92807.41,16.95,734.5839,0.173711,0.015659,1.01917,-5.1203,5.962957,266.0543
92810.88,16.94,734.272,0.179082,0.331577,1.000127,-7.595518,1.681068,268.6738
92804.73,16.92,734.8217,-0.047969,0.035679,0.915654,-4.17008,1.48561,273.6201
92810.97,16.89,734.2642,-0.034785,0.000522,0.879033,0.111696,2.335026,278.9467
92808.56,16.84,734.4808,-0.009883,0.277378,1.041631,-0.712385,7.715769,282.3269
92815.78,16.81,733.8334,0.21668,0.013218,0.88001,-1.998914,4.8362,283.9686
92810.69,16.79,734.2906,-0.021602,0.120151,0.988408,-3.052204,6.961326,279.7525
92816.64,16.76,733.7568,0.08582,-0.000454,1.093877,-0.438613,6.001389,272.1132
92810.33,16.72,734.3223,0.136113,0.107456,0.963506,-3.460027,5.755405,269.836
92809.47,16.7,734.3989,-0.072871,0.145054,0.993291,-2.607695,4.905213,273.1718
92810.08,16.7,734.3434,0.149785,-0.033657,0.935674,-3.770544,5.351246,279.7126
92810.28,16.65,734.3276,-0.042598,0.267612,1.017217,-3.02163,9.216352,286.0207
92818.4,16.65,733.601,-0.012324,0.232944,1.099736,-1.965887,9.44241,288.1616
92817.13,16.65,733.7145,0.174688,0.323276,0.936162,-1.375411,10.11047,284.9893
92820.87,16.66,733.379,-0.024043,0.132847,0.896611,0.642953,5.006209,288.3323
92819.5,16.63,733.5032,0.031133,0.061069,0.913701,-0.064802,4.351386,286.8869
92820.61,16.61,733.4028,0.038945,0.198276,0.975225,-1.029107,11.69108,285.7933
92828.62,16.59,732.6867,-0.004023,0.188511,0.932256,-3.082778,13.1656,288.6188
92829.82,16.58,732.581,0.020391,0.261753,0.982549,-3.091943,15.78764,290.5075
92837.52,16.53,731.8914,-0.001582,0.349644,0.999639,-2.551705,16.51114,290.4276
92831.92,16.5,732.3907,0.012578,0.357456,0.968877,0.236822,18.93826,288.0998
92833.68,16.48,732.2349,0.056035,0.422886,0.892705,0.2524,23.6705,284.3088
92828.41,16.47,732.7052,-0.034297,0.243687,0.770635,-0.167174,19.3858,287.1926
92835.35,16.48,732.0843,0.025273,0.362827,1.151494,-2.148384,18.1997,290.9348
92833.85,16.49,732.219,0.064824,0.346714,0.92835,-4.703672,16.71601,294.9127
92833.85,16.49,732.219,0.106328,0.336948,0.962529,-7.761765,18.14219,294.7595
92836.41,16.49,731.9918,0.090703,0.169956,0.931279,-6.230478,16.03557,293.4337
92832.63,16.47,732.33,0.112187,0.233921,0.992803,-6.999994,13.96316,292.3366
92818.82,16.43,733.564,0.116582,0.234897,0.963506,-6.926435,12.65591,292.9242
92818.82,16.43,733.564,0.115117,0.275425,0.968389,-6.134179,14.88433,292.309
92823.77,16.44,733.1201,0.048711,0.270054,0.971318,-6.012278,16.74728,293.4527
92818.63,16.45,733.5798,-0.128535,0.098667,0.974736,-1.700984,11.48569,291.1288
92817.72,16.45,733.6617,-0.060176,0.096226,1.042607,0.647032,6.840929,291.8218
92816.91,16.47,733.733,-0.064082,0.167515,0.994268,0.90141,9.130332,294.5081
92820.59,16.48,733.4054,-0.005,0.150425,0.993779,-0.283731,11.19634,295.0135
92824.52,16.48,733.054,-0.049922,0.182651,0.999639,2.090436,12.10777,296.6582
92824.03,16.49,733.0963,-0.057246,0.22269,0.945928,4.336884,12.00081,296.4644
92825.02,16.5,733.009,-0.107539,0.187046,0.999639,6.193894,9.926353,295.8184
92821.5,16.47,733.3235,-0.065547,0.225132,0.984502,4.792234,10.56991,296.0073
92819.78,16.46,733.4767,-0.075801,0.19144,0.998174,4.941193,8.6457,295.8229
92820.08,16.46,733.4503,-0.108516,0.139194,0.975713,5.806826,8.625484,296.1946
92816.7,16.45,733.7515,-0.093379,0.11478,0.965947,5.275214,6.793838,295.5436
92816.41,16.45,733.778,-0.051387,0.144077,0.962529,4.89051,7.277298,295.6432
92814.99,16.44,733.9048,-0.075801,0.212925,0.993291,3.602443,10.41707,297.2892
92817.36,16.45,733.6934,-0.059199,0.236362,0.968877,2.692473,12.30845,296.8619
92810.73,16.44,734.2853,0.022832,0.337437,0.904912,0.904766,16.98734,289.193
92817.51,16.43,733.6802,-0.089473,0.099155,1.051396,2.113385,11.3658,278.6358
92822.01,16.46,733.2786,0.010137,0.25394,1.026006,1.113989,12.02652,278.1725
92822.37,16.46,733.2469,0.014531,0.175815,0.963018,-0.164339,8.803039,283.137
92828.05,16.47,732.7396,-0.013789,0.092319,0.961553,-0.017111,6.908351,286.5738
92826.19,16.48,732.9034,0.051152,0.119663,1.004521,-2.030132,7.002804,289.0293
92826,16.49,732.9219,0.017949,0.179233,0.996221,-3.455271,8.279133,290.6771
92823.77,16.5,733.1201,0.045781,0.122593,1.006963,-3.475818,7.738605,292.1265
92823.88,16.51,733.1094,0.050176,0.091831,1.012334,-2.549942,6.735583,293.2238
92824.31,16.52,733.0724,0.02625,0.17728,1.004033,-2.733016,7.888466,296.9554
92824.31,16.52,733.0724,0.072637,0.169468,0.982549,-2.345544,8.312098,299.0039
92822.56,16.51,733.2284,0.028203,0.209019,0.988408,-2.770918,11.07473,302.9301
92815.95,16.51,733.8203,0.054082,0.238804,1.039678,-3.189181,12.05236,306.2253
92816.57,16.5,733.7648,0.028203,0.281284,0.962041,-2.001731,12.58763,307.5779
92815.85,16.5,733.8282,0.000859,0.243198,0.981084,-0.794078,12.98705,307.5115
92818.03,16.48,733.6326,-0.015254,0.245151,0.9679,0.464426,12.00405,308.1712
92820.8,16.47,733.3869,-0.093379,0.188022,0.946904,4.309159,10.87447,308.2971
92816.11,16.46,733.8044,-0.096797,0.244175,0.98499,4.254733,10.89473,308.9674
92817.17,16.46,733.7119,-0.076289,0.159214,0.997197,4.66916,10.25638,310.4363
92820.39,16.49,733.4213,-0.14709,0.216343,0.976689,4.444571,11.54012,312.1831
92816.62,16.47,733.7595,-0.079707,0.10355,0.997197,5.144445,10.85387,315.1451
92811.28,16.43,734.2377,-0.004512,0.278843,0.98792,3.342519,14.35324,320.8054
92814.94,16.41,733.9101,-0.046992,0.223179,0.971807,3.850927,12.88065,326.8966
92818.13,16.4,733.6247,-0.114863,0.30521,0.969854,1.443744,14.49866,335.863
92821.13,16.37,733.3578,-0.116816,0.253452,1.067021,1.310173,14.4169,341.2283
92824.12,16.34,733.0909,-0.086055,0.311558,0.989873,3.92602,16.27933,346.2053
92827.98,16.3,732.7448,-0.116816,0.287144,1.032842,6.430178,15.48723,349.9545
92830.26,16.27,732.5414,-0.198848,0.132358,0.942021,5.483633,13.42238,351.8524
92832.78,16.23,732.3141,-0.159297,0.238315,0.91126,7.366244,12.19379,351.2681
92835.69,16.2,732.0552,-0.161738,0.16605,0.983525,8.138561,9.383493,354.3259
92833.05,16.16,732.2903,-0.217891,0.276401,0.963018,8.587327,12.45082,356.4289
92831.89,16.15,732.3934,-0.228633,0.202671,0.974248,9.752965,10.64622,358.4952
92828.41,16.13,732.7052,-0.192012,0.145542,0.989873,11.12716,9.624347,0.005203
92830.19,16.11,732.5466,-0.560176,0.426792,1.121221,9.552257,16.46669,359.4093
92831.17,16.08,732.4595,-0.069941,0.046421,1.011357,7.80662,8.950611,1.471161
92834.84,16.05,732.1318,-0.179316,0.162144,1.018193,10.28427,5.69745,2.2836
92829.95,16.02,732.5678,-0.042598,0.165562,0.99915,7.122631,2.795264,6.714691
92825.63,16.02,732.9536,0.042363,0.30228,1.003057,1.601693,6.885626,9.531433
92822.61,16.01,733.2231,-0.043574,0.185581,0.985967,1.552134,9.699735,9.751205
92830.75,16.01,732.4965,-0.094355,0.195835,0.974248,2.62346,10.21227,11.12473
92829.84,15.98,732.5784,-0.06457,0.248569,0.959111,2.501521,11.91785,13.68617
92828.33,15.96,732.7131,-0.025508,0.232456,1.001592,1.862754,10.73306,15.04803
92831.93,15.93,732.3907,-0.030391,0.274448,0.975713,3.068779,11.67025,16.11475
92831.93,15.93,732.3907,-0.041133,0.279331,0.957158,2.090048,14.90402,17.02687
92835.6,15.91,732.0631,-0.091426,0.231479,1.000615,2.151088,11.48956,19.48642
92830.22,15.89,732.544,-0.082148,0.166538,0.980596,4.019459,11.73667,20.70163
92828.95,15.86,732.6577,-0.000117,0.110386,0.961064,3.857882,8.849002,21.73169
92828.95,15.86,732.6577,-0.037227,0.144077,1.002568,3.101148,8.331844,23.69879
92825,15.83,733.009,-0.066035,0.169956,0.998662,3.291963,9.170096,27.50267
92828.97,15.8,732.655,-0.073848,0.264683,0.970342,3.200582,11.72921,28.9399
92826.89,15.79,732.8426,-0.07873,0.193882,0.996709,2.513763,11.20504,28.67188
92825.55,15.79,732.9615,-0.07873,0.221714,0.957646,1.622597,11.53444,31.25003
92825.33,15.8,732.98,-0.07873,0.204136,0.997686,2.870225,11.55457,32.63107
92826.45,15.81,732.8796,-0.079707,0.266147,0.983525,1.92586,12.24846,34.14629
92826.05,15.81,732.9166,-0.075313,0.214878,1.005986,1.282802,11.48574,35.63486
92826.05,15.81,732.9166,-0.059199,0.178257,1.012822,2.679077,10.25908,36.67549
92835.36,15.82,732.0843,-0.015254,0.3223,0.952275,1.722608,15.39584,35.72702
92829.8,15.82,732.581,-0.010859,0.272983,0.987432,1.289572,13.19031,35.19237
92829.37,15.81,732.6207,-0.083613,0.236362,0.962529,4.468329,12.59576,32.67555
92828.38,15.81,732.7078,-0.086055,0.118198,0.972295,5.207649,9.465318,30.10655
92827.36,15.81,732.8003,-0.069941,0.213901,1.026494,4.384839,8.637636,31.55307
92805.92,15.79,734.7159,-0.196406,0.118687,0.914678,5.808844,8.992146,33.96896
92837.76,15.77,731.8702,-0.049434,0.159702,1.01624,4.012278,8.444979,36.16487
92829,15.74,732.6523,-0.116328,0.255894,0.926885,5.103391,8.933677,37.59407
92826.42,15.72,732.8822,0.023809,0.125034,1.046514,1.34978,8.030821,43.08261
92824.2,15.69,733.0804,-0.03332,0.202183,0.969365,-0.263797,10.31982,46.19907
92824.8,15.66,733.0275,-0.047969,0.189487,0.962041,1.598885,10.38195,49.56216
92826.2,15.67,732.9034,0.034063,0.149448,0.996709,3.036449,2.950871,53.66881
92809.54,15.64,734.3936,-0.08459,0.033237,1.00208,4.967389,1.87391,54.64021
92807.17,15.63,734.605,-0.090938,0.053745,0.990361,5.031562,2.71906,56.8021
92809.62,15.61,734.3857,-0.117793,0.039097,1.018682,6.925485,2.018055,61.36049
92810.38,15.59,734.317,-0.165156,-0.045376,0.984502,8.891724,0.008455,61.70995
92810.38,15.59,734.317,-0.176387,-0.044399,1.003057,8.306141,-1.23302,61.68504
92806.89,15.57,734.6288,-0.161738,0.004917,0.989873,9.022624,0.320158,62.4873
92808.64,15.55,734.4729,-0.142207,-0.014614,0.978154,8.635024,1.186683,62.62453
92808.09,15.53,734.5204,-0.13293,0.004429,0.989385,8.322744,2.58563,64.54385
92808.09,15.53,734.5204,-0.166621,0.088413,0.997197,8.499653,1.568507,65.66064
92812.02,15.53,734.1716,-0.163691,0.038608,0.979131,9.578588,2.346267,68.35849
92816.45,15.55,733.7753,-0.218379,-0.009243,1.019658,10.57253,1.785739,66.88002
92813.43,15.54,734.0448,-0.424434,0.475132,1.170049,13.65393,-0.597175,73.09912
92807.69,15.52,734.5574,-0.227656,-0.022915,0.93958,13.15341,-0.856817,72.53147
92808.28,15.52,734.5046,-0.098262,0.051792,1.038701,7.884948,1.636285,72.95763
92811.4,15.53,734.2272,-0.034297,0.031772,0.879033,10.46254,-1.067632,71.9427
92811.4,15.53,734.2272,-0.208613,-0.261685,0.909795,8.248084,-4.621418,69.50522
92808.3,15.55,734.502,-0.075801,-0.071255,1.01624,4.733441,-4.36176,67.91936
92810.63,15.58,734.2958,-0.104609,0.077671,1.049443,3.802467,-5.132221,65.92836
92809.77,15.6,734.3725,-0.103633,-0.334927,0.999639,5.191266,-10.20847,66.47198
92808.27,15.61,734.5072,-0.094355,-0.238735,0.912236,4.264512,-13.17033,67.83904
92808.63,15.61,734.4755,-0.001094,-0.241177,1.014775,-0.191215,-14.57094,70.61117
92809.14,15.63,734.428,0.052617,-0.144009,0.943975,-1.118069,-13.18256,74.82953
92806.92,15.64,734.6261,-0.063594,-0.22604,1.046025,-0.263149,-8.747088,74.41435
92809.91,15.64,734.3593,0.094121,-0.027798,1.066533,6.403574,5.57889,70.11391
92829.63,15.65,732.5969,-0.511348,0.186069,0.807744,19.24553,11.0966,64.04334
92832.2,15.68,732.367,-0.177852,0.202671,0.937139,14.74123,7.150457,66.74177
92834.86,15.68,732.1292,-0.307734,0.097202,0.991826,12.02059,8.096677,66.40707
92832.53,15.68,732.3379,-0.295039,0.110386,0.973271,14.76653,8.878528,67.52586
92830.03,15.66,732.5599,-0.265254,0.220249,0.931279,16.11072,12.30577,71.06767
92834.16,15.68,732.1926,-0.271602,0.28812,0.929326,17.44474,14.83173,73.90051
92830.58,15.68,732.5123,-0.330684,0.252476,0.92835,18.77844,16.66611,76.11446
92824.69,15.68,733.0381,-0.275996,0.330601,0.903936,16.06542,20.39566,85.25715
92825.52,15.69,732.9641,-0.137812,0.339878,0.941045,8.168978,20.66819,101.988
92816.4,15.7,733.778,-0.205684,0.405308,0.929814,7.731399,21.25484,109.0337
92808.05,15.71,734.5257,-0.39709,0.200718,0.945439,11.83156,18.28162,111.9734
92814.22,15.74,733.9735,-0.271602,0.243198,0.902471,14.07522,16.74363,118.4823
92817.59,15.75,733.6722,-0.499629,-0.064907,0.87415,20.61848,14.39011,122.6878
92823.23,15.75,733.1702,-0.487422,0.14603,0.897588,27.21822,12.92043,126.423
92824.83,15.75,733.0249,-0.528437,0.196812,0.814092,30.60479,13.92053,128.6786
92824.17,15.75,733.0857,-0.562617,0.186069,0.820928,33.25358,12.98114,129.897
92824.53,15.75,733.0513,-0.611445,0.188999,0.821904,33.44165,11.81322,130.6051
92823.88,15.75,733.1094,-0.552852,0.149937,0.847295,33.91623,12.1003,132.059
92823.16,15.75,733.1755,-0.557246,0.132847,0.758916,36.87472,11.63331,136.2777
92817.34,15.75,733.6934,-0.596309,0.143589,0.773076,37.5008,10.44997,139.0313
92819.45,15.77,733.5058,-0.626094,0.084995,0.808232,36.90133,7.222149,137.1166
92809.59,15.8,734.3883,-0.619258,-0.134243,0.694463,37.07074,9.722971,137.9082
92809.59,15.8,734.3883,-0.604121,0.092319,0.774541,39.09618,10.05331,140.4723
92814.39,15.82,733.9576,-0.670527,0.105015,0.747197,39.90898,9.755204,141.4691
92810.61,15.83,734.2958,-0.670527,0.11771,0.742314,40.09376,10.79323,142.6609
92810.61,15.83,734.2958,-0.630488,0.159702,0.748662,39.61899,12.22431,145.4518
92812.06,15.85,734.1664,-0.680293,0.141636,0.711553,41.87871,12.59181,147.1303
92813.84,15.86,734.0078,-0.656855,0.115757,0.714482,42.66595,11.66651,147.6321
92810.42,15.88,734.3143,-0.712031,0.107944,0.711553,44.30275,9.846253,147.611
92810.42,15.88,734.3143,-0.683711,0.110386,0.700322,43.76002,9.616894,147.7905
92809.22,15.89,734.4227,-0.693477,0.129917,0.718389,43.83778,10.11676,149.2208
92808.53,15.91,734.4835,-0.711055,0.110386,0.691045,45.15156,9.040151,146.7399
92810.2,15.92,734.3328,-0.736445,0.024448,0.66126,47.32366,6.913872,145.1115
92808.02,15.93,734.5284,-0.716426,0.139194,0.624639,46.60016,9.236853,150.369
92813.06,15.94,734.0765,-0.728145,0.104526,0.67249,45.90398,8.726916,148.933
92807.97,15.96,734.5336,-0.690059,0.101108,0.724248,45.74588,9.805184,151.1466
92807.79,15.97,734.5495,-0.767207,0.096226,0.626104,46.25337,8.98835,151.4468
92810.45,15.97,734.3117,-0.641719,0.095249,0.663701,43.09924,7.407121,152.4437
92807.17,15.97,734.605,-0.670527,-0.007778,0.765752,39.54525,-0.011187,148.4145
92803.42,15.99,734.9379,-0.663203,-0.116177,0.805791,37.62247,-5.888556,144.9951
92806.33,15.99,734.679,-0.55334,-0.162075,0.882939,31.16957,-4.985275,141.3685
92805.17,16,734.782,-0.376094,0.166538,0.948369,22.67416,1.733474,139.5433
92809.2,16.01,734.4227,-0.163203,0.229038,0.903936,16.75235,5.590725,141.5731
92809.02,16.02,734.4385,-0.239375,-0.011196,1.079717,15.40544,6.532044,140.6517
92811.44,16.04,734.2219,-0.34875,0.398472,1.044561,13.60023,16.33019,137.6065
92814.2,16.05,733.9761,-0.222773,0.133335,1.005498,13.5887,8.825777,147.9642
92811.98,16.06,734.1743,-0.283809,0.281284,0.865361,21.21648,10.2901,151.9043
92805.59,16.07,734.7451,-0.374141,0.299839,0.89417,20.31819,12.5309,153.3941
92807.66,16.08,734.5601,-0.366816,0.248081,0.865361,20.87788,14.61286,154.8198
92811.14,16.07,734.2483,-0.485957,0.25394,0.884893,21.54,15.22075,156.4375
92813.4,16.07,734.0475,-0.407832,0.18021,0.895146,24.0349,13.6552,156.6519
92809.58,16.08,734.3883,-0.403437,0.206089,0.911748,23.25567,12.75397,157.1762
92806.09,16.09,734.7001,-0.403926,0.190464,0.906377,23.81117,11.8021,157.4763
92806.41,16.09,734.671,-0.396113,0.201694,0.875127,24.10302,12.75962,158.6231
92809.58,16.08,734.3883,-0.421504,0.186069,0.902471,25.03412,11.76922,159.4035
92803.44,16.09,734.9379,-0.438105,0.168979,0.875127,25.67994,11.11052,160.1216
92803.44,16.09,734.9379,-0.431758,0.179722,0.906865,24.94068,11.57422,161.2208
92804.48,16.09,734.8455,-0.410273,0.180698,0.89417,23.98812,11.56132,162.3084
92808.59,16.11,734.4781,-0.432246,0.181675,0.859502,25.68758,10.80388,161.388
92807.58,16.11,734.568,-0.442012,0.160679,0.884893,26.29235,10.07079,164.8667
92807.58,16.11,734.568,-0.478145,0.157261,0.867314,27.12295,10.55702,162.5445
92806.11,16.12,734.7001,-0.483516,-0.474087,0.805791,28.14964,11.51301,166.3362
92803.6,16.13,734.9221,-0.431758,0.184116,0.831182,27.37347,12.99517,165.9888
92807.2,16.13,734.6024,-0.41125,0.24564,0.848271,28.42245,11.18209,167.1455
92807.02,16.15,734.6182,-0.486934,0.095737,0.859502,28.4307,8.673074,168.3122
92808.44,16.16,734.4914,-0.49377,0.161655,0.84876,29.94401,10.87241,169.4021
92805.86,16.16,734.7213,-0.55627,0.162632,0.855596,31.05794,11.0086,170.8848
92802.41,16.14,735.0304,-0.673457,0.033726,0.775029,30.12882,11.32309,169.9182
92805.1,16.12,734.79,-0.506465,0.206089,0.774541,26.95904,11.04593,171.879
92806.55,16.13,734.6578,-0.441523,0.14896,0.855596,26.07439,10.20639,174.2619
92805.5,16.13,734.7529,-0.400508,0.062046,0.880986,24.29397,9.990988,174.2094
92806.27,16.14,734.6843,-0.383906,0.063999,0.878545,22.2496,12.2754,170.1437
92804.27,16.13,734.864,-0.42834,0.252964,0.962041,20.68704,9.14965,165.2257
92812.66,16.15,734.1135,-0.270625,0.20853,1.044072,18.61341,8.218443,171.5871
92806.58,16.17,734.6578,-0.343867,0.278354,0.761846,15.19147,11.10665,172.5854
92809.16,16.19,734.428,-0.231562,0.296421,0.995732,6.132373,10.49135,170.4977
92806.57,16.2,734.6578,-0.085566,0.313999,0.895146,4.110485,14.9505,167.2346
92810.61,16.21,734.2958,-0.152949,0.122593,0.932256,4.851972,14.31474,160.9282
92822.09,16.21,733.2706,-0.10998,-0.000942,0.963506,3.909935,8.338183,157.0022
92823.55,16.23,733.1412,-0.159785,-0.096157,0.952275,4.917924,6.201973,152.1586
92821.58,16.23,733.3156,-0.118281,0.041538,1.106572,11.95407,-2.246454,149.5516
92820.27,16.23,733.4318,0.195684,0.032749,1.044072,12.83849,-0.126378,139.3444
92831.3,16.22,732.4462,-0.232051,-0.189907,1.002568,17.34063,-9.310411,133.7684
92824.16,16.22,733.0857,-0.232051,-0.45895,1.213018,15.50231,-9.566235,138.2649
92833.47,16.24,732.2534,-0.187617,-0.12936,0.985967,12.71696,-8.662524,141.5211
92834.78,16.24,732.1371,-0.021602,-0.151333,0.957646,7.432631,-9.220592,138.9667
92849.54,16.24,730.8186,-0.106074,-0.020474,0.889287,7.681023,-1.2984,136.1548
92849.54,16.24,730.8186,-0.216914,0.514194,1.337529,6.895273,0.949111,134.4366
92849.9,16.24,730.7842,-0.089473,0.030796,0.984014,5.430412,1.811874,134.9039
92843.46,16.25,731.3603,-0.136348,0.048374,0.992803,6.469879,2.427022,135.7008
92843.39,16.28,731.3655,0.198125,-0.119106,0.84583,5.955182,6.226182,139.4823
92843.39,16.28,731.3655,-0.098262,0.095737,0.984014,5.826221,5.901686,140.6599
92842.55,16.29,731.4422,-0.139277,0.130405,0.988408,7.342608,6.837165,142.0007
92842.78,16.31,731.421,-0.14709,0.127476,0.984014,8.11504,6.973772,143.2183
92842.78,16.31,731.421,-0.142207,0.121616,0.981084,7.980091,6.799849,144.3817
92839.27,16.29,731.7355,-0.145625,0.118687,0.984502,7.860059,7.175812,145.6473
92838.2,16.31,731.8306,-0.14123,0.116245,0.981084,8.054756,7.189364,146.8639
92841.84,16.31,731.5056,-0.138789,0.116245,0.982549,7.744823,6.615416,147.9591
92840.02,16.33,731.6694,-0.145137,0.107944,0.979131,8.599907,6.241043,149.1214
92838.16,16.34,731.8333,-0.145625,0.122593,0.984014,8.687875,7.192106,150.487
92833.32,16.35,732.2666,-0.14123,0.122104,0.984014,8.333467,7.108348,151.7097
92839.47,16.34,731.717,-0.140742,0.124546,0.983525,8.117048,7.068397,152.8906
92836.23,16.34,732.0076,-0.140254,0.118687,0.985967,7.790703,6.86212,154.0502
92840.52,16.35,731.6245,-0.14416,0.121128,0.983525,8.484344,7.202371,155.3067
92837.94,16.35,731.8544,-0.098262,0.015659,1.038701,8.697668,7.036568,154.6922
92840.84,16.38,731.5955,-0.010371,0.019565,0.917607,6.836699,7.663499,156.3769
92855.75,16.39,730.2637,-0.19543,-0.019497,0.957158,11.37358,-6.636995,142.347
92860.11,16.41,729.8727,0.072637,-0.169399,1.004033,7.404145,-1.817871,151.8717
92839.88,16.41,731.68,-0.227656,0.087925,0.988896,8.913068,5.019134,159.8602
92839.59,16.41,731.7064,-0.135859,0.04105,0.904912,-0.149251,11.75107,170.7797
92832.61,16.41,732.33,-0.001094,-0.203091,0.898076,-10.3622,13.67213,179.429
92821.05,16.39,733.3631,0.223027,0.298374,0.926396,-10.4071,14.95041,187.5872
92820.18,16.37,733.4424,0.212773,0.754429,0.832646,-6.667902,21.72843,190.8589
92812.38,16.35,734.14,-0.109004,0.355991,0.833135,-5.806491,12.96749,199.6947
92822.88,16.35,733.1993,-0.092891,0.470737,0.87708,-6.712093,23.76635,178.3524
92820.63,16.35,733.4028,0.002813,0.338413,0.890752,-4.506203,16.05155,181.718
92821.5,16.34,733.3235,0.07166,0.281284,0.963506,1.082199,11.4709,183.5511
92813.58,16.34,734.0316,-0.21252,0.18021,0.935674,3.225954,9.314469,181.5064
92817.4,16.33,733.6907,-0.131465,0.141636,0.899541,2.474605,12.19641,185.7872
92814.09,16.32,733.9867,-0.111934,0.412632,0.961553,-1.102914,19.03114,190.1009
92810.56,16.33,734.3011,0.089238,0.412632,0.915654,-4.006918,12.107,186.6239
92808.08,16.34,734.5231,0.039434,0.181187,1.14124,-2.055037,7.669275,177.6265
92824.55,16.35,733.0513,-0.262324,0.10062,0.889775,2.373874,9.220513,175.2728
92824.22,16.38,733.0804,-0.099238,0.202671,1.020635,3.430708,8.057902,171.0247
92824.22,16.38,733.0804,-0.012812,0.033237,1.035283,3.305598,5.632872,168.243
92832.62,16.37,732.33,-0.129023,0.04105,0.952764,4.513483,6.004042,168.9985
92833.03,16.35,732.293,-0.075313,0.103062,0.98792,5.123804,4.347716,173.7585
92829.75,16.35,732.5863,-0.116328,0.142124,1.00208,4.293152,3.551209,185.5426
92819.72,16.36,733.482,-0.076777,0.209995,0.922979,2.70803,6.768599,199.4272
92819.72,16.36,733.482,0.018437,0.286167,1.036748,0.006134,7.714889,227.1396
92821.89,16.35,733.2891,-0.105586,0.188999,0.970342,1.33735,7.281559,241.6324
92813.23,16.37,734.0634,-0.121211,0.168979,0.975225,3.995451,7.353522,245.2544
92809.96,16.37,734.354,-0.030879,0.104038,0.92249,3.86136,5.913435,246.1259
92808.91,16.36,734.4491,-0.10998,0.10355,1.022588,3.808852,5.624607,249.0643
92809.06,16.34,734.4359,-0.08166,0.251011,0.99915,2.493602,8.259109,252.5068
92809.39,16.34,734.4042,-0.045039,0.210483,1.055303,2.31012,6.432799,256.3842
92812.98,16.34,734.0845,0.054082,0.407261,1.037725,3.737772,8.486938,263.4963
92816.2,16.34,733.7964,-0.024531,0.293003,0.985967,5.761274,10.83633,262.7222
92813.44,16.32,734.0448,-0.215449,0.071323,0.938115,6.57478,13.86827,259.7007
92812.73,16.29,734.1082,0.01209,0.229038,1.032354,7.60272,14.66608,255.0074
92814.84,16.27,733.918,0.078496,0.198765,1.006963,7.060443,12.93908,251.3501
92818.13,16.24,733.6247,-0.213008,0.233921,0.973271,7.822997,15.94096,247.5496
92823.8,16.22,733.1174,-0.14416,0.207065,0.944463,7.778328,14.83567,244.6555
92831.55,16.21,732.4251,-0.144648,0.374546,0.979619,3.240997,15.1174,245.4902
92820.89,16.22,733.3763,0.088262,0.058628,1.039189,6.586268,14.8727,250.0546
92831.61,16.21,732.4198,-0.046016,0.251011,1.035771,5.046205,14.51832,252.8526
92835.77,16.21,732.0472,-0.086543,0.247104,0.952275,5.285535,14.70442,255.1635
92828.53,16.2,732.6946,-0.062617,0.272007,0.962041,3.654877,15.76249,256.7448
92829.7,16.19,732.5916,-0.074824,0.27103,0.975225,4.237897,15.58574,258.0897
92833.3,16.19,732.2692,-0.055781,0.243687,0.962529,3.392941,15.42517,258.8858
92833.3,16.19,732.2692,-0.077754,0.238315,0.977666,3.541724,15.0031,260.0787
92829.19,16.17,732.6365,-0.03918,0.272495,0.979131,2.498027,15.394,261.1808
92836.43,16.17,731.9891,-0.055781,0.261753,0.982061,3.045162,14.40863,263.0087
92834.58,16.15,732.1556,-0.067988,0.300815,0.972783,3.621363,16.58721,263.4797
92834.58,16.15,732.1556,-0.068965,0.277866,0.955693,3.940774,16.01804,263.1252
92832.19,16.14,732.367,-0.117305,0.30521,0.945928,6.19192,17.9125,261.408
92832.08,16.13,732.3776,-0.160762,0.369663,0.921025,5.584057,19.555,256.0988
92834.7,16.13,732.145,-0.101191,0.478062,0.943486,1.989839,22.07096,244.8859
92818.4,16.14,733.601,-0.061641,0.22855,0.840947,4.210999,18.15355,235.8839
92812,16.15,734.1716,0.030645,0.332065,1.00208,1.435725,18.22112,237.2719
92819.81,16.15,733.4741,-0.0675,0.20853,0.929814,2.04126,14.01299,234.7191
92819.81,16.15,733.4741,-0.098262,0.345249,0.932256,1.457568,16.89689,225.7011
92833.81,16.14,732.2217,0.037969,0.218784,0.996709,0.467105,12.52486,212.55
92824.23,16.1,733.0778,0.119023,0.19437,0.929326,1.200837,12.48176,206.969
92821.57,16.1,733.3182,0.021367,0.158726,0.890752,-2.780547,10.99828,209.1684
92828.88,16.11,732.6629,0.111211,0.122104,0.980107,-7.815833,3.7012,219.9169
92860.03,16.12,729.8806,-0.014277,-0.10397,0.964971,-10.03283,-0.524628,233.7729
92844.16,16.1,731.2995,0.394414,0.196812,1.118779,-6.306916,-0.062998,244.2885
92827.14,16.07,732.8188,-0.41125,-0.287075,1.041631,2.135365,-7.665685,240.5978
92819,16.07,733.5481,-0.27209,-0.179165,0.9679,1.640945,-8.530988,243.9285
92818.78,16.08,733.5666,-0.169551,-0.207974,0.884893,4.389997,-14.49234,252.2264
92816.88,16.09,733.7357,-0.104121,-0.059048,0.967412,4.865511,-11.16642,251.5288
92814.27,16.09,733.9708,-0.103145,-0.117153,0.977178,4.842761,-6.850963,248.5949
92821.91,16.1,733.2865,-0.049922,-0.233364,0.90833,3.60399,-4.772322,247.6718
92827.9,16.11,732.7501,-0.160273,0.020054,0.986943,9.039214,-1.168137,244.7036
92830.19,16.11,732.5466,-0.319453,0.64603,1.348271,6.148654,2.243793,247.528
92832.48,16.11,732.3406,-0.154414,0.064976,1.015752,5.356592,3.397821,248.6903
92837.28,16.13,731.9125,-0.124141,0.026401,0.971807,6.862763,3.260346,248.0458
92834.5,16.15,732.1609,0.159063,0.079624,0.955693,9.1931,6.297501,247.8965
92834.32,16.16,732.1768,-0.138789,0.138706,0.990361,8.541321,6.460902,248.5107
92834.32,16.16,732.1768,-0.143184,0.116733,0.983525,8.51573,6.705953,249.7796
92831.19,16.17,732.4568,-0.148555,0.111851,0.988896,8.218925,6.476863,250.9389
92839.7,16.17,731.6959,-0.139766,0.119663,0.984502,8.38673,6.798674,252.1751
92848.93,16.18,730.8715,-0.143672,0.116245,0.981572,8.196329,6.726443,253.3753
92848.93,16.18,730.8715,-0.14416,0.113315,0.982549,8.011399,6.869394,254.6049
92845.04,16.18,731.2202,-0.146113,0.114292,0.985479,8.441936,7.046972,255.8242
92835.22,16.18,732.0975,-0.135859,0.117222,0.986943,7.3198,7.026278,257.0467
92824.86,16.19,733.0223,-0.140254,0.122104,0.985967,8.203453,6.850985,258.2289
92824.56,16.2,733.0487,-0.141719,0.118198,0.985479,8.053996,6.822516,259.4576
92819.01,16.2,733.5454,-0.136348,0.124058,0.984014,8.054001,6.97063,260.7174
92820.48,16.21,733.4133,-0.139277,0.119175,0.98792,7.881391,6.759175,261.8819
92820.48,16.21,733.4133,-0.143672,0.116245,0.983525,8.230706,7.266495,263.1553
92821.25,16.22,733.3446,-0.138301,0.114292,0.983525,8.351531,6.651306,264.304
92824.95,16.24,733.0143,-0.135371,0.113315,0.988896,7.635406,6.347603,265.4788
92821.03,16.24,733.3658,-0.135371,0.116245,0.98499,7.704212,6.708467,266.7502
92837.57,16.25,731.8861,-0.138301,0.115757,0.984502,8.35533,6.6506,267.9674
92839.86,16.25,731.6826,-0.139766,0.114292,0.984502,8.096385,6.667377,269.1801
92835.94,16.25,732.0341,-0.140742,0.121128,0.981572,8.504123,7.045282,270.4301
92836.95,16.26,731.9416,-0.136348,0.119175,0.983525,8.143685,7.029431,271.605
92840.92,16.26,731.5875,-0.138789,0.119663,0.984014,7.904362,6.893887,272.8041
92834.8,16.27,732.1345,-0.143672,0.124546,0.983525,8.675048,7.29355,274.0508
92837.75,16.27,731.8702,-0.142695,0.12064,0.985967,8.397681,6.944969,275.1918
92836.25,16.28,732.005,-0.139766,0.120151,0.984502,8.105874,6.888731,276.3891
92838.11,16.27,731.8385,-0.132441,0.128452,0.986455,7.870584,6.751307,277.5797
92838.47,16.28,731.8068,-0.139277,0.117222,0.985967,7.363369,6.605172,278.7667
92841.42,16.28,731.5426,-0.138789,0.123081,0.981084,7.836025,7.318667,280.0753
92832.22,16.27,732.3643,-0.139277,0.127476,0.992803,7.714275,7.267478,281.2599
92829.6,16.27,732.5995,-0.134883,0.11771,0.982549,7.801603,6.324673,282.3302
92827.89,16.27,732.7527,-0.124141,0.205112,0.995244,7.547631,8.23014,283.7875
92834.44,16.27,732.1662,-0.12707,0.045933,0.951787,5.730587,-1.878612,281.5319
92845.83,16.26,731.1489,-0.044551,-0.279751,0.926885,3.627241,-11.47678,280.757
92843.5,16.26,731.3577,-0.122676,-0.008267,1.000615,7.386304,3.890815,285.8057
92844.55,16.26,731.2625,-0.149531,0.168979,0.989873,9.139788,5.788978,287.1176
92842.48,16.25,731.4474,-0.133906,0.113804,0.985967,7.98937,6.974586,288.4518
92841.5,16.25,731.5347,-0.138301,0.115757,0.984502,8.018579,7.00009,289.6419
92842.23,16.26,731.4713,-0.146602,0.127476,0.983525,8.185404,6.80605,290.8182
92840.33,16.27,731.6404,-0.170039,0.110386,1.019658,8.886298,6.365632,289.9958
92840.33,16.27,731.6404,-0.128535,-0.092739,0.962529,17.26968,-7.966741,283.3345
92839.38,16.27,731.7249,-0.411738,-0.123989,0.849736,26.64449,-3.542025,283.0785
92830.5,16.29,732.5203,-0.517695,0.315952,0.802861,20.78395,19.17047,294.3221
92837.16,16.28,731.9231,0.076055,0.439487,0.866826,0.324332,16.58152,297.056
92833.48,16.27,732.2534,0.254277,0.088901,0.951787,-11.69707,-4.710596,300.6307
92844.84,16.26,731.2361,0.112676,-0.435513,0.915654,-3.896094,-30.12358,297.2136
92832.46,16.29,732.3432,-0.307734,-0.524868,0.723271,18.58052,-29.90855,285.832
92820.09,16.33,733.4503,-0.588984,-0.231899,0.72083,35.44118,-8.800781,290.8581
92832.13,16.32,732.3749,-0.619258,0.41019,0.704717,26.23143,26.22849,311.2234
92844.05,16.34,731.3074,-0.069941,0.462437,0.726201,-0.131454,25.49294,311.6847
92825.91,16.33,732.9298,0.181523,-0.024868,0.996221,-11.43913,2.113535,313.136
92851.69,16.32,730.6257,0.06873,-0.201626,0.932256,-0.925565,-16.69553,313.168
92848.06,16.32,730.9481,0.063359,-0.64938,0.753545,1.548078,-34.35804,312.7139
92890.67,16.35,727.1432,0.022344,-0.657681,0.729131,4.400391,-26.81153,312.6204
92867.83,16.39,729.183,-0.135371,0.761265,0.876104,7.378319,21.80544,320.1388
92847.13,16.38,731.0327,-0.123652,0.565952,0.680791,9.403646,24.80745,321.2485
92854.13,16.36,730.4064,-0.035762,0.659702,0.819951,6.696942,3.860828,321.8177
92858.74,16.34,729.9942,-0.066035,0.089878,1.060674,12.23087,-6.63041,321.3687
92818.67,16.32,733.5771,-0.856074,-0.102993,0.637822,38.89561,-12.28228,317.7221
92817.76,16.33,733.6591,-0.857051,-0.136196,0.532842,47.87049,-12.58941,317.7322
92819.21,16.34,733.5269,-0.488398,-0.161587,0.755986,3.306533,-0.813375,325.6879
92854.38,16.36,730.3853,0.090215,0.124546,0.987432,-11.84945,3.568193,327.5359
92841.02,16.36,731.5796,0.153691,0.019565,0.961553,-7.731962,-1.194623,328.5883
92861.72,16.37,729.73,0.259648,0.030796,0.967412,-4.987151,-15.59486,328.2773
92835.89,16.37,732.0367,-0.232539,-0.352505,0.824346,27.75537,-22.81199,314.1915
92826.94,16.39,732.8373,-0.793086,0.168979,0.562627,37.57935,18.00473,338.5573
92841.38,16.4,731.5479,-0.091426,0.689487,0.715459,7.551754,29.88956,344.0022
92854.48,16.37,730.3747,0.232793,0.476108,0.848271,-9.465166,3.050588,348.3968
92864.2,16.36,729.5081,0.245977,-0.312954,0.880498,-2.620313,-24.30915,342.3896
92839.97,16.36,731.6721,-0.369258,-0.326138,0.843877,20.63569,-16.74615,339.0314
92825.78,16.38,732.9404,-0.517695,0.360386,0.724248,23.60128,9.873925,353.9116
92834.03,16.38,732.2032,0.055547,0.595249,0.83167,-9.683949,15.23391,1.928146
92832.88,16.37,732.3062,-0.000117,-0.201626,0.979131,2.278498,-16.65694,354.5831
92846.88,16.36,731.0564,-0.592891,-0.110317,0.848271,21.66695,-6.616673,353.6653
92822.11,16.37,733.268,0.012578,0.614292,0.910771,-11.16612,10.0839,9.28714
92826.37,16.37,732.8875,0.011113,-0.49606,0.891729,5.879343,-19.61384,352.1024
92840.38,16.36,731.6351,-0.384395,0.185093,0.963506,0.092858,9.547552,14.14699
92833.17,16.36,732.2798,0.298711,-0.204556,0.881963,-0.664129,-16.62005,1.106171
92856.08,16.36,730.2321,-0.431758,0.013218,0.922002,7.075635,12.70027,25.74242
92837.56,16.38,731.8887,0.275762,0.266636,0.95374,-10.12765,-4.533836,26.57297
92835.05,16.39,732.1133,-0.247187,-0.406704,0.849248,12.95355,-13.00305,8.267395
92840.63,16.39,731.614,0.275762,-0.000454,1.033818,0.515181,-0.017252,23.82338
92840.63,16.39,731.614,-0.879512,-0.040981,0.888799,38.8849,-7.429717,23.46941
92827.53,16.39,732.7845,0.311895,0.084507,0.890752,27.38611,-4.101578,26.97157
92864.7,16.37,729.4631,0.104863,0.10062,0.918096,7.204574,-0.926731,28.36774
92824.41,16.37,733.0646,0.096562,0.084019,0.827764,18.81841,-0.006401,30.40302
92856.8,16.37,730.1686,-0.39416,0.011753,0.977666,22.25512,2.702186,40.99762
92846.55,16.36,731.0828,-0.214473,0.11771,0.995244,18.04924,3.665164,43.05637
92839.42,16.37,731.7223,-0.113887,0.27689,1.01624,16.35484,4.691162,44.14969
92838.88,16.38,731.7698,-0.140254,0.130894,0.98499,13.93827,5.274884,45.52672
92837.02,16.39,731.9363,-0.144648,0.103062,0.982061,11.40875,5.632334,46.82207
92845.52,16.39,731.1753,-0.155391,0.105015,0.98499,8.916563,6.027152,48.11288
92847.92,16.4,730.9613,-0.146602,0.101108,0.984502,8.606764,5.941656,49.34189
92844.5,16.42,731.2678,-0.148555,0.108921,0.984502,8.682274,6.329545,50.61349
92842.94,16.42,731.4078,-0.152949,0.10062,0.981572,9.035191,6.192866,51.80228
92843.41,16.44,731.3655,-0.14709,0.105015,0.981084,8.523956,5.893445,52.94161
92845.55,16.42,731.1727,-0.15002,0.115757,0.983525,8.654657,6.907808,54.30395
92844.5,16.42,731.2678,-0.152461,0.104038,0.98499,9.000274,6.283124,55.40142
92844.76,16.41,731.244,-0.148066,0.101597,0.984502,8.679154,5.843153,56.55248
92841.84,16.41,731.5056,-0.146113,0.106968,0.98499,8.163765,6.017259,57.82179
92842.5,16.41,731.4474,-0.147578,0.110386,0.985967,8.797596,6.529188,59.09457
92842.86,16.41,731.4131,-0.150508,0.112827,0.984014,8.921024,6.27792,60.2588
92847.78,16.42,730.9745,-0.144648,0.111851,0.982061,8.726334,6.459509,61.52377
92845.63,16.43,731.1674,-0.146602,0.112827,0.984014,8.4694,6.498423,62.75879
92846.64,16.43,731.0749,-0.146602,0.109897,0.984502,8.11653,6.398281,63.95825
92846.28,16.43,731.1093,-0.148066,0.110874,0.984502,8.704822,5.947796,65.07815
92844.06,16.44,731.3074,-0.163691,0.095249,0.962529,9.327363,5.580297,66.13437
92849.11,16.45,730.8556,-0.249629,0.155308,1.099736,9.886444,4.843661,67.88604
92844.27,16.46,731.2889,0.077031,0.002964,0.970342,2.402607,0.860413,68.80571
92851.07,16.45,730.6812,-0.069941,0.010288,1.114873,0.224774,4.962523,73.9321
92830.38,16.44,732.5308,-0.048945,0.0723,0.982549,-3.561308,9.194171,79.21838
92830.38,16.44,732.5308,-0.013789,0.250522,0.837529,-0.617028,13.20952,77.86111
92831.77,16.42,732.4066,0.005254,0.317417,1.074346,-2.43332,10.99007,77.48592
92837.3,16.42,731.9125,-0.035273,0.169956,1.172979,-1.292766,11.13427,75.71992
92849.59,16.43,730.8134,0.012578,0.392612,1.091436,3.142101,9.216932,73.59696
92837.98,16.45,731.8517,-0.210078,0.229038,1.130498,5.90957,4.47072,76.27911
92834.3,16.47,732.1794,-0.148066,0.123569,0.788213,4.339484,3.278291,77.9858
92827.85,16.48,732.7554,-0.168086,0.075229,0.814092,4.880674,5.044652,80.37772
92828.72,16.5,732.6788,-0.143184,0.031284,0.898076,8.51417,-0.51112,82.93655
92824.57,16.52,733.0487,-0.373164,0.061069,0.583623,14.5684,2.943057,83.17186
92825.59,16.52,732.9589,-0.117793,-0.096646,0.584111,13.91022,4.280757,85.35835
92829.63,16.53,732.5969,0.02332,-0.505825,1.289678,11.01156,-2.156963,82.97971
92853.6,16.5,730.454,-0.267207,0.190464,1.355596,6.935954,5.764628,83.09111
92856.88,16.5,730.1633,-0.080195,0.404819,1.144658,-3.152665,2.284281,87.4128
92838.22,16.51,731.8279,-0.054805,0.159214,1.031377,-2.351721,6.673381,91.71406
92834.61,16.5,732.153,-0.147578,0.15189,1.024541,0.701809,4.243346,93.03851
92834.66,16.51,732.1477,-0.059199,0.127964,1.006475,-0.144501,2.804262,97.6366
92837.98,16.51,731.8517,-0.061152,0.016636,0.998662,0.27154,2.40513,99.08804
92838.49,16.53,731.8042,-0.047969,0.08646,0.937139,2.558045,4.674272,99.52048
92831.22,16.53,732.4542,-0.079219,0.136265,0.884893,3.475783,8.351184,101.1327
92826.53,16.52,732.8743,-0.080195,0.156772,0.994756,4.595899,9.154936,101.1815
92826.39,16.5,732.8875,-0.134883,0.10062,0.965459,6.36099,7.971558,100.5571
92826.98,16.5,732.8347,-0.129512,0.138706,0.989385,7.092063,7.826647,101.6979
92818.53,16.5,733.5877,-0.129512,0.129917,0.985479,7.32646,7.810959,102.8878
92821,16.52,733.3684,-0.124141,0.130894,0.986943,7.177865,7.715639,104.1156
92816.82,16.53,733.741,-0.126582,0.135288,0.986455,7.157123,7.625185,105.3072
92811.98,16.53,734.1743,-0.125605,0.130405,0.986455,6.856808,7.584069,106.513
92812.41,16.54,734.1346,-0.125605,0.130894,0.98499,7.101918,7.847689,107.7345
92810.84,16.55,734.2747,-0.129023,0.131382,0.983525,7.227851,8.021894,108.9267
92812.14,16.55,734.1584,-0.125117,0.129429,0.98499,7.292301,7.782248,110.1076
92812.14,16.55,734.1584,-0.129023,0.126987,0.984014,7.373128,7.313912,111.2527
92807.6,16.55,734.5654,-0.127559,0.138218,0.986455,7.446725,8.265033,112.5625
92811.67,16.57,734.2007,-0.128535,0.12894,0.985479,7.64391,7.047788,113.653
92812.54,16.59,734.1241,-0.129512,0.136265,0.982549,7.012908,8.263923,115.028
92810.31,16.59,734.3223,-0.130977,0.12894,0.98499,7.450946,7.183328,116.0959
92816.57,16.6,733.7648,-0.13,0.134312,0.98499,7.686708,7.392958,117.3268
92820.16,16.63,733.445,-0.124629,0.13187,0.986455,7.043477,7.41885,118.5723
92820.16,16.63,733.445,-0.130488,0.130894,0.983525,7.705776,7.752028,119.7744
92816.08,16.64,733.807,-0.124141,0.132847,0.98499,7.029899,7.688219,120.9724
92812.64,16.66,734.1161,-0.125117,0.125522,0.984014,7.535645,7.473156,122.1586
92807.81,16.67,734.5469,-0.124141,0.138218,0.984502,6.739884,8.257669,123.442
92810.59,16.68,734.2985,-0.124629,0.128452,0.98499,7.274894,7.395944,124.5647
92809.03,16.69,734.4385,-0.124629,0.131382,0.985479,7.165064,7.242213,125.7692
92812.64,16.69,734.1161,-0.124629,0.127964,0.985479,6.962478,7.040036,126.9911
92816.38,16.71,733.7806,-0.122676,0.135288,0.985967,7.287378,7.874875,128.3155
92813.1,16.71,734.0739,-0.128047,0.126011,0.986943,7.68237,7.229467,129.432
92824.34,16.72,733.0698,-0.128535,0.129917,0.986455,7.50078,7.739054,130.7088
92826.66,16.72,732.8611,-0.127559,0.126499,0.985479,7.338192,7.260909,131.8506
92835.17,16.75,732.1001,-0.127559,0.126011,0.986455,7.021491,7.033922,133.0337
92830.19,16.74,732.5466,-0.125117,0.129429,0.985479,7.467224,7.74422,134.3176
92831.23,16.75,732.4542,-0.124629,0.117222,0.984502,7.110379,6.441567,135.4018
92832,16.76,732.3855,-0.129512,0.135288,0.988408,7.260409,7.737111,136.7475
92831.7,16.76,732.4119,-0.129512,0.127964,0.986943,7.620828,7.365287,137.8983
92833.12,16.77,732.2851,-0.126582,0.136265,0.98499,7.620054,7.918039,139.1479
92829.19,16.77,732.6365,-0.125605,0.123569,0.982549,7.060537,6.63916,140.1551
92835.59,16.79,732.0657,-0.129512,0.1348,0.988896,7.305184,7.514438,141.4646
92834.67,16.8,732.145,-0.125117,0.125034,0.98499,7.11974,7.305731,142.6223
92836.34,16.8,731.9971,-0.12707,0.132847,0.984014,7.580812,7.881316,143.8839
92835.69,16.8,732.0552,-0.129023,0.135288,0.984014,7.326607,7.751344,145.0553
92832.7,16.8,732.3221,-0.121211,0.126499,0.985479,7.242468,7.525724,146.2152
92836.09,16.81,732.0209,-0.13,0.125522,0.986943,7.182172,7.451832,147.3925
92829.53,16.81,732.6048,-0.126582,0.130405,0.985967,6.979066,7.211846,148.5911
92832.27,16.82,732.3617,-0.124141,0.136753,0.983525,6.91419,8.269482,149.9269
92832.27,16.82,732.3617,-0.126094,0.126011,0.98499,7.252627,7.173742,150.9777
92832.27,16.82,732.3617,-0.12707,0.1348,0.984014,7.31221,8.02977,152.2409
92831.09,16.83,732.4674,-0.128047,0.120151,0.983525,7.779474,6.950099,153.2947
92832.14,16.84,732.3723,-0.13,0.133335,0.983525,7.342592,8.195918,154.7001
92832.8,16.84,732.3141,-0.126582,0.126011,0.986455,7.562294,7.417729,155.789
92828.94,16.85,732.6577,-0.123652,0.129429,0.98499,7.25202,7.441249,157.0025
92836.98,16.87,731.939,-0.12707,0.130894,0.984502,7.134018,7.328242,158.2007
92837.44,16.88,731.8993,-0.127559,0.132847,0.986455,7.1039,7.7996,159.4613
92837.44,16.88,731.8993,-0.128535,0.133335,0.988408,7.161662,7.907134,160.6904
92832.84,16.91,732.3088,-0.126582,0.129429,0.988408,7.241852,7.747397,161.8626
92834.72,16.93,732.1424,-0.125117,0.134312,0.986455,7.108478,7.650356,163.0419
92838.75,16.94,731.7804,-0.126582,0.128452,0.985967,7.179449,7.730776,164.2571
92832.99,16.96,732.2957,-0.126094,0.129429,0.984014,7.151222,7.684577,165.482
92844.96,16.97,731.2255,-0.128535,0.129917,0.984502,7.048454,7.736706,166.7058
92838.15,16.98,731.8359,-0.0675,0.205601,0.98499,6.181339,9.979237,168.0735
92830.06,16.99,732.5573,-0.184687,0.111362,0.975713,6.118327,8.008782,170.6487
92825.22,17,732.9905,-0.405879,0.386265,1.254033,5.541476,7.59731,171.9555
92824.27,17,733.0751,-0.026484,0.06644,0.9679,5.493341,7.62753,173.0015
92828.16,17,732.729,-0.124141,0.12894,0.98792,7.235371,7.318339,174.2143
92830.46,17,732.5229,-0.123652,0.128452,0.98499,7.019316,7.343665,175.4303
92831.48,17,732.433,-0.125117,0.12894,0.982061,6.890198,7.264014,176.6429
92831.88,17.01,732.3961,-0.126094,0.130405,0.984502,7.2179,7.486405,177.8679
92838.63,17.03,731.791,-0.116816,0.133823,0.987432,6.849562,7.678451,179.0883
92840.7,17.04,731.606,-0.11877,0.129429,0.985967,6.703614,7.630194,180.2769
92839.3,17.06,731.7328,-0.11877,0.129917,0.982549,6.59809,7.481654,181.4747
92836.83,17.08,731.9548,-0.123652,0.125034,0.984502,7.399965,7.205518,182.6535
92839.48,17.08,731.717,-0.116328,0.131382,0.984014,6.777281,7.914718,183.9317
92837.33,17.09,731.9099,-0.115352,0.14603,0.98792,6.700305,7.890309,185.114
92838.55,17.12,731.7989,-0.120723,0.129917,0.987432,6.431977,7.535887,186.2337
92838.55,17.12,731.7989,-0.124141,0.137729,0.987432,7.283915,7.746043,187.4473
92828.39,17.12,732.7078,-0.114375,0.133335,0.984502,6.844603,7.911941,188.6563
92827.08,17.12,732.8241,-0.125117,0.138706,0.992803,7.296982,8.397171,189.91
92832.98,17.12,732.2983,-0.117793,0.122104,0.984502,6.667657,7.029692,190.9267
92832.98,17.12,732.2983,-0.123164,0.145054,0.989385,6.804383,7.873932,192.2377
92830.45,17.13,732.5229,-0.100703,0.16019,0.999639,5.858949,8.808929,193.5173
92835.45,17.14,732.0764,-0.122676,0.140171,0.987432,7.228375,8.180961,194.6876
92823.81,17.15,733.1174,-0.121211,0.124058,0.983037,6.940731,6.862245,195.6691
92822.61,17.16,733.2231,-0.114863,0.137241,0.985967,6.679572,7.90836,197.0053
92819.88,17.15,733.4688,-0.114863,0.131382,0.988408,6.359565,7.710453,198.19
92825.06,17.15,733.0038,-0.119258,0.128452,0.982061,6.894133,7.068414,199.2883
92825.06,17.15,733.0038,-0.122188,0.129917,0.985479,7.339406,7.689537,200.5739
92821.75,17.14,733.2997,-0.115352,0.1348,0.983037,6.914053,8.143068,201.8365
92816.28,17.15,733.7885,-0.116328,0.137241,0.98792,6.548715,7.955822,203.0365
92820.58,17.16,733.4054,-0.116816,0.133823,0.983525,6.64724,7.834995,204.2116
92817.76,17.17,733.6591,-0.115352,0.135288,0.986455,6.936332,7.944734,205.4485
92816.98,17.19,733.7278,-0.118281,0.127476,0.986943,6.599141,6.912732,206.5383
92810.83,17.2,734.2773,-0.122188,0.135288,0.986455,7.017362,7.656863,207.823
92814.17,17.2,733.9788,-0.121211,0.13187,0.984014,6.867445,7.473166,208.9912
92818.53,17.22,733.5877,-0.117305,0.128452,0.983037,6.456325,7.255434,210.1888
92826.37,17.21,732.8875,-0.118281,0.132847,0.984502,7.044066,7.772278,211.431
92819.95,17.23,733.4609,-0.11584,0.129429,0.989385,6.671527,7.328587,212.5444
92820.27,17.22,733.4318,-0.11584,0.135288,0.985479,6.552749,8.257952,213.8743
92817.79,17.24,733.6537,-0.119258,0.13187,0.987432,7.192266,7.770475,215.012
92814.52,17.24,733.9471,-0.122188,0.13187,0.985479,6.900459,7.563629,216.1823
92816.88,17.25,733.7357,-0.119746,0.132847,0.988408,6.528612,7.537835,217.3886
92809.66,17.25,734.3804,-0.116816,0.141147,0.984014,6.876077,8.152349,218.6741
92810.32,17.25,734.3223,-0.113887,0.137729,0.98499,6.261598,8.084898,219.8785
92799.73,17.27,735.2682,-0.119258,0.134312,0.990361,7.019176,7.536421,220.9638
92791.65,17.28,735.9922,-0.130977,0.126987,0.989873,7.69093,7.68075,222.1826
92803.94,17.29,734.893,-0.139766,0.131382,0.989385,7.466496,7.631645,223.4252
92806.37,17.31,734.6763,-0.138789,0.141636,0.979131,7.593625,7.896365,224.6292
92817,17.32,733.7251,-0.11291,0.129429,0.980596,6.401556,7.426554,225.8039
92817,17.32,733.7251,-0.127559,0.138706,0.986943,7.08297,7.871703,227.0682
92819.66,17.33,733.4873,-0.122188,0.116245,0.990361,6.882165,6.488983,228.0208
92818.8,17.34,733.564,-0.122676,0.133823,0.985479,7.07616,7.251938,229.3627
92817.89,17.35,733.6459,-0.11291,0.136265,1.001104,6.207378,8.046999,230.6089
92817.89,17.35,733.6459,-0.117305,0.141636,0.988896,6.670485,8.522003,231.8691
92825.9,17.36,732.9298,-0.119746,0.130894,0.983525,7.00281,7.458532,232.9453
92826.72,17.38,732.8558,-0.116328,0.126499,0.98499,6.608707,7.282308,234.137
92825.45,17.38,732.9694,-0.123652,0.134312,0.985967,7.48219,7.847465,235.3935
92826.92,17.4,732.84,-0.11877,0.124546,0.98499,6.663705,7.376984,236.5636
92828.63,17.4,732.6867,-0.11877,0.130405,0.979131,6.764476,7.023284,237.7156
92828.13,17.39,732.7316,-0.117793,0.127964,0.986455,6.642931,7.018272,238.9375
92830.38,17.42,732.5308,-0.113398,0.136753,0.98792,6.699077,7.909916,240.2779
92830.14,17.42,732.5519,-0.114863,0.117222,0.983525,6.094362,6.736397,241.3193
92831.95,17.44,732.3881,-0.116328,0.135776,0.988408,6.452824,7.441399,242.6135
92825.83,17.45,732.9377,-0.105586,0.141147,0.983525,6.825889,7.290383,243.8387
92825.24,17.46,732.9879,-0.118281,0.143589,0.98792,6.657348,8.41191,245.1686
92828.52,17.46,732.6973,-0.11584,0.136265,0.989385,6.756011,8.178502,246.3558
92831.58,17.47,732.4225,-0.14123,0.137729,0.98792,8.285285,8.129988,247.5315
92832.23,17.47,732.3643,-0.129023,0.125522,0.981572,7.67541,7.081374,248.6131
92826.98,17.47,732.8347,-0.11291,0.142124,0.98792,6.76781,7.790117,249.9097
92828.8,17.49,732.6708,-0.121699,0.135288,0.979131,6.678123,8.04811,251.1576
92826.38,17.51,732.8875,-0.11584,0.129429,0.983525,6.543184,7.903483,252.3548
92828.73,17.51,732.6761,-0.114375,0.133335,0.985479,6.195365,7.763496,253.5385
92826.77,17.51,732.8531,-0.123164,0.126987,0.983037,7.104679,7.086369,254.6264
92832.99,17.51,732.2957,-0.122676,0.127476,0.989873,6.600866,6.943744,255.7763
92831.58,17.5,732.4225,-0.117793,0.12894,0.986455,6.797839,7.751552,257.0847
92825.68,17.5,732.9509,-0.124629,0.12894,0.980596,7.547797,7.59695,258.2639
92832.99,17.51,732.2957,-0.119258,0.134312,0.987432,6.868791,7.356356,259.4193
92828.8,17.52,732.6708,-0.125605,0.127964,0.981084,6.890791,7.479355,260.632
92830.96,17.51,732.478,-0.121211,0.137729,0.984502,6.654662,8.157386,261.9227
92828.41,17.51,732.7052,-0.124629,0.133335,0.99085,7.363763,7.360677,262.9973
92829.5,17.52,732.6074,-0.11877,0.137241,0.98499,6.978173,7.993061,264.2787
92829.4,17.55,732.618,-0.123652,0.126987,0.986943,6.48178,7.122301,265.3914
92829.4,17.55,732.618,-0.123164,0.141636,0.983525,7.246107,7.886667,266.7044
92828.88,17.56,732.6629,-0.127559,0.127476,0.983525,7.025661,7.338507,267.8597
92834.23,17.57,732.1847,-0.121699,0.135288,0.983037,7.060888,8.175513,269.1521
92832.4,17.59,732.3485,-0.121211,0.134312,0.98792,6.867426,7.998295,270.3215
92828.3,17.6,732.7158,-0.119746,0.133335,0.980596,6.824955,7.784182,271.4908
92825.09,17.61,733.0038,-0.119746,0.126987,0.982061,6.874269,7.551942,272.6882
92823.98,17.63,733.1016,-0.118281,0.136753,0.980596,6.731274,7.925102,273.9342
92823.98,17.63,733.1016,-0.121699,0.126987,0.981084,6.921437,7.354583,275.0182
92827.03,17.64,732.8294,-0.117793,0.135288,0.982061,7.131064,7.910519,276.3165
92826.94,17.66,732.8373,-0.121211,0.130405,0.989873,6.976357,7.623091,277.4652
92823.14,17.68,733.1755,-0.129512,0.125522,0.986455,7.2271,7.448552,278.6865
92827.24,17.69,732.8109,-0.122676,0.132358,0.985479,7.027893,7.528718,279.8714
92827.02,17.71,732.8294,-0.13293,0.159702,0.996709,6.956257,8.319635,281.2121
92818.55,17.71,733.5877,-0.120723,0.131382,0.985479,7.23282,7.375916,282.337
92825.55,17.72,732.9615,-0.121211,0.130405,0.988896,7.022228,7.287632,283.5475
92826.7,17.74,732.8585,-0.154902,0.11771,0.997686,7.017262,7.496067,284.7409
92819.88,17.75,733.4688,-0.125117,0.136753,0.978154,7.161018,7.793618,285.9363
92822.97,17.76,733.1913,-0.120234,0.145054,0.989873,6.871654,7.585283,287.1827
92825.42,17.78,732.972,-0.125117,0.133335,0.986455,7.516369,7.954882,288.3983
92824.83,17.78,733.0249,-0.125605,0.138218,0.98499,7.095836,7.92406,289.5524
92821.39,17.8,733.3314,-0.124629,0.130894,0.990361,6.983822,7.481141,290.6785
92826.78,17.82,732.8505,-0.122188,0.12064,0.986455,7.027676,7.224092,291.8742
92824.61,17.83,733.046,-0.11291,0.137241,0.988408,6.287797,8.069106,293.1178
92823.14,17.85,733.1755,-0.127559,0.133335,0.988408,7.115016,7.239631,294.2614
92828.49,17.86,732.6973,-0.133906,0.133335,0.98792,7.548203,7.782668,295.566
92827.61,17.87,732.7766,-0.119746,0.127476,0.986455,6.830838,7.185413,296.6934
92821.44,17.88,733.3288,-0.117305,0.143101,0.986943,6.369649,8.563863,298.0445
92826.59,17.9,732.869,-0.125117,0.1348,0.983525,7.025884,7.25597,299.1145
92826.44,17.91,732.8822,-0.123164,0.12894,0.984014,6.983479,7.421857,300.3409
92827.88,17.93,732.7527,-0.120234,0.139683,0.982061,6.901751,8.324793,301.6705
92826.17,17.92,732.906,-0.129023,0.136753,0.984502,6.536838,8.051208,302.8743
92826.02,17.94,732.9192,-0.120234,0.150913,0.982549,6.581455,7.881269,304.0251
92821.22,17.95,733.3499,-0.124141,0.109409,0.968877,6.623815,7.741242,305.2442
92821.22,17.95,733.3499,-0.111934,0.1348,0.995732,6.276629,7.635971,306.4243
92825.95,17.97,732.9245,-0.135859,0.122104,0.979619,6.825725,7.806952,307.6557
92823.72,17.97,733.1253,-0.03918,0.104038,0.9596,4.331816,7.351253,308.7617
92824.94,18,733.017,-0.119258,0.135288,0.981084,6.211234,7.569637,310.014
92823.4,18.01,733.1544,-0.112422,0.147495,0.98792,6.382602,8.375678,311.2731
92819.83,18.01,733.4714,-0.129512,0.118198,0.982061,7.256929,6.833284,312.3005
92830,18.05,732.5625,-0.138301,0.280308,1.000615,6.91217,8.443191,312.2249
92830,18.05,732.5625,-0.300898,0.053257,1.126104,18.63468,7.607221,313.4379
92822.06,18.07,733.2733,-0.069941,-0.13522,0.864873,6.680918,-9.98733,301.6138
92836.83,18.11,731.9548,-0.405879,-0.415981,0.74915,25.68112,-17.83071,292.0947
92818.16,18.14,733.6221,-0.318965,0.395542,0.874639,20.55345,13.24342,303.8303
92828.99,18.15,732.6523,-0.160273,0.617222,0.828252,0.72046,30.23475,309.932
92828.08,18.15,732.7369,0.100469,0.436558,0.988896,-5.912666,18.24464,310.416
92826.83,18.16,732.8479,-0.014766,0.287144,0.946416,1.580792,16.5765,312.7246
92833.78,18.17,732.2243,-0.004023,0.346226,0.933232,-0.101878,17.83026,315.074
92832.57,18.18,732.3353,0.058477,0.255894,0.999639,-2.450959,16.48909,316.9831
92816.45,18.17,733.7753,0.014043,0.270054,0.983525,-1.354205,16.80947,317.6321
92801.75,18.18,735.0885,0.020391,0.220737,0.979619,-2.414716,15.03041,319.0621
92801.25,18.2,735.1334,0.033574,0.222202,0.975713,-1.982215,14.04686,320.0792
92799.05,18.21,735.329,-0.004023,0.230015,0.98499,0.023383,13.35144,320.9632
92803.45,18.22,734.9379,0.029668,0.271519,0.983037,-1.37547,13.57262,322.3439
92807.88,18.23,734.5416,0.01209,0.239292,0.947881,-0.681605,14.35213,323.9571
92805.91,18.23,734.7159,0.000859,0.251987,1.001592,-0.441263,13.01578,324.7621
92805.58,18.24,734.7477,-0.02502,0.244663,0.947393,-2.330715,19.35464,332.4167
92807.32,18.24,734.5918,0.201543,0.451206,0.863408,-9.378197,27.46102,346.4785
92800.5,18.25,735.1995,0.136602,0.498569,0.93665,-7.926956,24.51805,351.019
92802.46,18.25,735.0251,0.249395,0.499546,0.995732,-6.106261,17.41527,344.625
92802.95,18.27,734.9802,0.019902,-0.291958,0.855107,3.470708,-10.42807,323.005
92829.45,18.29,732.6127,-0.168574,-0.348599,0.898076,12.93977,-10.43233,317.4218
92813.56,18.35,734.0316,-0.492305,-0.021938,0.825322,23.65426,2.86458,322.725
92813.56,18.35,734.0316,-0.389766,0.379429,0.787725,13.72078,30.84333,340.6085
92808.41,18.36,734.494,-0.125605,0.496616,0.8971,-8.622936,27.55457,341.6832
92817.86,18.35,733.6485,0.298223,0.192417,0.945928,-16.64162,10.7671,343.4526
92848.47,18.33,730.9138,-0.18957,-0.637661,0.8971,-0.800006,-13.70337,342.3907
92848.47,18.33,730.9138,-0.223262,-0.347622,0.84583,15.84267,-8.750358,339.9883
92835.98,18.36,732.0287,-0.313594,-0.403774,0.86585,11.44666,-5.21846,343.2214
92827.7,18.42,732.7686,-0.065547,0.009312,0.994756,1.955791,3.141525,351.0206
92822.63,18.4,733.2231,-0.05041,0.132847,0.98792,1.265477,7.594681,354.9569
92824.63,18.41,733.0434,0.014531,0.053257,1.019658,-0.731005,4.493995,356.4199
92822.98,18.4,733.1913,-0.013789,0.017612,1.024541,-0.978439,3.404569,357.3528
92825.91,18.4,732.9298,0.033574,0.077671,0.987432,-2.093799,4.673102,358.1964
92827.02,18.41,732.8294,0.014043,0.049839,1.021611,-1.120038,2.795411,359.6543
92821.14,18.42,733.3552,0.022832,0.103062,1.006963,-1.794286,4.780478,1.285919
92823.15,18.42,733.1755,0.034063,0.091831,0.941533,-1.307928,6.280696,2.330414
92821.27,18.43,733.3446,0.040898,0.083042,1.115361,-3.938377,3.285904,3.087692
92835.06,18.43,732.1107,0.090703,0.186069,1.011846,0.8332,-7.627502,3.69223
92831.52,18.44,732.4277,-0.204707,-0.485806,0.942021,9.190564,-22.18044,359.9391
92823.34,18.44,733.157,-0.23791,-0.369595,0.893682,20.63723,-21.51238,353.3012
92809.38,18.46,734.4068,-0.511348,0.39896,0.746709,27.32594,8.598857,2.762665
92801.59,18.47,735.1017,-0.165645,0.438511,0.697881,4.956475,23.2829,13.28542
92802.32,18.48,735.0383,0.292363,0.491245,0.855107,-14.38917,14.58221,15.88571
92799.89,18.46,735.255,0.344121,0.247104,0.920537,-18.53153,6.940979,17.22214
92817.66,18.47,733.667,0.339727,0.08939,0.922979,-20.18039,5.075271,17.99356
92815.39,18.47,733.8704,0.133672,0.048862,0.939092,0.669706,1.685842,20.59203
92812.27,18.49,734.1479,-0.390742,0.062534,0.917119,21.49816,3.069968,21.47472
92805.08,18.49,734.7926,-0.534785,0.097202,0.821904,28.39712,5.153962,23.61444
92804.72,18.49,734.8243,-0.567012,0.099155,0.817998,20.79243,3.430773,23.53217
92806.69,18.49,734.6473,0.161016,-0.019497,1.023564,-8.820334,-1.053628,21.96552
92821.8,18.49,733.2971,0.286016,-0.036099,0.963506,-14.487,-2.057323,23.0535
92827.91,18.51,732.7501,-0.038203,0.005894,0.983037,-2.491406,2.176307,25.35767
92827.91,18.51,732.7501,-0.159297,0.508335,0.90833,3.101712,30.71761,33.50671
92800.77,18.52,735.1757,-0.103145,0.684116,0.805791,0.94251,35.20841,34.65508
92799.76,18.52,735.2682,-0.016719,0.265659,0.948369,1.720618,5.467171,31.42381
92817.2,18.52,733.7093,-0.138789,-0.382778,0.909795,5.170773,-11.73079,29.12094
92831.09,18.53,732.4674,-0.136836,-0.367642,0.87708,6.415161,-8.572899,30.90196
92821.1,18.55,733.3578,-0.150508,-0.026821,0.991826,-1.682022,5.243145,34.80844
92825.93,18.58,732.9271,0.172246,0.123569,0.997686,-1.776019,6.204746,36.64351
92831.25,18.58,732.4515,-0.534785,0.04105,0.838018,26.67174,9.224745,42.20134
92827.91,18.58,732.7501,-0.661738,0.094761,0.746709,36.4261,10.4442,45.41014
92828.22,18.58,732.7237,-0.675898,0.08939,0.894658,24.57671,5.935133,42.64497
92838.77,18.58,731.7804,0.087773,-0.06686,1.075811,4.454721,-3.820886,39.38318
92838.77,18.58,731.7804,-0.088496,-0.204067,0.907842,4.737629,-0.058595,36.57901
92848.33,18.58,730.9269,0.04627,-0.185024,0.9596,2.919047,-2.432808,33.90309
92863.63,18.6,729.5582,-0.007441,-0.021938,0.926885,2.439841,-0.874764,36.9688
92854.47,18.61,730.3774,-0.117793,0.092319,0.874639,2.863044,1.750159,42.23735
92845.01,18.62,731.2229,0.066289,0.046909,1.096318,2.886739,-0.992618,50.49573
92839.85,18.63,731.6826,-0.183711,0.127476,0.971318,7.57156,-0.740453,50.79613
92822.77,18.63,733.2099,-0.062129,-0.08395,1.000615,5.438354,-4.612798,51.19946
92824.08,18.63,733.0936,-0.088984,-0.203579,0.965947,6.212028,-6.723652,47.82996
92839.59,18.63,731.7064,-0.227168,0.102573,0.951299,5.884369,3.953967,44.22351
92852.3,18.62,730.5703,0.044805,-0.078579,0.915654,6.203691,-1.021747,43.65968
92853.25,18.62,730.4857,-0.291621,-0.050259,0.85999,3.049493,4.007577,41.25424
92850.17,18.61,730.7605,-0.008906,0.133823,0.938115,-3.23107,7.855948,28.65964
92840.88,18.6,731.5928,-0.024043,0.205601,1.000127,0.385769,10.64373,22.20015
92836.23,18.59,732.0076,-0.00207,0.218296,1.023564,1.202328,11.20264,16.74992
92831.08,18.6,732.4674,-0.106563,0.042515,0.889287,3.087953,10.3462,10.04077
92834.47,18.61,732.1635,-0.031367,0.321323,0.995732,1.051365,15.02332,9.545959
92826.45,18.63,732.8796,-0.135859,-0.050747,0.974248,-1.025866,-2.325371,49.57336
92835.74,18.64,732.0499,-0.190547,-0.155239,0.979619,7.266749,-7.858229,70.25895
92811,18.63,734.2615,-0.335078,0.010776,0.815068,5.031595,-5.017527,69.94891
92813.27,18.63,734.058,0.191777,-0.012173,0.956182,-16.82463,-3.173276,62.79174
92862.95,18.64,729.619,0.07459,0.122593,0.919072,1.172227,2.205074,65.59622
92817.38,18.61,733.6907,-0.479121,0.067905,0.849248,18.85964,2.922061,70.04176
92817.38,18.61,733.6907,-0.450312,0.064487,0.854619,26.29988,3.211639,73.48491
92819.16,18.59,733.5322,-0.631953,0.051304,0.775029,32.04883,4.756914,75.942
92823.1,18.59,733.1808,-0.503047,0.078159,0.782842,28.65946,3.014392,70.59994
92821.13,18.59,733.3578,-0.354121,-0.014614,1.029912,18.44247,4.383495,66.63338
92818.89,18.6,733.556,-0.291133,0.072788,0.902959,16.05352,4.184002,64.82021
92818.89,18.6,733.556,-0.22082,0.093784,1.009404,13.11731,4.80831,66.10941
92819.85,18.6,733.4714,-0.142207,0.12894,0.957158,12.66047,3.745138,68.35797
92819.85,18.6,733.4714,-0.260859,0.022007,0.965459,13.90083,1.411799,71.27197
92816.83,18.59,733.741,-0.302363,-0.037563,1.022588,13.01373,2.460151,73.81425
92826.06,18.56,732.9166,-0.148555,0.094761,1.022588,9.981228,3.941116,73.96906
92823.99,18.55,733.1016,-0.029902,0.17728,1.037725,6.624474,4.533187,72.78284
92837.33,18.53,731.9099,-0.48791,0.070347,0.963994,8.359535,2.605154,71.56485
92837.3,18.53,731.9125,-0.123652,0.1348,0.921514,7.126644,3.145617,72.54536
92836.38,18.54,731.9944,0.036992,0.046421,1.011846,6.366643,1.920141,74.05414
92832.54,18.51,732.3379,0.101934,0.137729,1.01624,5.079695,1.954331,74.82132
92841.56,18.49,731.5294,-0.101191,0.103062,0.982549,5.346927,4.220166,74.42007
92835.63,18.46,732.0605,-0.133418,0.082065,0.954229,7.202948,3.837134,74.62727
92840.22,18.42,731.6509,-0.223262,-0.018521,1.130986,6.169413,4.325121,74.51021
92841.34,18.44,731.5505,-0.189082,-0.008755,1.080693,-1.2579,6.4598,66.94073
92850.67,18.45,730.7156,0.017949,0.289097,0.86292,-2.089461,7.075764,70.4819
92847.8,18.46,730.9719,-0.036738,0.157749,0.959111,-1.863793,6.499893,70.87727
92839.33,18.43,731.7302,-0.234004,-0.030728,0.951299,3.492003,-1.804818,83.19365
92816.81,18.41,733.741,-0.221309,0.08353,0.90833,8.897052,-7.518883,104.5301
92813.27,18.42,734.0607,-0.338496,-0.137661,0.945439,16.24259,-11.83577,112.7625
92813.63,18.42,734.0263,-0.236934,-0.647427,0.910771,20.61753,-15.05288,119.6155
92823.08,18.41,733.1808,-0.678828,-0.070767,0.694951,27.94697,-9.949806,120.9716
92786.66,18.38,736.4387,-0.604121,0.062534,0.740361,26.71122,-9.056501,125.6115
92794.16,18.38,735.7676,-0.33166,-0.099575,0.792119,27.09609,-14.36384,126.4883
92787.2,18.76,736.3885,-0.550898,-0.265103,0.861943,29.21559,-18.00085,124.7149
92801.71,19.83,735.0938,-0.472285,-0.479946,0.907842,25.29098,-22.35406,119.8642
92817.95,19.88,733.6406,-0.513789,-0.323208,0.778447,27.66576,-21.48843,120.9088
92810.31,19.09,734.3223,-0.552363,-0.308071,0.73499,30.1954,-22.33952,121.191
92806.97,18.66,734.6208,-0.52502,-0.31979,0.750127,31.51819,-22.7677,121.6166
92801.38,18.14,735.1202,-0.569453,-0.309536,0.725713,32.55746,-22.86347,122.3794
92801.38,18.14,735.1202,-0.505488,-0.429653,0.800908,30.94768,-23.6303,123.0904
92796.95,18.12,735.5166,-0.51916,-0.33688,0.775029,32.1019,-22.7056,124.6911
92792.94,18.22,735.8759,-0.505977,-0.346646,0.799443,32.92126,-21.7524,125.84
92772.77,18.48,737.6806,-0.55041,-0.258755,0.729619,33.36643,-21.9995,126.8258
92772.77,18.48,737.6806,-0.50207,-0.299282,0.78626,33.08747,-21.69809,128.6913
92777.56,19.35,737.2526,-0.51916,-0.30856,0.769658,33.09512,-22.00612,129.6346
92814.13,20.9,733.9814,-0.385859,-0.381802,1.102178,20.88023,-24.37462,125.9103
92814.66,20.62,733.9338,-0.300898,-0.388638,0.770146,26.4609,-27.45274,129.2686
92799.02,20.38,735.3316,-0.521602,-0.253384,0.713018,36.65776,-22.50655,133.1241
92795.02,20.19,735.691,-0.61291,-0.289028,0.699346,39.52502,-22.10904,134.746
92791.86,20.69,735.9737,-0.551875,-0.293911,0.734014,36.4491,-21.3563,135.4667
92790.15,22.63,736.127,-0.502559,-0.51022,0.591924,31.50119,-23.53083,133.979
92817.51,23.5,733.6802,-0.309687,-0.418911,1.159307,8.56216,-20.67815,128.913
92828.72,22.9,732.6788,-0.023066,-0.194302,1.054326,2.142384,-13.36118,123.8065
92838.23,22.31,731.8279,0.078496,0.165073,0.890264,4.812591,-3.564432,118.9169
92829.06,21.96,732.6471,-0.663691,0.108921,0.748174,19.94014,0.176937,122.2796
92833.05,21.61,732.2903,-0.413691,0.030308,0.817998,5.542602,-0.494978,131.4728
92827.58,21.28,732.7818,0.611211,-0.013149,0.933232,-28.57604,1.276377,142.6021
92831.01,21.22,732.4727,0.253301,0.136265,0.87415,-10.17641,0.576087,158.3344
92816.78,21.13,733.7463,-0.567012,0.122593,0.832646,12.19726,-1.301185,167.3457
92824.73,20.98,733.0355,-0.505488,0.197788,0.785771,2.089254,0.278679,170.1171
92823.06,20.83,733.1835,0.448125,0.057163,0.857061,-33.6089,0.862609,164.9241
92828.55,20.78,732.6946,0.786016,0.056675,0.844854,-33.96965,2.449318,161.2755
92827.02,20.79,732.8294,-0.014766,0.098667,0.945928,-3.376994,-6.166851,169.7636
92825.38,20.79,732.9774,-0.438594,-0.394497,0.851201,19.66677,-17.54645,171.2494
92831.82,20.7,732.4013,-0.456172,0.3848,0.704717,5.021805,16.64504,170.2043
92836.82,20.56,731.9548,0.453008,0.332554,0.776006,-28.30954,10.63604,185.6861
92835.28,20.35,732.0922,0.299688,-0.320767,0.968877,-4.44113,-20.00844,207.3771
92825.92,20.11,732.9271,-0.412715,-0.232876,0.853154,23.84694,-4.276532,198.8621
92837.92,19.98,731.8571,-0.469844,0.595249,0.737432,10.25278,28.0786,196.28
92852.67,19.94,730.5385,0.283574,0.562534,0.885381,3.495412,34.28405,198.7401
92852.05,19.98,730.594,-0.546016,0.479526,0.70667,22.8395,9.270972,211.2633
92836.15,19.93,732.0129,-0.171016,-0.450649,0.808721,-1.411343,-24.22578,217.5557
92843.77,19.9,731.3339,0.713262,0.047886,0.924443,-15.70954,3.644568,201.5108
92848.8,19.8,730.8846,-0.495234,0.590854,0.70667,14.76279,15.04531,202.7181
92848.8,19.8,730.8846,-0.577754,0.108433,0.644658,15.01006,-18.06098,207.3521
92836.33,19.73,731.9971,0.175176,-0.573208,0.987432,5.895737,-29.78596,211.1369
92852.02,19.72,730.594,-0.603145,0.126987,0.83167,21.14805,8.567106,199.1841
92847.25,19.59,731.0221,0.572148,0.491245,0.757939,-13.79139,14.50008,198.6622
92847.25,19.59,731.0221,0.68543,-0.218228,0.957646,-0.089357,-26.81799,214.1202
92825.67,19.5,732.9509,-0.495234,-0.387173,0.7721,30.08847,-19.83349,198.7261
92826.52,19.45,732.8743,-0.46252,0.522007,0.794561,18.65358,17.14907,195.1486
92829.18,19.38,732.6365,0.755742,0.305698,0.94251,-4.231041,4.66712,209.9986
92824.41,19.4,733.0646,-0.037715,-0.347622,0.81458,26.6694,-21.85592,220.1823
92824.41,19.4,733.0646,-1.021602,-0.292935,0.600713,35.3319,-27.95362,216.8065
92829.1,19.41,732.6444,0.364629,-0.278286,0.855596,3.597993,-9.492324,216.5863
92839.93,19.41,731.6774,-0.450801,0.801792,0.829717,30.97222,14.46695,215.5463
92837.53,19.39,731.8914,-0.791133,0.048374,0.551885,45.64141,-17.72177,218.3661
92824.97,19.39,733.0143,-0.059687,-0.354458,0.812627,4.657632,-27.42749,226.2984
92823.13,19.37,733.1782,0.558477,0.554233,0.97083,6.208154,6.688299,212.308
92848.72,19.29,730.89,-0.58459,0.313999,0.703252,32.12149,-8.661691,215.8264
92838.61,19.23,731.7936,-0.33752,-0.377896,0.791143,23.40142,-38.86469,222.4344
92837.36,19.23,731.9072,-0.657344,-0.352017,0.646611,44.534,-26.84798,207.073
92832.45,19.24,732.3432,-0.343867,0.739292,0.546025,16.1389,24.56838,214.8889
92852,19.22,730.5967,0.365117,0.076206,0.949346,4.008165,-5.859444,236.0602
92819.13,19.18,733.5349,-0.375605,-0.545376,0.844854,46.48848,-19.06174,230.6142
92834.09,19.17,732.1979,-0.534297,0.643589,0.603643,36.05398,19.54496,224.805
92848.11,19.12,730.9454,0.749883,0.166538,0.728643,-4.190015,9.505793,242.2153
92838.6,19.02,731.7936,-0.524043,-0.55563,0.764775,31.96262,-10.44719,249.416
92838.6,19.02,731.7936,-0.725215,0.074741,0.613408,40.11036,27.80952,242.1409
92830.94,19.04,732.4806,0.093633,0.762729,0.721318,2.74642,40.18858,230.8705
92833.96,19.05,732.2111,0.693242,0.087437,0.904912,-2.808897,34.68459,238.2732
92828.68,19.01,732.6814,-0.392695,0.931675,0.608037,27.66662,48.93515,265.0408
92857.91,18.97,730.0709,-0.602656,-0.136196,0.601201,30.56285,7.846181,268.6888
92831.42,18.95,732.4357,-0.082148,-0.22604,0.759404,14.251,13.22289,257.9999
92821.09,18.97,733.3605,0.05457,0.097202,1.129521,3.855228,16.77458,249.1605
92824.12,18.98,733.0909,0.01502,0.185581,0.914678,7.820812,9.499267,240.9029
92822.91,18.96,733.1967,0.131719,0.17728,1.040166,9.958549,4.256823,227.6902
92819.23,18.95,733.5269,-0.041133,0.024937,1.031377,8.059644,2.309669,213.6238
92837.34,18.95,731.9072,0.025762,0.224644,0.975713,11.74571,-0.100834,191.4026
92868.89,18.95,729.088,-0.263789,0.096714,1.063604,12.84372,3.981291,164.5653
92857.91,18.94,730.0682,0.041387,-0.174771,0.95667,10.89995,1.688341,135.5791
92924.03,18.98,724.1627,0.02918,0.009312,0.957158,2.6445,5.204652,98.03024
93280.55,19.03,692.3762,-0.011348,-0.102017,1.010381,1.042065,1.578384,105.9286
95898.94,19.06,461.88,0.109746,-0.106411,0.917607,5.353229,-5.823781,155.9619
92875.88,19.07,728.4644,-0.179805,-0.219692,0.747197,2.235654,-4.051408,201.2
92847.66,19.07,730.985,-0.06457,0.173374,0.817021,2.182392,-2.619565,232.3394
92823.51,19.05,733.1438,-0.243281,0.044956,0.944463,6.22977,-1.41481,251.4402
92823.61,19.03,733.1359,-0.157344,0.153354,1.06751,8.427926,3.227693,257.8702
92831.88,19,732.3961,-0.087031,0.000522,1.095342,6.658036,0.348201,257.0544
92828.5,18.95,732.6973,-0.288691,0.084995,1.013799,6.171022,2.188318,242.0828
92822.76,18.9,733.2099,-0.01916,0.159702,1.090459,8.227533,3.913944,215.4301
92840.88,18.87,731.5928,-0.063105,-0.10104,0.916631,6.274841,2.056144,210.1789
92856.18,18.89,730.2241,-0.159297,-0.033657,0.935186,6.336779,2.532225,206.4878
92847.9,18.89,730.9639,-0.111445,0.212437,0.872197,3.264426,7.17385,216.142
92847.9,18.89,730.9639,-0.066035,0.282261,0.968389,5.219026,9.758271,217.9165
92853.88,18.89,730.4302,-0.224727,0.020054,1.047979,7.814974,4.688584,220.0689
92849.77,18.88,730.7975,-0.133906,0.084507,0.832158,9.968091,7.316409,223.5668
92837.81,18.86,731.8649,-0.181758,0.202183,0.997197,12.2071,6.671938,224.4449
92843.53,18.84,731.355,-0.458613,0.517124,1.391729,8.602313,-3.718873,226.8773
92843.34,18.82,731.3708,-0.206172,0.174351,0.98792,8.137327,-1.74919,228.235
92840.06,18.82,731.6641,-0.169062,0.105015,0.981084,8.374047,0.382192,229.8052
92836.28,18.8,732.0024,-0.163203,0.100132,0.981572,8.507231,2.551753,231.3751
92836.28,18.8,732.0024,-0.160762,0.11478,0.983037,8.654128,4.681499,232.9229
92825.94,18.79,732.9271,-0.154902,0.104526,0.982549,9.235784,6.223945,234.3975
92804.52,18.78,734.8428,-0.156367,0.111362,0.976689,8.773847,5.764676,235.5759
92798.95,18.78,735.3395,-0.160762,0.112827,0.976689,9.238233,6.586063,236.9145
92840.3,18.78,731.643,-0.162227,0.106479,0.981084,9.259642,6.156254,238.0405
92808.72,18.77,734.465,-0.15832,0.096714,0.979619,8.814126,5.763972,239.2069
92812.27,18.77,734.1479,-0.15832,0.10062,0.982549,9.039895,5.946257,240.4769
92823.47,18.77,733.1465,-0.149531,0.11478,0.99085,8.779765,6.688068,241.7893
92826.76,18.77,732.8531,-0.15832,0.112339,0.983037,9.042729,6.579463,242.966
92823.73,18.76,733.1227,-0.157832,0.100132,0.977666,9.409656,5.451138,244.0258
92823.83,18.77,733.1147,-0.156855,0.102573,0.983037,9.31607,6.146159,245.358
92825.28,18.79,732.9853,-0.151973,0.094272,0.981572,8.592231,5.001235,246.4381
92828.27,18.79,732.7184,-0.158809,0.109897,0.981572,9.277723,6.47399,247.9053
92853.99,18.8,730.4196,-0.16125,0.107944,0.984502,9.152802,6.161204,249.093
92832.34,18.8,732.3538,-0.155879,0.106479,0.980596,8.937425,6.045345,250.2792
92838.88,18.8,731.7698,-0.15832,0.108921,0.983037,8.710263,6.230062,251.5275
92839.14,18.79,731.746,-0.152949,0.099644,0.982061,8.642354,5.666396,252.6561
92833.56,18.79,732.2454,-0.153926,0.106968,0.984014,8.791883,6.673858,254.0392
92837.83,18.79,731.8649,-0.157344,0.10062,0.981084,9.038495,5.521155,255.0805
92836.51,18.79,731.9812,-0.155879,0.106968,0.982549,9.021427,6.421233,256.4552
92834.28,18.8,732.182,-0.160762,0.104038,0.983037,9.016191,5.888513,257.6093
92833.75,18.81,732.2269,-0.161738,0.108433,0.983525,9.611021,6.50293,258.9274
92830.86,18.82,732.4859,-0.153926,0.101597,0.981572,8.942124,5.460328,259.9875
92829.28,18.83,732.6285,-0.159297,0.102085,0.983037,9.54442,5.820681,261.2741
92824.02,18.83,733.0989,-0.156367,0.098179,0.978643,8.984518,5.517238,262.4347
92824.61,18.82,733.046,-0.153926,0.10062,0.982549,8.888963,5.794451,263.6754
92826.81,18.81,732.8479,-0.156367,0.110386,0.979131,9.197419,6.693008,265.0438
92809.44,18.81,734.4016,-0.104609,0.091343,0.963506,6.817351,5.788845,266.0866
92800.5,18.81,735.1995,-0.155391,0.139194,0.982061,7.845878,6.073812,267.4002
92803.52,18.81,734.93,-0.149531,0.108921,0.979619,8.579319,6.535732,268.7352
92799.13,18.8,735.3237,-0.165645,0.099155,0.981084,9.475056,5.97762,269.9188
92800.41,18.8,735.2075,-0.153437,0.130405,0.98792,7.812001,6.095409,271.1541
92800.41,18.8,735.2075,-0.130977,0.103062,0.981084,7.44975,5.95687,272.353
92801.42,18.8,735.1176,-0.139277,0.113804,0.982549,7.945934,6.539171,273.604
92804.91,18.79,734.8058,-0.14416,0.087925,0.982549,8.385408,5.608078,274.6476
92800.17,18.77,735.2286,-0.154414,0.120151,0.984014,8.76588,6.834249,276.1008
92804.32,18.76,734.8586,-0.140742,0.092319,0.983037,8.562389,5.633513,277.126
92799.72,18.76,735.2709,-0.148555,0.114292,0.983037,8.531812,6.516973,278.4558
92799.53,18.74,735.2867,-0.155391,0.085972,0.981084,8.848567,4.825161,279.3749
92802.03,18.73,735.0648,-0.190547,0.109897,0.987432,9.953336,6.23595,280.7609
92796.11,18.73,735.5932,-0.137324,0.089878,0.988896,7.81998,5.17148,281.8467
92797.98,18.72,735.4241,-0.145625,0.137241,0.986943,8.31665,6.852808,283.2871
92800.52,18.71,735.1995,-0.146602,0.102085,0.988408,8.399525,5.772762,284.2947
92798.22,18.7,735.4056,-0.172969,0.100132,0.989385,8.618653,6.191683,285.6118
92800.19,18.7,735.2286,-0.150996,0.095737,0.983037,8.993722,5.865056,286.7795
92800.78,18.7,735.1757,-0.17248,0.137241,0.985479,8.615053,5.891493,287.928
92800.36,18.65,735.2127,-0.15002,0.079624,0.991338,8.626992,5.532206,289.1101
92797.54,18.63,735.4664,-0.148066,0.088413,0.985967,8.479658,5.177189,290.3381
92800.8,18.63,735.1731,-0.167109,0.115757,0.978154,9.073975,6.132221,291.7094
92797.94,18.6,735.4294,-0.164668,0.091343,0.979131,8.6901,5.535908,292.8748
92799.58,18.61,735.2814,-0.176387,0.115757,0.982549,8.832335,6.509034,294.2199
92802.34,18.58,735.0357,-0.166621,0.085972,0.976689,9.177387,5.458339,295.2537
92797.68,18.58,735.4532,-0.158809,0.121616,0.982549,8.96255,6.544711,296.6779
92802.77,18.6,734.9987,-0.154414,0.102573,0.978643,8.830202,6.350749,297.8646
92799.05,18.58,735.329,-0.165645,0.112827,0.983525,9.609994,6.569178,299.1058
92799.09,18.59,735.3264,-0.157344,0.087437,0.979619,9.19343,4.916322,300.0682
92800.2,18.6,735.226,-0.156855,0.116733,0.984014,9.021503,6.911398,301.6391
92799.02,18.62,735.3316,-0.086543,0.218296,0.980596,8.913993,6.241403,302.7612
92799.02,18.62,735.3316,-0.159785,0.127476,0.979619,9.033984,7.666966,304.2188
92798.06,18.62,735.4188,-0.15002,0.101108,0.98499,8.999824,5.636282,305.1149
92804.34,18.62,734.856,-0.147578,0.084019,0.983037,8.583706,5.792735,306.3134
92801.71,18.62,735.0938,-0.139766,0.087437,0.974736,8.1,5.04486,307.4311
92801.05,18.62,735.1519,-0.153926,0.137241,0.975225,8.066302,3.947387,308.6794
92802.7,18.62,735.004,-0.167598,0.121128,0.998662,8.766363,6.104259,309.8628
92799.31,18.61,735.3079,-0.154902,0.102573,1.046025,7.461295,3.728812,310.0108
92799.31,18.61,735.3079,-0.152949,0.065952,1.025518,8.536261,3.912457,310.6254
92802.3,18.62,735.0383,-0.015742,0.057651,0.938604,2.760022,3.683855,309.929
92804.18,18.61,734.8719,-0.043086,0.141147,1.102666,1.975465,6.482387,311.6005
92801.88,18.6,735.0779,-0.088984,0.072788,1.04749,3.670034,4.394454,312.5797
92805.46,18.6,734.7556,-0.060664,0.109409,1.097783,4.571942,2.54385,313.0948
92805.46,18.6,734.7556,-0.008906,0.008335,0.977666,-1.074983,1.899705,311.4669
92802.02,18.59,735.0648,-0.040156,0.072788,0.932744,-0.924662,3.81211,312.9482
92799.71,18.58,735.2709,-0.106563,0.147495,1.00501,1.728561,5.67984,315.7554
92799.05,18.58,735.329,-0.002559,0.051792,1.014775,2.052289,0.71645,313.001
92802.34,18.58,735.0357,-0.05627,-0.046353,1.013799,0.819463,0.770493,314.0202
92804.91,18.58,734.8058,0.06873,-0.063442,0.971318,4.779671,-9.326944,311.8836
92820.84,18.59,733.3816,-0.498164,-0.424771,0.977666,23.13749,-17.15804,307.9611
92805.3,18.62,734.7714,-0.307734,0.120151,0.756475,13.67703,18.56252,316.854
92799.28,18.61,735.3105,-0.05041,0.432163,0.94251,2.466874,22.05802,319.3981
92802.38,18.59,735.033,-0.018672,0.380894,0.968389,3.297547,14.81944,319.3994
92804.78,18.56,734.819,-0.109492,0.079624,0.998174,6.575697,6.001904,315.9706
92804.81,18.53,734.8163,-0.122676,0.045933,0.969854,5.901919,2.938566,316.118
92812.98,18.53,734.0845,-0.046992,0.058628,1.003057,1.860338,0.74405,317.088
92806.59,18.51,734.6552,0.144414,-0.479946,0.895146,-4.262653,-15.98149,314.3425
92882.45,18.51,727.8777,0.013555,-0.65231,0.79749,9.344518,-29.69723,306.4738
92842.25,18.57,731.4686,-0.307246,-0.400356,0.685186,28.02368,-17.51722,306.7705
92825.95,18.62,732.9245,-0.644648,0.116245,0.718877,26.55693,11.70899,323.6601
92833.16,18.61,732.2824,-0.201289,-0.352505,0.942998,14.14026,-1.47261,326.7226
92838.21,18.59,731.8306,-0.174922,0.003452,1.316045,5.000211,-4.658558,328.982
92834.63,18.56,732.1503,-0.233027,-0.397915,-0.586299,8.85522,-3.112832,329.8656
92840.55,18.56,731.6219,-0.116328,-0.045376,1.015752,11.58434,-3.040039,331.1416
92830.36,18.56,732.5308,-0.125117,-0.227993,0.912725,9.226846,-7.785218,332.098
92830.36,18.56,732.5308,-0.065059,-0.232388,0.899541,9.257098,-9.323135,335.8168
92827.94,18.55,732.7475,-0.09875,-0.233853,0.865361,10.60575,-8.367773,340.9607
92829.12,18.53,732.6418,-0.197871,0.137729,0.977178,6.951747,-6.962533,343.5499
92841.11,18.55,731.5717,0.119023,-0.023892,1.166631,2.512947,-6.71658,348.0919
92841.56,18.56,731.5294,0.080449,-0.202603,0.994268,2.189974,-2.327437,349.9545
92845.31,18.54,731.1965,0.152227,0.501011,0.9596,1.617693,8.058751,354.2035
92837.3,18.5,731.9125,0.041387,0.31644,0.66126,1.825342,2.36234,358.2088
92843.44,18.48,731.3629,-0.044062,0.09769,1.442998,-1.759682,-0.037222,1.791367
92843.44,18.48,731.3629,-0.360957,0.085483,1.812627,10.7275,-3.591763,355.0099
92815.39,18.5,733.8704,0.023809,0.080601,0.201787,20.82624,-5.005854,348.1093
92815.82,18.52,733.8308,-0.333125,-0.122036,0.541143,23.36572,-6.386814,346.1402
92817.78,18.55,733.6564,-0.247187,-0.043911,0.702275,23.01682,-5.476842,350.1511
92825.73,18.52,732.9456,-0.176875,0.043003,0.930791,16.64075,1.312928,355.2594
92839.17,18.52,731.7434,-0.212031,0.001987,1.154912,8.338956,3.468973,1.055664
92840.48,18.52,731.6271,-0.076777,0.088413,1.162236,4.942108,4.865164,2.749115
92850.04,18.52,730.7737,-0.053828,0.070347,0.998174,4.796543,5.708732,4.219757
92852.6,18.55,730.5438,-0.107051,0.14896,1.0304,5.558445,7.23128,5.690186
92845.86,18.57,731.1462,-0.058711,0.143589,1.001592,4.606686,7.127711,7.079819
92844.29,18.57,731.2863,-0.079707,0.146519,0.989385,4.527791,8.377316,8.58313
92846.06,18.55,731.1277,-0.076289,0.135288,0.983525,4.404125,8.037569,9.591232
92845.48,18.53,731.1806,-0.085078,0.122593,0.992803,5.050746,6.466523,10.60561
92843.41,18.52,731.3655,-0.092402,0.137241,0.988896,4.600831,7.095362,12.03087
92841.66,18.5,731.5215,-0.090938,0.120151,0.989385,5.15069,6.980867,13.32001
92848.92,18.51,730.8741,-0.092891,0.105503,1.003545,5.09639,6.090116,14.57474
92842.81,18.49,731.4184,-0.13,0.074741,1.080693,5.098912,-2.097789,11.33055
92838.64,18.46,731.791,-0.112422,-0.265103,0.878057,14.25229,-24.23428,3.177292
92845.17,18.46,731.207,-0.316035,-0.623013,0.645146,25.74801,-34.07936,358.6195
92823.05,18.52,733.1861,-0.554805,-0.280239,0.707646,35.53719,-11.22202,11.40973
92834.47,18.58,732.1635,-0.497676,0.235874,0.875127,31.32521,10.44752,25.62068
92834.47,18.58,732.1635,-0.487422,0.302769,0.809209,23.28399,23.88531,31.41046
92846.03,18.55,731.1304,-0.284785,0.47269,0.864385,12.36205,25.7894,33.0993
92839.56,18.53,731.709,-0.010859,0.390171,0.919072,2.915469,19.49089,39.48528
92840.94,18.53,731.5849,-0.017695,0.230015,0.931768,-0.841497,11.04959,41.51674
92840.94,18.53,731.5849,0.329473,0.064487,0.95374,-10.69624,1.61922,39.80826
92848.73,18.52,730.89,0.226445,-0.129849,0.972783,-5.853729,-16.60401,38.67155
92838.55,18.52,731.7989,-0.191523,-0.529751,0.798467,9.452964,-27.2386,33.90974
92838.38,18.57,731.8148,-0.375117,-0.505825,0.697881,17.63172,-31.23592,31.11633
92836.96,18.63,731.9416,-0.417109,-0.555142,0.685674,15.29739,-32.15942,32.14081
92850.88,18.68,730.6971,-0.073359,-0.553189,0.830693,4.667522,-29.36075,35.40395
92832.81,18.72,732.3115,0.06043,-0.275845,0.960576,-1.013545,-17.91153,41.4446
92830.25,18.69,732.5414,0.159063,0.164585,1.015752,-3.124584,-0.980011,50.57568
92838.34,18.64,731.8174,0.083379,0.306187,0.957646,-3.38367,10.83244,58.85577
92832.92,18.62,732.3009,0.07459,0.402378,0.933721,-3.768497,15.01385,60.78532
92835.98,18.6,732.0287,0.148809,0.39603,0.964971,-5.677195,16.33307,60.89703
92834.17,18.58,732.1899,0.106328,0.346714,0.946416,-3.879907,16.33775,61.17381
92830.79,18.57,732.4938,-0.046504,0.192417,0.975713,1.391644,9.567385,62.85736
92828.03,18.56,732.7396,-0.042598,0.215366,0.980107,2.927253,9.37479,63.31594
92830.86,18.54,732.4859,-0.11291,0.137729,0.938115,4.526252,7.16682,62.05487
92831.13,18.54,732.4621,-0.069941,0.269077,0.975713,2.725047,8.856002,59.51687
92838.94,18.56,731.7645,-0.072383,0.200718,0.9679,3.822367,11.35256,59.30515
92837.81,18.58,731.8649,-0.113887,0.119175,0.98792,4.634945,8.179018,60.39667
92826.22,18.61,732.9007,0.028691,-0.031704,0.935186,2.982311,8.40679,59.06068
92833.45,18.61,732.256,0.32752,0.432163,0.797979,-0.535304,7.838708,60.87808
92819.36,18.61,733.5137,0.027227,0.177769,0.904424,-2.414078,2.539428,58.58332
92800.7,18.62,735.1837,-0.063105,0.027378,0.991826,0.108631,1.464846,58.56055
92801.75,18.63,735.0885,-0.038203,-0.017544,0.949346,7.98474,2.795497,61.01546
92799.22,18.64,735.3157,0.006719,-0.408169,0.943975,-1.413663,-22.44156,34.20837
92863.01,18.68,729.6137,-0.187617,-0.3652,0.926396,11.69187,-9.944121,37.80202
92808.13,18.75,734.5178,-0.13,0.236362,0.922979,7.223995,5.450331,53.44765
92808.13,18.75,734.5178,-0.123164,0.111362,1.070439,1.248581,2.776716,56.6246
92808.07,18.74,734.5231,-0.071406,0.283726,0.921025,-4.886369,-3.515272,58.60172
92815.72,18.75,733.8414,0.10584,-0.411099,1.03626,5.74334,-20.32954,54.70283
92834.42,18.75,732.1688,-0.342891,-0.040493,0.70374,12.91527,16.51665,65.62714
92804.64,18.79,734.8296,-0.189082,0.313999,0.878057,-1.24613,4.051358,76.14902
92807.33,18.8,734.5891,0.08875,-0.082485,1.081182,-6.099466,-5.056512,78.15884
92819.55,18.81,733.4979,0.151738,-0.030239,1.008428,-4.936689,-2.934247,79.35987
92819.55,18.81,733.4979,0.056523,-0.01022,0.982061,-2.689813,0.139758,80.759
92813.38,18.81,734.0501,0.046758,-0.015591,1.007451,-2.868595,-0.262753,80.75114
92810.75,18.81,734.2853,0.017461,-0.070278,1.004521,-2.412963,-1.370024,81.11968
92815.05,18.82,733.8995,-0.060664,-0.259731,0.991826,3.865595,-10.22686,78.66619
92818.47,18.83,733.593,-0.076289,-0.210903,0.95374,18.38471,-21.17782,67.66832
92818.47,18.83,733.593,-0.45373,-0.371548,0.737432,27.51677,-0.793821,62.78101
92812.38,18.85,734.1373,-0.206172,0.600132,0.753545,13.09136,24.4458,78.29019
92813.37,18.85,734.0501,0.163945,0.293979,1.065557,2.37893,7.732597,90.35325
92812.95,18.84,734.0871,0.06873,0.091343,0.996709,2.650571,5.320431,93.72326
92814.72,18.85,733.9286,0.031133,0.081089,0.999639,2.067037,3.445265,94.75506
92808.99,18.87,734.4412,0.028203,0.060093,1.006475,0.463755,3.357542,96.60999
92807.71,18.88,734.5548,0.01209,0.079136,0.992803,-0.675609,4.926256,98.37324
92808.17,18.89,734.5151,-0.001094,0.080112,1.003545,-0.405177,4.108025,99.67501
92808.92,18.9,734.4465,-0.010371,0.105503,0.974248,0.439031,3.441976,100.174
92814.18,18.9,733.9788,0.100469,-0.031216,0.969854,2.125621,3.109832,101.9602
92823.72,18.9,733.1253,0.058965,0.028354,0.964482,-0.020434,4.100521,103.1945
92821.84,18.91,733.2944,-0.045039,0.021519,0.991826,-0.798037,1.793216,105.965
92823.91,18.92,733.1094,-0.003535,0.032261,0.797979,1.55886,1.7837,107.5185
92817.89,18.91,733.6459,-0.014766,0.001987,1.102178,-2.441091,0.979653,110.265
92815.27,18.91,733.881,-0.031367,0.129917,0.907354,-0.23841,2.406573,107.5402
92821.5,18.91,733.3235,0.016973,0.017612,0.976201,-1.214594,2.218657,106.906
92818.81,18.9,733.564,0.015996,0.008335,1.003057,-1.611749,0.4874,109.1861
92813.55,18.9,734.0342,0.066289,0.037632,0.994756,-3.138117,-0.0803,110.9594
92812.44,18.92,734.132,0.048223,0.001499,0.948857,-3.704549,-1.09098,111.4384
92823.41,18.94,733.1517,0.078984,-0.043911,0.985967,-4.603843,-2.258108,112.8151
92819.53,18.95,733.5005,0.083379,-0.023403,1.00501,-4.410683,-3.197343,114.0927
92814.33,18.95,733.9656,0.075566,-0.052212,1.000615,-4.060394,-2.93842,115.2883
92817.55,18.95,733.6749,0.065801,-0.068325,0.986943,-3.820462,-4.341885,117.2467
92815.28,18.95,733.8784,0.060918,-0.044888,0.985479,-3.74651,-2.604183,118.0899
92816.53,18.98,733.7674,0.085332,-0.026821,0.978154,-4.868829,-2.311924,119.4159
92816.53,18.98,733.7674,0.074102,-0.071743,1.000127,-5.326872,-2.944337,120.4044
92814.86,18.97,733.918,0.066289,-0.044399,0.960088,-4.029722,-2.336102,121.5384
92811.92,18.98,734.1796,0.089727,-0.032192,1.030889,-4.577642,-1.886785,122.6236
92807.78,18.99,734.5495,-0.137812,0.261753,0.835576,-0.758938,4.460013,123.4052
92807.78,18.99,734.5495,-0.11584,0.22855,0.868291,-8.308336,0.46035,132.791
92813.04,18.99,734.0792,0.275273,0.181187,0.94251,-16.28566,4.690459,141.2191
92830.27,19,732.5388,0.431035,0.224644,0.906865,-21.26321,5.255281,144.8871
92824.97,19,733.0143,0.249883,0.076206,0.97083,-12.75907,2.512009,144.6647
92819.09,19,733.5402,0.389043,0.431187,1.003545,-8.261367,10.10598,140.994
92817.2,19.01,733.7066,0.043828,0.258823,0.950811,-3.047042,10.07722,139.8017
92809.93,19.15,734.3566,-0.007866,0.017769,0.985371,0.233774,0.536523,179.9332
92809.37,19.16,734.4068,0.005806,0.006538,1.001484,-0.262689,0.353026,180.0041
92805.13,19.16,734.7873,0.001899,-0.007134,1.003926,-0.215246,-0.916248,180.0662
92809.07,19.16,734.4332,0.01313,-0.004204,1.019551,-0.451928,-0.881859,180.15
92809.67,19.16,734.3804,0.0102,-0.010063,1.010273,-0.639206,-0.674669,180.3392
92807.84,19.17,734.5442,-0.003472,-0.006157,0.990742,-0.137987,-0.172587,180.5219
92812.38,19.2,734.14,0.009224,0.022163,0.980488,-0.664226,0.12774,180.832
92809.09,19.2,734.4332,-0.010308,0.008003,0.985859,0.447735,0.507969,180.6376
92807.24,19.21,734.597,0.010688,0.008491,1.006367,0.655116,0.487186,180.4327
92808.2,19.21,734.5125,0.005806,-0.009087,0.990254,-0.503682,-0.462566,180.2999
92809.19,19.21,734.4253,0.01606,0.002632,1.007344,-0.645292,-0.210003,180.2545
92809.19,19.21,734.4253,0.025825,-0.000786,1.002949,-1.213321,-0.381817,180.3561
92811.81,19.21,734.1901,0.144478,0.117378,1.032734,0.598727,-6.955616,177.7469
92815.59,19.23,733.8519,-0.135796,-0.476372,0.940938,10.2545,-28.68556,162.2556
92824,19.25,733.0989,-0.326226,-0.469536,0.84084,18.78864,-26.12838,146.8765
92812.35,19.27,734.14,-0.513726,-0.247856,0.817402,28.54959,-8.474465,146.3928
92806.53,19.28,734.6605,-0.383843,0.433296,0.71877,21.68188,12.66766,162.1208
92805.57,19.28,734.7477,0.066841,0.25312,0.928242,1.570785,5.118955,171.6005
92818.79,19.29,733.5666,0.208442,-0.038872,1.079609,2.701011,-12.63326,171.4359
92811.92,19.29,734.1796,-0.056206,-0.285942,1.199727,5.82186,-12.90711,168.4968
92816.25,19.3,733.7938,0.095649,-0.329399,1.190938,-0.366467,-9.741834,175.71
92816.88,19.29,733.7357,-0.164604,-0.135063,0.696309,10.53224,-6.119449,185.3122
92806,19.29,734.7081,-0.10064,0.005073,0.927266,13.20624,-4.373841,215.0201
92808.7,19.26,734.4676,-0.123101,-0.074028,1.021016,11.10197,-3.007464,237.0959
92817.16,19.25,733.7119,0.060981,0.045112,1.082539,10.42332,-1.918873,255.304
92823.48,19.23,733.1465,-0.127007,0.234077,0.957539,9.711863,3.072261,259.8955
92821.8,19.22,733.2971,-0.096733,0.112495,1.022969,8.211986,3.359083,250.485
92815.66,19.23,733.8467,-0.058647,-0.010552,0.969258,8.052078,1.541492,234.3521
92805.89,19.24,734.7186,-0.074272,0.002632,0.972188,5.239097,0.907233,220.5368
92808.34,19.26,734.4993,-0.146538,-0.000786,0.907734,3.504942,0.552824,207.4318
92806.64,19.25,734.6525,0.005806,-0.147271,0.867207,-2.837222,-1.32757,189.8174
92816.5,19.25,733.77,0.098091,-0.40606,0.903828,-2.870851,-4.744289,175.6339
92816.67,19.24,733.7542,-0.015679,0.020698,0.988789,-4.322419,-1.831438,170.4002
92805.2,19.24,734.782,0.129341,-0.124321,1.154805,-5.355894,-4.632014,172.1669
92806.21,19.24,734.6895,0.06147,-0.101372,0.967305,-3.333503,-4.502542,169.5883
92805.29,19.25,734.7714,0.008247,-0.110161,0.907734,-1.785203,-4.861676,170.2335
92808.31,19.26,734.502,0.031196,-0.237114,1.115254,-0.887467,-5.427599,171.953
92810.32,19.26,734.3223,0.045845,-0.032036,0.945332,-0.268681,-4.639128,174.541
92810.32,19.26,734.3223,0.085884,-0.105767,0.987813,-3.900733,-6.186838,176.6517
92806.34,19.26,734.679,0.107856,-0.093071,1.051289,-6.192327,-5.42017,177.0117
92802.66,19.25,735.0066,0.088325,-0.115532,0.953633,-4.797365,-6.710552,176.4323
92802.66,19.25,735.0066,0.106392,-0.131646,1.044453,-5.674506,-7.335675,175.8074
92805.2,19.24,734.782,0.097114,-0.139946,0.983418,-5.79074,-7.479925,175.7114
92806.24,19.25,734.6869,0.081489,-0.120415,0.976094,-4.957883,-6.463672,175.4236
92804.66,19.25,734.827,0.112739,-0.126763,1.005391,-6.090098,-7.509677,176.3683
92805.98,19.25,734.7107,0.102485,-0.108696,0.978535,-5.970152,-6.280265,176.4976
92813.67,19.27,734.0237,0.114692,-0.127739,1.021504,-5.809902,-6.65861,176.5943
92815.58,19.26,733.8519,0.101997,-0.096978,1.018574,-5.727691,-6.473139,176.7103
92815.67,19.27,733.844,0.085884,-0.081353,0.986836,-5.586719,-6.116485,177.0226
92822.74,18.59,733.2125,-0.069878,-0.019829,0.979512,-3.922657,-5.189026,176.7523
92820.73,18.58,733.3922,-0.056694,0.028022,0.989766,-2.128108,-4.164634,177.2565
92820.73,18.58,733.3922,-0.033745,-0.021782,1.005879,-0.341062,-3.856889,177.0806
92818.7,18.58,733.5745,-0.03521,-0.106743,0.99123,0.284171,-10.52741,175.1573
92816.9,18.56,733.733,0.041938,-0.302544,0.998066,-0.905519,-15.73022,173.5247
92812.04,18.57,734.169,-0.071831,-0.188774,0.988789,3.350243,-9.863917,172.6008
92823.27,18.57,733.165,-0.081597,-0.008599,0.995625,4.858321,-0.16659,172.9932
92821.3,18.57,733.342,-0.099663,0.073433,0.973652,5.729578,5.284765,173.3768
92823.47,18.56,733.1465,-0.027397,0.026069,1.004414,3.61657,-0.241849,173.0226
92826.42,18.56,732.8822,-0.093315,0.064644,1.108418,5.448975,-0.462613,168.4461
92812.56,18.55,734.1215,-0.058159,-0.048149,1.051777,5.396726,-6.568346,162.2213
92810.98,18.56,734.2615,-0.02105,-0.020806,1.058613,3.416245,-7.145369,156.3073
92832.03,18.6,732.3828,-0.14605,-0.186333,0.886738,1.747667,-4.565793,155.9258
92820.34,18.65,733.4265,0.016548,0.052437,0.963398,-0.979582,2.662507,153.058
92819.94,18.64,733.4635,0.006294,-0.152642,0.92873,-1.436341,3.84511,150.4694
92824.61,18.61,733.046,0.04731,-0.006157,0.996602,-2.523672,4.257694,150.2218
92822.8,18.59,733.2072,0.098091,0.052925,0.988789,-6.204554,5.345262,150.858
92821.56,18.57,733.3182,0.101997,0.032417,0.96584,-8.927814,4.034978,152.4039
92825.7,18.55,732.9483,0.161567,0.080269,0.943379,-7.724147,4.073956,153.9505
92826.82,18.53,732.8479,0.0102,-0.039849,0.992207,0.475147,-2.367931,153.3892
92815.88,18.52,733.8255,-0.069878,-0.07354,0.980977,3.670526,-4.363279,153.3089
92823.14,18.56,733.1755,-0.035698,-0.112114,1.012715,3.554376,-5.671022,153.3991
92829.54,18.58,732.6048,-0.154839,-0.067681,1.004902,8.359026,-4.737136,151.6535
92832.43,18.61,732.3458,-0.257378,-0.116509,0.976094,14.91992,-5.507709,149.6765
92823.48,18.63,733.1465,-0.314995,-0.068657,0.938008,17.5268,-3.435797,148.0624
92823.48,18.63,733.1465,-0.170464,0.025093,0.948262,12.11743,1.033948,146.1469
92818,18.64,733.6353,-0.090874,0.178901,0.993184,5.500654,7.589262,144.4113
92822.61,18.64,733.2231,0.001899,0.089546,0.978047,-0.470546,5.78086,143.8858
92834.41,18.61,732.1688,0.140083,0.055366,0.98293,-6.203615,4.053174,144.0275
92834.41,18.61,732.1688,0.096626,0.082222,0.971211,-7.054933,5.210855,145.273
92830.45,18.61,732.5229,0.159614,0.070503,0.995137,-8.970025,3.988658,147.2811
92830.82,18.61,732.4911,0.125923,0.035835,0.968281,-6.870386,2.300301,148.275
92825.3,18.62,732.9826,0.086372,0.097847,0.978535,-4.514154,5.353562,148.4951
92823.69,18.62,733.1279,0.070747,0.060737,0.981953,-3.427844,4.213813,148.9773
92824.08,18.63,733.0936,0.070747,0.132515,1.004414,-3.769428,7.018243,149.168
92824.08,18.63,733.0936,-0.010308,0.039741,0.932637,-1.76931,7.254,151.3095
92821.91,18.64,733.2865,-0.023003,0.159858,0.964863,0.872739,9.086633,154.2408
92821.95,18.64,733.2839,0.080024,0.131538,0.993184,-1.135574,7.21899,155.1371
92823.98,18.65,733.1016,0.008735,0.148628,0.988301,-1.200896,8.076369,155.8304
92821.52,18.67,733.3209,0.043403,0.11396,0.965352,-2.560618,6.810396,154.9473
92819.05,18.68,733.5428,0.084907,0.142769,0.995137,-2.788574,6.948586,154.2277
92822.99,18.68,733.1913,0.044868,0.132515,0.962422,-3.912125,7.296029,155.0782
92820.96,18.68,733.371,0.019478,0.051948,0.979512,-3.662858,8.018931,155.4737
92822.59,18.68,733.2257,-0.030815,0.188179,0.976582,-0.767662,8.209739,155.6313
92819.61,18.67,733.4926,-0.066948,0.081733,0.938008,0.508481,6.554332,155.868
92819.22,18.67,733.5269,-0.012749,0.030464,0.960469,-1.05249,6.47503,154.1858
92826.88,18.68,732.8426,-0.002983,0.121284,0.957051,-1.828675,6.518432,153.9584
92818.33,18.68,733.6062,0.1352,0.083687,1.030293,-3.274179,6.30691,151.6178
92818.59,18.67,733.5825,0.097603,0.120308,0.959004,-3.355462,6.821465,150.9055
92825.66,18.69,732.9509,0.057075,0.063179,0.986836,-2.868484,4.998669,151.4621
92820.3,18.68,733.4318,0.126411,0.181831,1.076191,-2.678552,6.818627,153.0262
92825.06,18.69,733.0038,0.007271,0.114937,0.942402,-0.615534,7.22637,154.2492
92823.48,18.7,733.1465,-0.045464,0.144722,0.969258,2.516045,9.473988,156.3003
92818.23,18.7,733.6168,-0.04937,0.12519,0.970234,3.427414,8.154202,156.8013
92820.89,18.71,733.3763,0.019478,0.05439,1.015156,-2.056514,3.898666,155.7348
92825.66,18.69,732.9509,0.018989,-0.046196,0.969746,-2.92168,-0.536241,155.975
92820.69,18.69,733.3975,0.036079,-0.04229,0.980488,-3.550822,-1.256307,156.5856
92820.2,18.7,733.4398,0.084419,0.004097,1.017598,-3.723896,-1.010533,157.0781
92820.2,18.7,733.4398,0.047798,-0.033501,1.013691,-1.549702,-2.398726,156.8837
92818.16,18.7,733.6221,-0.090874,-0.152153,0.991719,6.360869,-7.537603,156.4448
92817.5,18.7,733.6802,-0.10894,-0.131646,1.013691,6.551455,-7.40683,156.4204
92824.11,18.73,733.0909,-0.073296,-0.158013,0.989277,8.443707,-7.548069,156.3994
92824.11,18.73,733.0909,-0.250054,-0.077446,0.96877,15.65875,-6.193936,156.3863
92824.03,18.76,733.0963,-0.338433,-0.136528,0.944355,19.31272,-6.534107,155.8481
92816.9,18.77,733.733,-0.393608,-0.099419,0.933125,22.56167,-5.329366,155.2004
92816.17,18.8,733.7991,-0.309624,-0.054497,0.957051,19.14972,-2.845687,155.4537
92816.17,18.8,733.7991,-0.281792,0.002632,0.959004,18.85686,1.266177,156.4782
92824.32,18.79,733.0698,-0.362847,0.081245,0.924336,20.93661,4.700618,157.6007
92822,18.72,733.2786,-0.365776,0.056343,0.913105,21.02188,4.997295,157.1947
92819.52,18.66,733.5005,-0.246636,0.126167,0.952656,16.72151,6.245285,157.123
92815.83,18.66,733.8308,-0.259819,0.110542,0.952656,13.50324,6.716596,156.96
92817.84,18.66,733.6511,-0.105034,0.06562,0.966328,7.634063,4.208147,156.5378
92818.59,18.67,733.5825,-0.06353,0.00605,0.97707,3.691687,1.351509,156.5181
92816.42,18.68,733.778,-0.036187,0.035835,0.988789,1.924707,1.968601,156.7998
92820.49,18.7,733.4133,-0.035698,0.026558,0.999043,2.225289,1.640005,156.7717
92823.19,18.7,733.1729,-0.050835,0.035347,1.00002,1.551628,2.397754,156.66
92824.53,18.71,733.0513,-0.002983,0.058296,1.002461,0.586927,2.488816,156.7663
92825.45,18.7,732.9694,-0.025933,0.029487,1.00002,1.08448,2.026599,156.8118
92823.42,18.7,733.1517,-0.019097,0.008979,0.990742,1.521886,0.987265,157.0292
92818.98,18.71,733.5481,-0.021538,0.002632,0.991719,1.527763,0.322263,157.239
92825.64,18.72,732.9536,-0.015679,0.066108,0.992207,0.978828,-0.600813,157.1331
92823.31,18.72,733.1623,0.004829,0.036323,1.012715,0.253456,0.188778,157.4023
92818.55,18.74,733.5877,0.049751,0.012886,1.005391,-2.834445,0.742128,158.052
92823.55,18.74,733.1412,-0.00689,0.022163,1.020527,-1.591309,1.528975,159.2144
92819.08,18.72,733.5402,-0.02105,0.004585,0.988789,0.814972,0.49363,160.2935
92818.13,18.69,733.6247,-0.002007,-0.013481,0.990742,1.158971,0.392724,159.7883
92821.05,18.69,733.3631,-0.00689,-0.008599,0.999043,0.717927,-0.352072,159.5053
92816.16,18.69,733.8018,-0.03228,-0.010552,0.998555,2.123984,-0.517861,160.1819
92814.28,18.7,733.9682,-0.026909,-0.001274,0.99416,1.663461,-0.007466,160.4744
92817.66,18.71,733.667,-0.025444,0.001167,1.017109,2.369271,-0.676061,160.3164
92813.27,18.7,734.0607,-0.050347,-0.049614,1.007832,4.539851,-1.729119,159.2569
92814.35,18.67,733.9629,-0.20855,0.049507,0.96877,9.916079,-2.523045,159.4157
92814.35,18.67,733.9629,-0.175347,-0.101372,0.970723,10.50659,-6.085625,160.7625
92815.47,18.65,733.8625,-0.141655,-0.07061,1.024922,8.750484,-5.313393,162.6216
92815.61,18.63,733.8493,-0.133354,-0.069634,0.983906,7.90814,-5.220869,163.2806
92811.73,18.6,734.1954,-0.091851,-0.180962,0.988301,5.806728,-9.430099,163.5448
92811.73,18.6,734.1954,-0.070366,-0.173638,1.013203,3.956117,-9.894786,163.8934
92815.64,18.57,733.8467,-0.091851,-0.19854,0.991719,4.676886,-8.852634,163.0493
92809.31,18.52,734.4121,-0.090386,0.029487,0.983418,5.712759,0.193983,162.8743
92817.83,18.48,733.6511,-0.110405,-0.020806,0.967305,6.563426,0.562183,162.7888
92817.83,18.48,733.6511,-0.14019,-0.003716,0.968281,7.319258,0.290012,164.1468
92820.35,18.47,733.4265,-0.141655,0.016304,0.973164,7.928367,0.627091,164.3204
92816.28,18.46,733.7885,-0.105522,0.028999,0.987324,5.998502,1.63643,163.8368
92818.45,18.45,733.5956,-0.092339,-0.003716,0.993672,5.183025,0.014919,163.6229
92812.7,18.43,734.1082,-0.104058,0.002632,0.98293,6.037062,0.067937,163.3946
92812.7,18.43,734.1082,-0.096245,-0.010552,1.002949,5.314199,-0.016169,163.4344
92818.38,18.4,733.601,-0.08355,-0.018364,0.979512,4.975424,0.325729,163.0729
92817.63,18.39,733.6696,-0.057671,0.086616,1.025898,5.718513,3.107228,163.0862
92820.72,18.37,733.3922,-0.076226,0.016304,1.005391,4.371868,2.09841,162.339
92818.52,18.35,733.5903,-0.071343,-0.004204,0.996602,4.38623,2.258266,162.0384
92817.56,18.32,733.6749,-0.088433,0.047065,0.97707,4.154151,2.397032,162.3675
92818.42,18.31,733.5983,-0.079644,0.012397,0.986348,4.34374,2.42084,162.4776
92817.17,18.28,733.7119,-0.06646,0.042183,1.012227,3.833637,2.037278,163.1016
92817.34,18.26,733.6934,-0.096733,0.076362,1.001484,5.304713,2.937804,163.7663
92819.73,18.27,733.482,-0.132378,0.021675,0.967793,5.818852,2.486555,162.954
92818.19,18.28,733.6194,0.013618,0.013862,1.003438,4.492174,0.38317,163.7402
92813.3,18.29,734.0554,-0.098687,-0.052056,0.992207,4.539238,0.196603,162.5296
92821.53,18.29,733.3209,-0.070366,0.013374,1.000508,4.106092,1.115295,162.068
92821.88,18.29,733.2891,-0.09478,0.088569,0.991719,5.65887,4.751733,161.264
92823.25,18.3,733.1676,-0.152886,0.117378,0.939473,6.017572,6.548059,162.5776
92824.66,18.31,733.0408,-0.130425,0.074409,0.966816,6.551216,6.775502,162.6364
92820.81,18.32,733.3843,-0.104058,0.115913,0.984883,5.990256,6.584287,162.5724
92826.8,18.33,732.8505,-0.093804,0.131538,0.98,5.743715,7.235929,161.4351
92828.47,18.33,732.6999,-0.075737,0.132515,0.998555,4.336747,6.694649,161.4642
92830.53,18.34,732.515,-0.098198,0.028511,0.977559,4.939823,6.048715,160.6135
92828.63,18.34,732.6867,-0.036675,0.168159,1.036152,4.040714,4.745679,160.366
92827.31,18.34,732.803,-0.062554,0.153022,0.984883,4.472969,4.347766,159.7559
92825.22,18.36,732.9905,-0.057671,0.069526,0.994648,4.375839,3.514178,159.0986
92820.06,18.37,733.4529,-0.087944,0.084663,0.985371,5.178966,5.420573,159.1021
92821.73,18.38,733.3024,-0.038628,0.244331,1.009297,4.4396,7.797341,160.2249
92815.37,18.36,733.8704,-0.009331,0.195991,0.936055,4.24021,6.829432,159.5494
92809.91,18.38,734.3593,-0.054253,0.189155,1.014668,3.455045,10.11261,159.1157
92809.13,18.4,734.4306,-0.127495,0.091499,0.952656,5.20801,7.437556,161.4694
92809.13,18.4,734.4306,-0.106499,0.132026,0.959492,5.09805,7.567031,159.9072
92814.81,18.37,733.9207,-0.073784,0.06269,0.986836,4.115708,6.354316,159.0913
92810.41,18.36,734.3143,0.003853,0.080269,1.049824,3.184478,4.385566,159.4133
92812.34,18.36,734.1426,-0.072808,0.003608,0.983906,4.111883,3.915988,160.6822
92812.34,18.36,734.1426,-0.107964,0.08564,0.965352,6.357877,5.783912,162.326
92811.98,18.35,734.1743,-0.074761,0.066108,1.024922,5.576654,4.346325,160.5753
92814.84,18.34,733.918,-0.123101,0.060737,0.992207,6.743774,3.623207,160.1566
92813.43,18.33,734.0448,-0.084526,0.117378,0.988789,6.463851,3.879339,159.1578
92815.03,18.33,733.9022,-0.121636,0.101265,0.945332,6.148299,3.500485,158.4747
92809.26,18.34,734.4174,-0.060601,0.144722,1.006367,5.041865,4.752825,156.6002
92813.2,18.34,734.066,-0.025933,0.027534,1.009785,3.314786,3.599798,155.2856
92814.05,18.36,733.9893,-0.148979,0.02021,1.016133,5.693722,4.219194,157.1758
92813.44,18.37,734.0448,-0.129448,0.073433,0.96584,7.59736,4.952198,157.9616
92810.41,18.36,734.3143,-0.118218,0.046089,0.92043,6.593755,3.466945,158.5942
92815.66,18.36,733.8467,-0.067925,0.077339,1.00832,4.13856,3.084468,160.8147
92812.91,18.35,734.0924,-0.042046,0.0373,0.998555,4.012447,1.724841,161.2822
92808.01,18.35,734.5284,-0.107964,0.001655,0.965352,4.477072,1.086627,162.0713
92809.78,18.33,734.3698,-0.106499,0.003608,0.972676,4.715655,0.287401,162.2
92814.98,18.33,733.9074,-0.132378,-0.005181,0.977559,6.660717,-1.043306,161.1761
92813.49,18.31,734.0396,-0.124077,-0.076958,0.995137,2.351471,-2.586066,158.0332
92813.83,18.31,734.0078,0.143501,-0.024712,1.038105,-2.458273,-5.927125,157.2734
92817.73,18.3,733.6591,-0.04937,-0.149224,0.994648,-0.149078,-7.535012,157.354
92817.08,18.3,733.7198,0.042427,-0.132134,0.958027,-3.334539,-7.908769,155.0651
92825.7,18.31,732.9483,0.110786,-0.155571,0.990254,-4.427691,-6.695944,151.8916
92823.48,18.32,733.1465,0.127388,-0.092095,1.007344,-5.955826,-5.97131,151.553
92824.17,18.33,733.0857,-0.092339,-0.176567,1.0425,-3.228339,-6.235688,151.0435
92822.06,18.31,733.2733,0.048774,-0.172173,0.92873,-3.537794,-6.590612,148.2136
92824.43,18.32,733.0619,0.028755,-0.058892,1.063496,-1.980539,-2.313547,145.4136
92827.52,18.33,732.7871,0.048774,-0.05645,0.978047,-2.764065,-1.229158,145.2897
92828.44,18.32,732.7026,-0.168999,0.022651,0.972188,-0.52218,-1.594194,143.3127
92830.8,18.33,732.4911,-0.000054,-0.055474,0.929707,-0.105377,-1.756376,131.3011
92842.91,18.36,731.4105,0.105903,-0.073052,0.977559,-0.745417,-0.886864,118.4123
92846.47,18.39,731.0934,0.061958,-0.082817,1.023457,-2.944072,-2.381717,112.9566
92857.5,18.48,730.1052,-0.009331,-0.046685,0.95168,-5.370934,-3.063491,116.9595
92857.5,18.48,730.1052,-0.053765,-0.023247,1.117207,-6.025091,-6.184555,115.5536
92880.85,18.52,728.0204,0.129829,-0.235649,0.956563,-9.413356,-7.362072,107.5631
93117.38,18.55,706.9113,0.171333,-0.110161,0.87502,-8.283041,-7.389317,103.067
93333.66,18.63,687.6492,0.07856,0.048042,1.033711,-5.103047,-4.164943,105.8618
93333.66,18.63,687.6492,0.198188,-0.013481,0.947285,-6.040837,-5.404135,112.745
92938.08,18.66,722.9077,-0.009819,-0.296196,0.880879,-3.4573,-3.708254,124.747
92848.48,18.71,730.9111,-0.01812,0.043647,1.010273,-2.407613,1.50217,132.6966
92828.57,18.72,732.692,0.115181,-0.098442,0.959004,-2.849002,1.12758,140.0954
92820.33,18.72,733.4265,0.064399,-0.048638,0.996113,-3.399951,-3.522769,143.3957
92824.14,18.7,733.0883,0.042427,-0.173149,1.035664,-2.332684,-5.831069,145.754
92821.88,18.7,733.2891,0.018501,-0.071099,1.020527,-1.052954,-3.936619,147.6519
92822.11,18.7,733.268,0.06147,-0.100884,0.999043,-1.803204,-2.654984,149.2808
92822.83,18.67,733.2046,0.036079,-0.025688,0.993184,-1.944558,-1.276211,151.9788
92815.83,18.66,733.8308,0.077095,-0.124321,0.992207,-2.333705,-2.218745,155.4533
92820.08,18.65,733.4503,0.147896,-0.141899,1.014668,-3.870595,-3.245294,155.7373
92819.41,18.65,733.5084,-0.010796,-0.045708,1.016133,-2.848472,-1.660621,156.5265
92814.55,18.66,733.9444,0.109321,-0.169243,0.989766,-2.935137,-7.330491,158.9509
92812.02,18.67,734.1716,-0.032769,0.086128,0.996113,-3.361907,-5.082401,159.4653
92814.45,18.68,733.9523,-0.170464,0.026069,1.110859,0.047019,-5.877875,165.3795
92813.99,18.67,733.9946,0.003364,-0.046196,0.991719,-0.852123,-3.327042,165.1131
92812.58,18.66,734.1215,0.038032,-0.185845,1.030293,-1.098848,-2.550543,164.1023
92813.89,18.66,734.0026,0.108833,-0.100396,0.976094,-3.727288,-2.663098,162.6079
92814.71,18.68,733.9312,0.057563,-0.141411,1.00002,-1.281772,-1.650991,157.109
92824.8,18.7,733.0275,-0.037163,-0.020317,0.963887,-2.864638,-4.809647,155.2295
92824.83,18.71,733.0249,-0.037163,-0.120903,1.202656,-1.083805,-7.823181,150.7417
92828.44,18.74,732.7026,0.012642,0.025093,1.089375,-1.862441,-2.466232,147.5785
92833.46,18.78,732.2534,0.038032,-0.106255,1.046406,1.013812,-2.732174,141.4037
92842.56,18.81,731.4422,0.084907,-0.103325,0.985859,0.562133,-4.537617,136.9748
92840.45,18.83,731.6298,-0.001519,-0.164849,0.926777,1.357241,-7.320383,137.0365
92841.92,18.84,731.4977,-0.065483,-0.034966,1.002949,3.076178,-2.007385,143.0847
92835.84,18.86,732.042,-0.065972,-0.144829,0.995625,4.319845,-3.070826,148.7139
92836.23,18.87,732.0076,-0.079644,-0.192192,0.989766,4.76708,-6.965069,147.4058
92836.33,18.88,731.9971,-0.08062,0.089058,1.027363,6.413084,-4.271958,144.7444
92837.95,18.88,731.8544,-0.148979,-0.111138,1.017109,8.799534,-6.130934,139.856
92845.53,18.88,731.1753,-0.210991,-0.202935,0.983906,7.416318,-7.504275,135.4276
92845.53,18.88,731.1753,-0.144585,-0.139946,0.981465,7.907029,-6.840628,131.3483
92851.28,18.9,730.6627,-0.198784,-0.102837,1.009785,7.621907,-6.740121,126.376
92859.66,18.91,729.9123,-0.114312,-0.04522,0.909688,5.733054,-4.542804,124.31
92842.95,18.95,731.4052,0.164009,0.107124,1.06252,4.293428,0.679683,135.1467
92842.95,18.95,731.4052,0.039497,-0.135552,0.940449,2.437559,-0.619954,145.1765
92834.34,18.95,732.1741,0.140571,0.171089,0.951191,0.92605,-2.415176,158.4541
92808.27,18.9,734.5072,-0.340386,0.053901,0.913105,2.365437,-4.810885,186.958
92805.48,18.88,734.7556,-0.216851,0.325874,1.080586,11.12139,1.852446,212.4853
92805.97,18.86,734.7107,-0.093315,0.009956,1.16457,11.21775,6.959978,237.9925
92809.06,18.84,734.4359,0.238716,-0.322075,1.135273,8.739926,6.279557,251.3201
92815.38,18.78,733.8704,-0.068901,0.052437,1.020527,7.129003,7.119995,263.9334
92814.48,18.69,733.9497,-0.085991,-0.04229,1.094258,3.936233,2.227425,276.857
92816.66,18.61,733.7568,-0.022026,0.032905,0.836934,5.413801,1.962618,292.8538
92827.67,18.55,732.7712,-0.199761,-0.276177,0.969746,1.89701,4.52502,303.9738
92821.8,18.49,733.2971,-0.054253,-0.127739,0.813496,2.11524,-0.09287,292.7051
92823.38,18.41,733.1544,-0.116753,0.133491,1.362813,10.69889,-5.313073,276.4595
92822.86,18.33,733.202,-0.065483,-0.10772,0.752461,10.65053,-2.439619,263.0395
92814.71,18.16,733.9312,0.017524,-0.10772,1.048359,3.841346,0.740856,264.2774
92818.45,18.11,733.5956,-0.420952,-0.036919,0.796895,8.822215,9.520283,273.0435
92826.16,18.06,732.9086,-0.376519,0.223335,1.42873,8.116158,0.262275,261.3437
92819.83,18.01,733.4714,-0.185601,0.108589,0.649922,13.40598,6.478956,247.526
92813.05,17.95,734.0792,-0.054253,0.042671,1.253438,6.145429,-0.448049,242.8499
92815.64,17.92,733.8467,-0.297417,-0.061333,0.832539,9.998389,7.049018,246.9257
92820.85,17.88,733.3816,-0.368218,-0.230278,1.505879,11.09448,0.100622,243.4684
92814.97,17.82,733.9074,-0.164604,0.095405,0.811055,13.80058,7.305633,237.5297
92864.23,17.79,729.5054,-0.08062,-0.168267,1.345234,9.919013,-3.900043,230.7014
92864.23,17.79,729.5054,-0.109917,0.103706,0.845234,13.76302,-3.051457,221.7678
92854.09,17.66,730.4117,-0.136284,-0.035942,1.201191,7.629704,-7.541223,204.8138
92870.05,17.61,728.9849,-0.2398,0.046577,1.099629,10.10634,-8.1403,214.8143
92850.41,17.62,730.7393,-0.136284,0.083198,1.255391,9.903369,-5.296406,226.3044
92855.52,17.6,730.2822,-0.165093,-0.399712,0.800313,8.902603,-8.950219,235.2265
92859.31,17.55,729.944,-0.130425,0.101753,1.047871,8.368452,-13.10232,234.4585
92841.16,17.51,731.5663,-0.064995,-0.064751,0.819355,4.527697,-9.619031,232.9021
92817.96,17.45,733.6406,-0.170952,0.27314,1.317402,9.660844,-3.378599,242.4963
92829.08,17.38,732.6471,-0.284722,-0.022759,0.77541,13.05085,-6.612513,248.3792
92825.45,16.73,732.9694,0.205513,0.209663,0.550313,-2.191782,3.215433,273.5734
92833.3,16.7,732.2692,0.152778,0.482124,1.542988,-8.895055,2.998707,324.4548
92849.79,16.67,730.7949,-0.031304,0.127144,0.75832,-9.173049,1.65635,0.129883
92820.41,16.85,733.4213,-0.142632,-0.135552,1.236836,-6.950675,2.53883,25.87091
92820.41,16.85,733.4213,-0.065972,0.034858,0.974629,-3.210008,4.623756,40.56708
92912.09,16.91,725.2302,0.122017,-0.148247,1.037617,-0.465137,0.618203,49.02681
92899.14,16.95,726.3849,0.05854,-0.017388,0.987324,-0.178521,2.712695,54.30025
92882.61,16.97,727.8619,-0.021538,-0.040825,0.998066,1.409348,0.896823,54.07486
92876.31,16.96,728.4247,0.015571,-0.078423,0.961445,1.165873,1.974063,54.43488
92876.31,16.96,728.4247,0.026313,0.018257,0.970723,0.259635,0.619973,53.88598
92876.55,16.99,728.4036,-0.025444,0.004097,1.037129,2.156819,-0.060549,52.2603
92877,16.97,728.364,0.042427,0.040718,0.961934,-0.727049,2.198995,50.70184
92934.63,17.06,723.2168,-0.045464,-0.049126,1.001973,0.712196,-3.718061,46.26817
93008,17.18,716.6666,0.007271,-0.132134,1.000996,-0.162104,-7.741375,43.64435
92978.91,17.26,719.264,-0.04644,-0.189263,1.219746,0.872436,-7.246252,43.88808
92966.53,17.29,720.3684,0.118599,-0.23272,1.147969,-0.571038,-13.46929,44.45563
97594.27,17.41,315.3448,0.125435,-0.150688,0.971211,-5.036278,-11.49285,46.64877
97668.16,17.45,309.0034,0.106392,-0.24981,1.003926,-5.98139,-13.57977,45.42091
97500.78,17.49,323.372,0.076606,-0.253716,1.001973,-5.197903,-13.56291,44.75766
97430.02,17.54,329.4519,0.104438,-0.236138,0.993184,-5.959493,-13.41914,44.16872
97359.48,17.58,335.5159,0.126411,-0.237603,1.002949,-6.003006,-13.83724,43.87277
97158.93,17.61,352.7753,0.105415,-0.284478,0.988789,-6.311623,-14.22147,43.3936
96749.59,17.65,388.0945,0.12104,-0.223442,0.984883,-7.262788,-13.17087,42.71756
96720.67,17.69,390.5941,0.117134,-0.222466,0.988789,-6.775095,-12.27678,42.62198
96817.91,17.75,382.1917,0.10688,-0.216606,1.009785,-7.296016,-12.63147,42.46716
96817.91,17.75,382.1917,0.15229,-0.216118,0.988301,-7.786162,-11.98335,42.07948
96848.03,17.79,379.5891,0.125435,-0.237603,0.982441,-6.933709,-13.81303,42.15591
96779.8,17.81,385.484,0.108345,-0.204399,1.015645,-6.296314,-13.13598,41.66518
96637.38,17.88,397.797,0.129829,-0.280571,1.211934,-6.119462,-14.27033,42.07857
96279.02,17.93,428.8463,0.067329,-0.159966,0.805684,-5.264704,-20.79597,33.07967
97881.63,18.15,290.7109,0.092231,-0.379204,0.96291,-5.403384,-20.32426,31.88069
98042.16,18.19,276.9763,0.177681,-0.395317,0.986836,-7.313398,-20.29549,32.69072
97720.84,18.27,304.4877,0.116157,-0.474907,0.890645,-6.875188,-22.93413,35.46347
92863.01,18.92,729.6137,0.002876,0.119819,0.93459,-0.763211,4.940954,330.0818
92854.44,18.43,730.38,-0.1148,0.114448,0.970234,-0.170991,10.78197,331.7437
94291.48,17.58,602.7687,0.16938,-0.04522,1.047383,-13.51358,-7.448601,31.85173
93388.31,18.33,682.7874,0.271919,-0.131646,0.957051,-16.96399,-7.430102,32.87662
93291.06,18.32,691.4382,0.312446,-0.122856,0.936055,-17.45589,-7.217232,32.61235
93307.69,18.34,689.9585,0.283638,-0.123345,0.983418,-15.90658,-7.231534,33.48993
93751.34,18.36,650.549,0.296821,-0.146294,0.944844,-16.95927,-8.026104,33.14854
93858.17,18.37,641.0817,0.301704,-0.122856,0.959004,-17.26191,-7.286819,33.52641
93122.02,18.39,706.4991,0.291938,-0.094536,0.961445,-16.97603,-5.689015,33.56532
100909.5,18.45,740.3229,0.26313,-0.35772,0.907246,-13.55849,-17.60254,37.66479
96435.73,18.58,415.2571,0.191841,-0.203423,0.915059,-12.23521,-12.39456,35.06302
96693.71,18.59,392.9246,0.224067,-0.305474,1.050313,-12.57515,-14.66115,36.1368
97517.86,18.61,321.9056,0.279731,-0.176079,1.01418,-15.57405,-13.04496,36.09949
96898.38,18.63,375.2425,0.229927,-0.120903,0.935566,-13.482,-11.61883,36.35098
95289.8,18.65,515.0426,0.220649,-0.175103,0.956074,-13.34494,-10.77705,36.58273
96554.31,18.65,404.9866,0.319282,-0.262505,1.052266,-13.29454,-13.77128,36.13182
99672.81,18.63,404.9866,0.048774,-0.188286,0.926289,-11.82671,-14.02476,38.01613
97206.81,18.64,348.6507,0.225532,-0.173638,0.981465,-11.00945,-10.14356,37.01726
95945.48,18.65,457.8294,0.150337,-0.30938,0.978535,-8.604255,-14.86587,37.92168
98220.58,18.68,261.7304,0.205024,-0.273247,1.043477,-12.72758,-15.24119,38.73199
97646.38,18.7,310.8741,0.108833,-0.143364,0.902852,-12.25585,-12.16652,39.12938
96657.5,18.71,396.0557,0.226997,-0.173149,0.961445,-12.49217,-9.631722,39.01988
96971.16,18.74,368.9619,0.290962,-0.269341,0.974629,-13.40038,-11.35561,38.55324
99536.33,18.74,253.0532,0.062446,-0.203423,0.872578,-11.20278,-10.52828,37.86479
96577.17,18.73,403.0075,0.196724,-0.188774,0.980488,-11.05121,-10.59138,38.20503
96513.84,18.74,408.4903,0.151802,-0.238091,1.03957,-8.814165,-12.43,39.84431
97456.79,18.76,327.1505,0.136177,-0.190239,0.978047,-9.007977,-13.00622,39.52182
99074.67,18.76,327.1505,0.198677,-0.255669,0.935078,-9.675555,-11.5228,41.75414
98727.91,18.77,327.1505,0.238716,-0.245903,1.010762,-9.135074,-10.43832,40.52133
95702.18,18.87,479.0231,0.175239,-0.179985,1.011738,-9.351536,-10.00598,47.49698
95401.24,18.89,505.2953,0.171333,-0.169731,0.947773,-9.500231,-8.657059,48.27303
94798.77,18.9,558.0984,0.168892,-0.152153,0.994648,-9.504148,-8.612737,47.9989
95260.14,18.99,517.6373,0.144966,-0.151177,0.991719,-8.197641,-8.763285,48.92815
95628.5,18.96,485.4491,0.126411,-0.089653,0.841328,-7.837389,-7.794813,48.73589
96440.61,19.01,414.8344,-0.005425,-0.368462,1.033223,1.246328,-9.567445,55.31245
92870.59,19.03,728.9373,-0.198296,0.38105,0.956563,8.365041,-4.081843,63.22865
92868.83,19.09,729.0932,-0.147026,-0.086724,0.992695,13.47373,-4.894557,67.53083
92867.55,19.09,729.2095,-0.125542,-0.09063,0.942402,8.679883,-5.021916,67.98369
92873.13,19.09,728.7101,-0.005425,-0.226372,1.173359,4.861166,-9.454972,66.63412
92869.22,19.09,729.0588,-0.161187,-0.036919,0.858418,9.230721,-8.919025,69.31029
92862.66,19.09,729.6454,-0.574272,0.033882,1.285664,12.50373,-13.50173,70.45986
92867.11,19.11,729.2465,-0.078667,-0.115532,0.730488,10.3691,-6.006711,65.65283
92865.53,19.12,729.3892,-0.119194,-0.102349,0.993184,8.774449,-4.630093,66.5647
92863.27,19.12,729.5926,-0.293022,-0.036919,0.866719,4.152092,-1.908431,70.78766
92860.27,19.12,729.8595,-0.200737,0.129097,1.001484,10.49427,-0.320977,75.74627
92857.58,19.11,730.0973,-0.162163,-0.240044,0.923848,11.52478,-6.872024,75.60213
92859.31,19.12,729.944,-0.254448,-0.017388,0.765156,9.348705,-2.314158,71.1501
92863.56,19.12,729.5635,-0.138726,-0.040337,0.891133,8.264171,-0.942775,70.46762
92865.3,19.13,729.4103,-0.146538,-0.026665,1.101582,6.132211,-1.116332,70.08884
92867.3,19.13,729.2306,-0.119683,0.320991,0.865254,7.93855,-1.804046,69.43565
92858.81,19.14,729.989,-0.162163,-0.041802,1.138691,7.283143,-3.670331,66.61975
92863.06,19.13,729.6085,-0.184136,0.078315,0.89748,6.494104,-4.606166,54.82258
92884.27,19.12,727.7139,-0.036675,-0.077935,0.922383,3.157006,-3.503693,49.38898
92944.95,19.14,722.2946,-0.683647,0.083687,1.453145,0.86861,-3.611054,46.51653
92944.95,19.14,722.2946,-0.148491,-0.009087,0.892109,2.998054,3.715267,49.23756
92892.95,19.13,726.9398,-0.019097,-0.533989,0.84084,0.62164,14.44445,49.93217
92883.28,19.12,727.8038,-0.173882,0.029976,0.896504,4.377327,4.729435,36.27097
92904.79,19.1,725.8802,-0.125542,-0.105278,0.961445,0.925651,0.006051,23.14548
92893.33,19.07,726.9054,0.234321,0.183296,1.021016,1.012591,8.261069,24.06427
92883.92,19.05,727.7457,-0.040581,0.119819,0.657246,5.960408,9.822767,30.55975
92919.3,19.03,724.5855,-0.448784,0.413765,1.254902,8.43268,5.958059,29.76904
92937.64,19.03,722.9473,-0.242241,0.059761,0.721699,12.18015,3.794994,23.75642
92953.28,19.01,721.5522,-0.016655,0.220405,1.128438,5.40325,1.328127,27.30959
92966.14,18.98,720.4028,-0.051323,0.157905,0.663105,8.952418,-3.020801,36.51709
92968.45,18.95,720.1967,-0.041558,-0.231255,1.155293,5.410418,-8.40358,42.11885
93041.52,18.96,713.6782,-0.184624,-0.146782,0.774434,11.08865,-4.95464,37.2899
93078.52,18.95,710.3754,-0.231499,-0.105767,1.135273,11.29958,-5.248153,33.68781
93025.14,18.93,715.1367,-0.098198,-0.135552,0.946309,8.907862,1.491097,40.56085
92911.98,18.92,725.2382,0.003853,-0.063774,0.726094,5.555632,0.926065,46.0524
93330.61,18.91,687.9186,-0.186089,0.304878,1.010273,8.228748,5.821942,44.34616
92926.14,18.85,723.9751,-0.161187,0.227729,0.874043,8.307645,10.6205,57.18482
92873.08,18.84,728.7153,-0.08355,-0.039849,0.560078,5.425897,10.77129,69.49374
92861.47,18.86,729.7512,-0.343315,0.200386,1.434102,8.925729,8.831609,70.55659
92855.98,18.87,730.2426,-0.060112,0.165718,0.609395,11.19559,7.788086,66.14606
92856.15,18.89,730.2267,-0.058647,-0.014458,1.192891,2.628467,2.029246,63.41389
92866.14,18.9,729.3337,-0.064507,0.270698,0.871602,0.377161,2.148672,65.16127
92877.38,18.91,728.3296,-0.247612,-0.128716,1.15627,-1.68787,1.274587,60.70399
92880.39,18.92,728.0601,-0.346733,-0.152642,0.82668,-0.405144,4.754819,46.31018
92859.17,18.9,729.9572,-0.0523,-0.024712,0.871113,-2.208109,7.860872,37.61504
92874.52,18.85,728.5859,-0.133354,0.20771,1.125508,-4.459856,7.382168,40.59142
92866.02,18.79,729.3442,-0.137261,-0.112114,0.78127,-0.93933,9.58737,42.5663
92868.26,18.71,729.1461,-0.090874,0.215034,0.878438,3.83872,8.33426,39.96014
92868.26,18.71,729.1461,0.019966,0.053901,0.591816,4.77956,5.356875,41.2283
92869.19,18.67,729.0615,-0.084526,0.171089,1.221211,3.567726,4.387155,47.56911
92890.41,18.66,727.167,-0.08355,0.11396,0.671406,2.068044,9.32926,58.2009
92847.63,18.65,730.9877,-0.272515,0.212104,1.263203,5.215362,4.273077,51.84311
92855.92,18.62,730.2479,-0.290581,-0.059868,0.665547,10.35864,6.29621,37.09616
92856.97,18.59,730.1528,0.020942,-0.086235,1.154805,5.361005,4.496058,31.67006
92857.01,18.5,730.1501,-0.23687,0.286323,1.08791,2.2012,10.72059,43.10764
92857.01,18.5,730.1501,-0.387749,0.052925,0.662617,5.612897,5.311909,40.60318
92861.44,18.48,729.7538,-0.064019,0.028999,0.845723,7.948567,0.77535,27.64848
92944.36,18.43,722.3475,-0.065972,0.124214,1.697773,10.55056,-5.029962,34.437
92893.69,18.42,726.8737,-0.436089,0.121772,1.513691,8.427423,-2.890039,33.30103
92982.81,18.4,718.9152,-0.217339,-0.154595,0.870137,5.960668,-7.526289,19.68568
92916.34,18.41,724.8497,0.069771,0.25605,1.60793,0.719514,-10.17021,39.57172
92883.34,18.43,727.7985,-0.355034,-0.000298,0.694355,8.167658,-6.533235,37.56982
93784.79,18.42,647.5844,-0.113823,0.084175,0.95998,1.371608,-4.29692,27.65927
92938.57,18.4,722.8654,-0.085015,0.25605,1.722676,-3.570381,-15.48487,37.11708
92974.83,18.42,719.6286,-0.249077,0.073433,0.385762,4.642889,-11.60757,41.44295
93723.77,18.46,652.9931,0.408149,-0.092583,0.237324,5.241279,-13.46436,27.04337
92893.56,18.47,726.8843,0.054634,0.588569,1.33498,-2.016858,-10.00456,35.85252
92992.84,18.48,718.0194,-0.149468,0.019722,0.421895,10.32069,-1.736169,40.97699
92947.75,18.51,722.0463,-0.002007,0.161812,0.922383,3.157996,12.45211,34.71165
92916.19,18.5,724.8629,-0.16314,0.032417,1.190449,-0.060536,13.12234,29.68452
92673.45,18.5,746.5639,-0.040581,0.297554,1.127949,0.745567,9.405319,32.9397
93098.44,18.5,708.5997,0.044868,-0.184868,0.67043,1.774281,3.051538,34.50035
95611.44,18.51,486.9367,-0.119683,-0.047173,1.054219,2.586617,-6.779514,32.80934
96785.86,18.55,384.9608,-0.300347,-0.242485,0.989766,0.071522,-4.470641,28.35905
96545.98,18.56,405.7079,0.012153,-0.247368,0.878438,0.032031,-4.687624,30.40616
97045.7,18.55,362.5332,-0.084526,-0.185845,1.036641,3.031721,-6.55012,36.98889
94961.66,18.52,543.7958,-0.007378,-0.154106,0.861836,6.191643,-8.75202,38.12956
96752.05,18.49,387.8832,-0.059624,-0.329888,1.09084,5.930719,-12.25091,35.47859
98445.03,18.51,242.5845,-0.075737,-0.086724,1.081074,-0.470669,-13.97566,32.2476
100790.8,18.56,242.5845,-0.088433,-0.367485,1.066426,3.136753,-18.34507,27.07271
100871.5,18.61,242.5845,-0.106499,-0.358696,0.956074,4.476061,-16.812,22.59349
100766.1,18.66,242.5845,-0.093315,-0.217095,0.973164,2.998839,-16.13459,18.41719
101076.1,18.69,242.5845,0.226021,-0.139458,1.031758,-3.419947,-11.99258,20.68581
96925.36,18.72,372.9147,0.100044,-0.226372,0.993672,-3.358157,-12.02434,21.09172
96763.13,18.71,386.924,0.029731,-0.233208,0.985371,-2.145963,-13.06262,20.63295
95970.03,18.71,455.6918,0.028267,-0.247368,0.99123,-1.607894,-13.94399,20.66705
92771.16,18.62,737.8233,0.039497,-0.228813,0.992695,-2.575138,-13.16249,20.66554
92778.64,18.51,737.1548,0.037056,-0.227349,0.992207,-2.528352,-12.73641,20.6088
92777.11,18.38,737.2922,0.03022,-0.227349,0.993184,-1.584405,-12.64117,20.62756
92777.11,18.38,737.2922,0.031196,-0.231743,0.991719,-1.678972,-13.64653,20.64574
92783.91,18.34,736.6844,0.039009,-0.225396,0.993184,-2.342486,-12.52499,20.60738
92833.3,18.28,732.2692,0.031196,-0.228325,0.987813,-1.437559,-13.06634,20.60416
92835.09,18.17,732.108,0.032661,-0.229302,0.990254,-2.089812,-12.91077,20.59161
92835.09,18.17,732.108,0.033638,-0.229302,0.997578,-1.994386,-12.683,20.62164
92813.1,18.13,734.0739,0.032661,-0.235161,0.993184,-1.586899,-13.56958,20.67188
92792.06,18.09,735.9552,0.034614,-0.235161,0.988301,-1.736289,-13.50361,20.69702
92788.69,18.08,736.2564,0.02729,-0.230278,0.989277,-1.702106,-13.08154,20.67247
92788.75,18.06,736.2511,0.029731,-0.233208,0.990742,-1.735673,-12.93127,20.6792
92787.66,18.04,736.3489,0.032661,-0.222954,0.991719,-1.792471,-12.67794,20.63881
92792.81,18,735.8892,0.011177,-0.24981,1.024434,-0.816263,-13.37407,19.2364
92804.13,17.98,734.8745,-0.000054,-0.274224,0.992695,-1.03843,-13.32322,19.20313
92849.09,17.98,730.8583,0.032661,-0.246392,0.992695,-1.709266,-14.15632,19.21988
95252.16,18,518.3375,0.061958,-0.193657,0.994648,-1.500729,-12.82069,19.1947
92781.78,17.98,736.8747,0.039985,-0.298149,0.983906,-1.561491,-14.96381,19.23058
92789.2,17.97,736.2115,0.009712,-0.281548,0.991719,-1.795695,-14.39187,19.76624
92783.91,17.93,736.6844,0.021919,-0.24395,0.996113,-1.048366,-13.70275,23.65759
92792.27,17.91,735.9367,0.018989,-0.211724,1.002949,-0.888574,-11.8114,23.96089
92786.2,17.89,736.4783,0.056099,-0.350884,0.988789,-2.079252,-12.69722,20.70686
92787.28,17.87,736.3832,0.022896,-0.318169,0.970723,-0.933333,-14.98999,22.03221
92790.86,17.87,736.0635,0.01606,-0.204888,1.017598,-0.027718,-15.17595,21.65337
92792.4,17.86,735.9235,-0.002495,-0.278618,0.985371,-0.07462,-15.53854,21.65947
92820.78,17.84,733.3869,0.034126,-0.220513,0.992207,-0.581203,-13.83907,21.65706
92805.74,17.81,734.7318,0.012642,-0.248833,0.994648,-0.547994,-13.71768,21.65097
98813.07,17.81,734.7318,0.035591,-0.211235,0.991719,-0.707009,-13.60373,21.64111
98848.39,17.85,734.7318,0.014106,-0.251763,0.992207,-0.7276,-14.53713,21.64473
98833.55,17.92,734.7318,0.028755,-0.234185,0.991719,-1.314292,-13.37561,21.62305
98843.72,17.95,734.7318,0.014595,-0.259087,0.986348,-0.682914,-14.20462,21.62755
98824,17.99,734.7318,0.037056,-0.23272,0.99416,-1.709865,-13.94738,21.59013
98836.41,18.03,734.7318,0.005806,-0.254204,0.991719,-0.693776,-14.50606,21.59622
98814.52,18.09,734.7318,0.018501,-0.253228,0.992207,-1.021352,-14.19218,21.56013
98814.52,18.09,734.7318,0.021431,-0.241997,0.991719,-0.938021,-13.87239,21.53717
98796.76,18.13,734.7318,0.016548,-0.244927,0.988789,-0.99076,-13.78076,21.54399
98765.29,18.17,734.7318,0.010688,-0.241021,0.989277,-1.017092,-13.77207,21.58136
92789.77,18.13,736.1613,0.017036,-0.246392,0.993184,-1.039616,-13.62311,21.54608
92789.77,18.13,736.1613,0.014106,-0.23272,0.990254,-0.793596,-13.71824,21.5614
92783.66,18.11,736.7056,0.008247,-0.248833,0.990254,-0.354241,-14.01102,21.5947
92802.92,18.06,734.9828,0.019966,-0.235649,0.992207,-1.245298,-13.0303,21.57239
92813.2,18.07,734.066,0.011177,-0.241997,0.989766,-0.431955,-13.68004,21.60211
92809.19,18.07,734.4253,0.012153,-0.23272,0.992695,-0.44231,-13.58859,21.55034
92800.89,18.05,735.1652,0.010688,-0.24395,0.993184,-0.418132,-13.32368,21.53369
92804.17,18.02,734.8719,0.005806,-0.254204,0.983906,-0.332693,-14.35245,21.4684
92817.91,18.02,733.6432,0.028267,-0.244927,0.993184,-1.389311,-13.81071,21.46407
92830.98,18.01,732.4753,0.004341,-0.241021,0.990254,0.199613,-13.33168,21.44337
92832.91,18.01,732.3036,0.022407,-0.236138,0.993184,-1.37561,-13.23217,21.45074
92800.69,18,735.1837,0.006294,-0.24981,0.987324,-0.697363,-13.95125,21.43858
98774.47,18.01,735.1837,-0.003472,-0.226372,1.00002,-0.870336,-13.68615,21.42932
98835.84,18.06,735.1837,0.017036,-0.224419,0.994648,-1.292671,-12.69572,21.43307
92984.75,18.06,718.7434,0.021431,-0.242974,1.003438,-0.969946,-13.63419,21.44095
92837.73,18.03,731.8729,0.016548,-0.246392,0.985371,-0.991996,-14.00897,21.46362
98794.2,18.03,731.8729,0.018989,-0.245903,0.988789,-1.0156,-13.97346,21.47472
98787.47,18.07,731.8729,0.017036,-0.240044,0.985371,-0.980252,-13.9027,21.46117
92864.43,18.08,729.4869,0.01313,-0.24981,0.99123,-1.086609,-13.85509,21.46542
92912.11,18.02,725.2275,0.015083,-0.245415,0.994648,-1.096027,-13.7171,21.44272
98817.34,18,725.2275,0.018013,-0.245903,0.99416,-1.280223,-13.75722,21.45554
98829.45,18.01,725.2275,0.01313,-0.248345,0.992207,-1.179581,-14.23479,21.4276
98835.84,18.02,725.2275,0.012153,-0.247368,0.987813,-0.940929,-14.40329,21.42084
92845.78,18.01,731.1542,0.014595,-0.280571,0.976094,-0.766911,-14.14951,21.41066
92814.66,17.95,733.9338,0.01313,-0.241021,0.989277,-0.688866,-13.95948,21.37532
92823.02,17.9,733.1887,0.014106,-0.247368,0.995625,-0.680472,-13.7985,21.38525
98503,17.86,237.6461,0.013618,-0.238091,0.992695,-0.718429,-13.63682,21.37939
98777.38,17.87,237.6461,0.015083,-0.234673,0.992207,-0.854815,-13.46075,21.37846
98754.28,17.92,237.6461,0.018501,-0.239067,0.989766,-1.137117,-13.21687,21.36647
98739.34,17.93,237.6461,0.013618,-0.244438,0.990254,-0.718006,-14.04373,21.3889
98742.06,17.93,237.6461,0.018501,-0.240044,0.99416,-0.87957,-13.9407,21.40289
98703.84,17.94,237.6461,0.012153,-0.241997,0.992207,-0.797378,-13.63439,21.41121
98703.84,17.94,237.6461,0.018013,-0.240532,0.989766,-0.811577,-13.508,21.38005
92801.17,17.95,735.1414,0.012642,-0.23272,0.997578,-0.824576,-12.67558,21.32951
92798.77,17.9,735.3554,0.006782,-0.240044,0.990742,-0.439764,-13.39848,21.39081
92815,17.85,733.9048,0.01606,-0.229302,0.995137,-0.903098,-13.11943,21.38516
92815,17.85,733.9048,0.009712,-0.230278,0.998066,-0.636676,-13.13789,21.36504
92890.37,17.84,727.1696,-0.004448,-0.221978,0.999531,0.323988,-12.46268,22.48853
98646.91,17.87,237.5959,-0.000054,-0.266899,0.989766,-0.236646,-14.29578,22.59381
98351.68,17.89,250.5431,0.031196,-0.262017,0.990742,-1.168261,-14.55628,24.90186
92804.61,17.86,734.8322,-0.00689,-0.245903,0.997578,0.413098,-13.63804,26.2635
92804.61,17.86,734.8322,0.011665,-0.240532,0.991719,-0.01418,-13.76804,27.9183
92802.1,17.81,735.0568,-0.028862,-0.126274,1.006367,0.323714,-13.14707,28.04008
92799.2,17.75,735.3157,0.005806,-0.257134,0.979023,0.356884,-14.31104,29.22215
92792.66,17.65,735.8997,-0.026421,-0.24688,0.989766,1.620095,-13.6775,29.21236
92784.52,17.59,736.629,-0.002495,-0.232231,0.993672,0.087405,-13.02756,29.16626
92784.52,17.59,736.629,-0.00689,-0.235649,0.993672,0.185483,-13.29165,30.09869
92778.3,17.52,737.1865,-0.047417,-0.263481,0.993672,2.001689,-13.79494,31.13271
92768.34,17.44,738.077,-0.015679,-0.239067,0.992207,0.85183,-13.79832,31.25798
92775.94,17.38,737.3952,-0.018608,-0.246392,0.989277,1.159857,-13.67233,31.24954
92764.19,17.32,738.4468,-0.018608,-0.223931,0.994648,0.772399,-13.72563,31.20941
92767.29,17.27,738.1694,-0.007378,-0.245415,0.990254,0.428511,-13.90461,31.21643
92767.29,17.27,738.1694,-0.023491,-0.262993,0.987324,0.961853,-14.46808,31.17776
92772.65,17.22,737.6912,-0.040093,-0.237114,0.988789,2.122851,-13.91635,31.11868
92779.42,17.17,737.0861,-0.042534,-0.234185,0.996113,2.591413,-13.0906,31.12926
92775.37,17.12,737.4481,-0.029839,-0.269829,0.989766,1.917954,-14.45205,31.00496
92776.89,17.08,737.3107,-0.031304,-0.267388,0.989766,1.796169,-15.12613,31.00098
92783,17.03,736.7637,-0.020562,-0.292778,0.973164,1.568111,-16.32821,31.09883
92783,17.03,736.7637,-0.014214,-0.233208,0.99416,0.91039,-13.09599,32.85556
92786.33,17.01,736.4678,-0.102593,-0.262505,0.986348,2.475165,-13.78853,32.89128
92780.13,16.98,737.0226,-0.028374,-0.278618,0.98293,2.646148,-14.90929,36.09969
92779.13,16.94,737.1125,-0.079155,-0.317192,0.988789,3.019165,-16.11555,36.13354
92777.85,16.88,737.2261,-0.067437,-0.252739,1.00002,3.49662,-14.96818,36.19226
92777.85,16.88,737.2261,-0.072808,-0.25811,0.987324,3.324828,-14.7357,36.37401
96676.33,16.85,394.4281,-0.04644,-0.241997,0.985371,2.582462,-14.11814,36.41121
96700.1,16.9,392.3724,-0.06646,-0.252739,0.992695,3.131108,-14.49201,36.36827
96703.67,17,392.0632,-0.047417,-0.285942,0.976094,2.681895,-14.46339,37.08498
96252.06,17.07,431.1848,-0.041558,-0.235649,0.983906,2.629059,-13.28466,37.14421
96214.78,17.14,434.4215,-0.067925,-0.288384,0.985371,3.158376,-15.07539,37.02823
96214.78,17.14,434.4215,-0.043022,-0.241997,0.979023,2.557835,-14.057,37.04494
96223.22,17.2,433.6896,-0.01519,-0.176567,0.996602,3.260417,-12.92387,37.33958
92869.77,17.23,729.0113,-0.062554,-0.241509,1.012715,3.351503,-13.25803,33.47279
92902.38,17.21,726.0969,-0.068413,-0.464165,0.818379,5.009042,-20.72453,33.62819
96551.81,17.25,405.2033,-0.200737,-0.219536,1.146992,4.679315,-20.04252,33.69571
96862.36,17.31,378.3525,-0.098198,-0.350884,1.010762,4.585315,-18.76707,33.86894
96862.36,17.31,378.3525,-0.102104,-0.302056,1.073262,4.849326,-14.22994,33.58035
95710.84,17.35,478.2674,0.061958,-0.311333,0.963887,2.074821,-13.67942,31.37785
96626.95,17.37,398.698,-0.118218,-0.425591,0.83791,2.641957,-18.9113,29.79651
97599.35,17.4,314.9088,0.0102,-0.219048,0.932637,-2.163138,-12.85396,29.95404
96689.09,17.4,393.3236,-0.229546,-0.250786,1.080586,1.981692,-17.11355,33.13307
96689.09,17.4,393.3236,0.058052,-0.131646,1.035176,0.379196,-15.47346,35.70258
96694.8,17.43,392.8295,0.120063,-0.247856,0.931172,-3.368066,-14.80102,37.06818
96695.45,17.43,392.774,0.074653,-0.21856,0.934102,-6.380908,-13.37588,36.76529
97084.38,17.44,359.1986,0.019966,-0.232231,1.061055,-3.17967,-13.07815,37.33427
97515.71,17.48,322.0879,0.080024,-0.265435,0.947285,-4.820867,-15.53608,38.22116
92830.1,17.49,732.5546,0.040962,-0.38311,1.076191,-3.532189,-17.70701,37.55602
92830.1,17.49,732.5546,0.076118,-0.412407,0.989766,-8.860899,-21.29703,40.70462
94007.8,17.45,627.836,0.162544,-0.415825,0.877461,-11.6479,-23.70024,38.82515
97497.19,17.51,323.6812,0.294868,-0.366997,0.960957,-17.15751,-31.2157,35.25702
92836.83,17.6,731.9548,0.447212,-0.706841,0.741719,-24.18001,-45.30823,35.40077
92914.55,17.67,725.0109,0.593208,-0.822563,0.595234,-34.52955,-63.55305,38.92278
92856.28,17.71,730.2162,0.605903,-0.678032,0.128438,-43.20796,-85.12292,48.53479
92856.28,17.71,730.2162,0.722114,-0.704399,0.026387,-47.51496,-95.46854,53.59634
92853.7,17.75,730.446,0.778267,-0.632134,-0.007305,-51.37292,-102.0199,56.88275
92876.61,17.81,728.3983,0.886665,-0.669243,-0.325176,-51.6972,-110.7952,67.57661
92890.08,17.85,727.196,0.849556,-0.603813,-0.217266,-52.4728,-114.2877,71.00168
92888.22,17.89,727.3625,0.815864,-0.592095,-0.24998,-51.53852,-113.1767,72.65446
92893.31,17.94,726.9054,0.80561,-0.642876,-0.259258,-49.87809,-113.2172,73.62762
92893.31,17.94,726.9054,0.82563,-0.640435,-0.257305,-50.25703,-112.5298,73.05576
92893.3,17.97,726.908,0.837837,-0.573052,-0.251445,-50.47921,-113.7206,73.72246
92886.47,18.01,727.5184,0.913521,-0.458794,-0.109844,-52.26497,-100.6759,68.23132
92864.23,18.06,729.5054,0.780708,-0.690239,-0.112773,-52.09699,-101.6423,69.8008
92879.86,18.11,728.1077,0.860298,-0.696587,-0.172832,-51.63641,-102.5862,69.25867
92879.86,18.11,728.1077,0.862251,-0.621392,-0.12791,-53.55764,-100.8572,69.07688
92876.22,18.14,728.4326,0.881294,-0.643364,-0.186016,-52.83013,-103.0082,70.52811
92883.63,18.19,727.7721,0.893013,-0.580864,-0.212871,-54.47718,-105.2199,71.84312
92881.81,18.24,727.9332,0.8227,-0.632134,-0.01707,-52.08905,-89.70306,59.93694
92859.52,18.28,729.9255,0.822212,-0.647759,0.006855,-52.41749,-93.91576,61.31191
92877.13,18.3,728.3534,0.864692,-0.611138,-0.145,-52.84061,-103.118,67.09566
92877.13,18.3,728.3534,0.851021,-0.62481,-0.181133,-52.31051,-109.6964,68.12441
92869.34,18.34,729.0483,0.872017,-0.659966,-0.201641,-53.43163,-108.0458,65.84914
92863.41,18.37,729.5794,0.851509,-0.566704,-0.182109,-55.06829,-108.0757,64.77247
92864,18.4,729.5239,0.87397,-0.662407,-0.180645,-54.03678,-106.7041,63.54724
92870.44,18.42,728.9505,0.867134,-0.577446,-0.196758,-53.95856,-107.84,64.21351
92872.41,18.46,728.7735,0.850044,-0.679497,-0.189922,-52.03196,-105.8915,62.65724
92872.41,18.46,728.7735,0.832954,-0.594048,-0.150859,-51.83719,-104.4622,61.55829
92872.08,18.49,728.8026,0.851021,-0.721489,-0.224102,-50.55854,-105.2791,62.10858
92871.36,18.52,728.8686,0.878364,-0.696099,-0.159648,-51.33555,-101.8905,59.44653
92871.03,18.55,728.8977,0.834907,-0.689751,-0.141582,-51.40222,-103.1238,59.58092
92866.16,18.59,729.3337,0.849556,-0.575005,-0.170391,-53.80603,-105.2815,61.42461
92866.16,18.59,729.3337,0.85395,-0.639458,-0.194316,-51.60781,-107.8159,61.69814
92867.05,18.62,729.2518,0.822212,-0.63897,-0.186016,-51.10408,-106.3492,60.60822
92860.61,18.63,729.8278,0.849067,-0.694146,-0.18748,-50.80087,-105.7436,59.88979
92853.28,18.66,730.483,0.837837,-0.612114,-0.192363,-52.51077,-107.4822,61.32595
92855.97,18.7,730.2426,0.834907,-0.632622,-0.209453,-51.48215,-106.6995,61.04163
92866.16,18.73,729.3337,0.850044,-0.644341,-0.174297,-51.72606,-104.9197,59.76195
92866.16,18.73,729.3337,0.869087,-0.622856,-0.120098,-53.47913,-104.8491,59.73474
92868.52,18.77,729.1223,0.876411,-0.610161,-0.172832,-53.79628,-104.8499,60.69579
92862.17,18.8,729.6877,0.874458,-0.574028,-0.17918,-54.08168,-102.9457,59.88937
92851.72,18.84,730.6231,0.799263,-0.564751,-0.041973,-51.61116,-98.64444,58.14152
92849.12,18.88,730.8556,0.80561,-0.607231,-0.114238,-50.68656,-101.4458,60.67038
92842.21,18.91,731.4713,0.826606,-0.709771,-0.188945,-50.86212,-104.6271,62.12302
92842.21,18.91,731.4713,0.871528,-0.603813,-0.153301,-55.09462,-104.6985,59.94856
92852.27,18.93,730.5729,0.879829,-0.608208,-0.131328,-55.35859,-105.1733,58.55056
92856.27,18.94,730.2162,0.867622,-0.582329,-0.154277,-55.35244,-105.5494,58.27168
92867.77,18.97,729.1884,0.87397,-0.611138,-0.186016,-55.05312,-105.7728,60.2858
92865.39,19,729.3997,0.872017,-0.616509,-0.173809,-54.68177,-107.8855,63.1138
92874.59,19.03,728.5779,0.851997,-0.580864,-0.205547,-54.21121,-109.7017,64.85905
92874.59,19.03,728.5779,0.857856,-0.611138,-0.226055,-53.64928,-110.8469,66.02063
92884.09,19.06,727.7298,0.903267,-0.643853,-0.290508,-53.0741,-104.3237,63.17401
92872.74,19.08,728.7444,0.809517,-0.679497,0.093281,-47.33245,-65.79634,45.94876
93000.29,19.11,717.3562,0.616157,-0.305962,0.636738,-32.5843,-26.93954,34.13737
93755.59,19.15,650.1711,0.317817,0.106636,1.032246,-12.49442,8.748153,29.21327
93755.59,19.15,650.1711,0.163521,-0.012993,1.068379,-7.189199,8.261161,31.46674
92280.42,19.12,781.8013,0.219673,0.149604,1.044941,-4.298706,10.78327,28.25298
92854.27,19.08,730.3959,0.218696,0.082222,0.849629,-5.790322,11.57798,26.02972
92847.94,19.03,730.9613,0.206489,0.204292,1.007344,-4.687286,9.649029,21.91956
92649.45,19,748.7121,0.08979,0.080757,0.855,-4.898705,5.409539,21.86171
92801.47,18.98,735.1123,0.014595,0.070991,1.049824,-2.731405,3.625326,19.30464
92801.47,18.98,735.1123,0.090767,0.056343,0.936055,-4.771317,1.532468,18.79771
92468.25,18.95,764.9462,0.194282,-0.141411,0.933125,-5.551179,-0.328226,16.21695
92711.3,18.93,743.1765,0.21479,-0.316704,0.96877,-2.152306,-0.015689,14.40025
92945.66,18.94,722.2312,-0.053276,-0.050103,0.919941,-0.770809,-1.047423,13.22488
93560.73,18.98,667.4622,0.02436,-0.178521,1.095234,0.281693,-3.75957,12.30276
93965.31,18.99,631.5959,-0.012261,-0.065728,1.015645,0.144481,-5.091562,12.32159
93965.31,18.99,631.5959,0.020942,-0.126274,1.015156,-0.972274,-6.620973,12.52324
93896.56,18.99,637.6811,0.004341,-0.022271,1.015645,1.230828,-2.3362,12.92488
93037.14,18.98,714.0666,0.019478,-0.099907,1.004414,0.741563,-3.871972,11.92789
93022.78,18.99,715.3481,0.042915,-0.105278,0.943379,-0.171969,-5.11283,11.26738
93689.58,19,656.0264,-0.139702,0.021187,1.064961,0.501943,-8.74724,9.889481
93689.58,19,656.0264,-0.091362,-0.127739,1.239766,5.64679,-4.566783,10.29665
93316.72,19,689.1552,-0.197808,-0.237603,1.376484,1.359456,-12.31941,10.60321
94768.14,19,560.791,-0.126519,-0.142876,0.51418,-3.035489,-14.10435,11.54448
96482.17,19.02,411.2329,-0.023979,-0.183892,0.474629,-1.555761,-16.79173,8.545532
97302.42,19.02,340.4226,0.195747,-0.453423,1.490254,3.744498,-13.05598,7.057907
94604.81,19.04,575.1544,-0.172417,0.043647,1.224141,2.946411,-10.66552,2.653198
94604.81,19.04,575.1544,-0.138237,0.012397,0.828145,3.849324,-8.859117,2.841141
94532.7,19.03,581.5037,-0.102593,-0.182427,1.203633,4.989377,-8.229644,2.327942
94334.47,19.01,598.9771,0.055122,-0.122368,0.936055,-1.794022,-9.890546,2.28508
95592.88,19.03,488.5565,0.026313,-0.301567,1.004414,-4.307746,-10.77365,1.667786
92611.86,19.06,752.0784,-0.088921,-0.149712,0.909688,-1.446112,-6.33173,358.6
92558.39,19.03,756.8661,0.035103,-0.066216,0.975117,-2.34374,-3.73652,349.5416
92558.39,19.03,756.8661,0.158149,0.087104,0.956563,-5.388484,-5.38249,334.3969
92835.98,18.98,732.0287,0.098579,0.024116,1.043477,-5.68526,0.188472,322.0415
92835.14,18.93,732.1054,0.057075,0.191108,0.984883,-7.679965,4.095133,313.6701
92821.61,18.89,733.3129,0.020454,-0.110161,0.942891,-6.363409,3.894947,302.0254
92821.72,18.83,733.305,0.029243,-0.04522,1.094746,-3.995671,1.725475,296.041
92825.58,18.78,732.9589,-0.172905,0.181343,1.098164,0.674027,5.627741,294.6588
92825.58,18.78,732.9589,0.016548,0.108589,0.87209,-0.508222,7.403884,285.2289
92822.36,18.76,733.2469,-0.030327,0.078315,0.973164,0.242793,7.445371,279.5698
92817.77,18.72,733.6564,-0.102104,-0.040337,0.942402,-0.0942,4.431357,278.7366
92813.13,18.68,734.0712,-0.082085,-0.143364,1.03957,-2.272613,1.033762,277.4398
92809.69,18.63,734.3804,-0.012261,0.141304,1.024922,-3.592755,1.822088,267.5201
92809.69,18.63,734.3804,0.053657,0.208687,0.910176,-4.689531,3.239086,252.8495
92804.73,18.6,734.8217,-0.110405,-0.06231,0.956074,-1.016465,4.946387,241.2381
92800.05,18.59,735.2418,0.167427,-0.077446,0.97707,-3.123381,3.081705,230.0733
92801.13,18.56,735.144,-0.127495,-0.092583,1.28127,-4.35351,3.360198,225.4049
92799.2,18.53,735.3184,-0.066948,0.11396,0.78127,-4.589638,5.606178,214.6287
92800.97,18.51,735.1572,0.067817,-0.038872,0.96877,-3.706231,6.261717,206.7888
92800.97,18.51,735.1572,0.338325,0.283394,1.118184,-10.03552,1.629222,213.0031
92796.44,18.48,735.5641,0.023384,0.271675,0.887227,-7.954902,4.592303,221.2482
92799.14,18.45,735.321,-0.000054,-0.016899,1.006367,-5.806052,1.118465,224.1311
92795.55,18.46,735.6434,-0.123589,-0.498833,1.404316,-2.534893,-2.519802,221.2247
92795.36,18.44,735.6592,-0.051812,0.110542,0.677754,-1.245347,-5.447346,210.7049
92795.53,18.42,735.6434,0.201118,-0.0252,0.797871,-5.076337,-4.096706,210.2327
92795.53,18.42,735.6434,-0.215874,0.574897,1.265156,-7.477376,-4.952204,221.7975
92798.32,18.4,735.395,0.059517,-0.238091,0.707539,-3.904738,6.930225,226.0433
92809.13,18.4,734.4306,0.120552,-0.034966,1.086934,-4.876499,0.053235,226.7405
92810.9,18.38,734.272,-0.122124,0.161323,1.142598,0.496856,-4.186575,219.4198
92806.14,18.33,734.6974,0.008247,0.104683,0.83498,-0.003782,-4.248256,210.0332
92806.14,18.33,734.6974,0.129341,0.183296,1.183613,-2.542245,-9.148352,217.6649
92807.16,18.3,734.605,-0.22271,0.406929,0.861348,-1.29089,-4.138563,227.3888
92811.2,18.27,734.2457,-0.028374,-0.241997,0.839375,-0.776081,-6.992254,231.2118
92812.97,18.25,734.0845,-0.473198,-0.127251,1.558613,3.366491,-7.329203,220.6617
92811.86,18.21,734.1849,-0.10064,-0.075493,0.622578,3.475508,-4.14544,207.8245
92811,18.15,734.2615,0.140571,0.217476,1.144551,-1.191831,-6.006071,209.6978
92811,18.15,734.2615,0.088325,-0.347466,0.936055,6.188303,5.3618,222.4761
92812.38,18.09,734.14,-0.207573,-0.032036,0.682148,11.073,2.449944,231.129
92808.5,18.06,734.4861,-0.283257,-0.271294,1.398945,11.35825,-4.302748,222.318
92811.88,18.04,734.1823,-0.040093,0.274116,0.560566,10.16078,-2.626253,205.8847
92817.13,18.04,733.7145,0.179634,0.324897,1.003926,4.554653,-0.455343,206.4833
92819.16,18.04,733.5322,-0.212944,-0.017876,0.781758,10.06874,4.309075,215.8678
92819.16,18.04,733.5322,-0.165093,0.047065,0.893086,9.87629,0.566802,216.1575
92816.54,18.04,733.7674,-0.709526,0.251655,1.628926,16.14611,3.714111,205.0367
92817.42,18,733.6881,0.039009,0.087104,0.603535,13.5163,7.24564,197.816
92814.38,17.99,733.9603,0.193794,-0.023247,1.165547,6.223683,5.663794,200.7824
92824.64,18,733.0434,-0.241265,0.090034,1.063984,9.588473,8.908214,217.9517
92813.28,17.98,734.058,-0.151909,-0.009575,0.78957,10.02881,3.866618,221.0518
92813.28,17.98,734.058,-0.336968,-0.011528,1.365742,10.98268,-4.650933,212.1553
92811.94,17.94,734.1769,-0.070854,-0.126763,0.569355,11.6761,-2.035052,197.9665
92818,17.89,733.6353,0.031196,0.182808,1.127461,6.564088,-2.65965,196.8533
92810.75,17.89,734.2853,-0.051812,-0.091606,1.092793,6.454851,0.852789,210.7965
92806.41,17.88,734.671,-0.122612,-0.128228,0.765156,6.196372,-4.238901,216.7308
92806.41,17.88,734.671,-0.028374,-0.222466,1.413105,7.082782,-8.090604,212.6022
92804.97,17.83,734.8005,0.023384,0.049019,0.574727,3.329399,-5.17657,197.8085
92808.96,17.81,734.4438,0.187446,0.038276,1.184102,-1.019479,-6.44691,196.5138
92802.41,17.81,735.0304,-0.084526,-0.194634,0.937031,2.014166,-5.009681,208.4119
92809.33,17.81,734.4121,-0.185112,-0.284966,0.663594,5.98775,-10.42828,216.2042
92805.7,17.77,734.7344,-0.306206,-0.564751,1.424824,8.982359,-10.22392,210.7081
92805.7,17.77,734.7344,0.138618,0.019233,0.457051,1.286579,-9.127982,201.2132
92805.67,17.74,734.7371,0.131782,0.655464,1.010273,-0.088572,-10.48379,210.9157
92809.41,17.72,734.4042,-0.396538,0.451362,0.888203,12.43678,-4.997679,218.1535
92814.91,17.71,733.9127,-0.108452,-0.009087,0.762715,12.37728,-7.149716,214.0739
92819.3,17.69,733.519,-0.157769,-0.12481,0.941914,15.81388,-0.735222,201.6631
92816.48,17.67,733.7726,-0.121147,0.130562,0.867207,9.120027,-0.566077,192.2698
92816.48,17.67,733.7726,-0.095269,0.186226,1.339863,5.026504,-2.279899,196.5548
92816.19,17.67,733.7991,-0.159722,0.001655,0.534199,9.994113,-3.706864,209.8913
92813.66,17.65,734.0237,-0.185601,-0.017388,1.069844,7.723171,-7.521564,212.6327
92818.83,17.61,733.5613,0.039497,0.317573,1.286641,0.850891,0.637002,193.6879
92815.34,17.59,733.8731,-0.256401,-0.090142,0.857441,7.639365,4.066788,215.1154
92823.1,17.54,733.1808,-0.650444,0.481636,1.479023,9.63086,2.043845,207.3071
92814.84,17.44,733.918,0.070747,0.589546,1.251973,6.05151,5.346224,199.1283
92814.84,17.44,733.918,0.074653,-0.001274,1.218281,4.638966,15.01694,215.311
92829.06,17.42,732.6471,-0.284722,-0.126274,0.395039,9.79331,11.40404,216.1325
92819.02,17.29,733.5454,0.011665,0.424507,1.194355,0.178163,-2.312349,210.9812
92820.98,17.26,733.371,-0.20855,-0.428521,0.510273,6.032244,-0.544903,218.9244
92813.67,17.19,734.0237,0.002388,-0.363091,1.662617,-1.252292,-2.51155,224.9857
92814.87,17.14,733.9153,0.091743,-0.030571,0.753926,-3.115916,-0.040042,228.6554
92814.47,17.14,733.9523,0.261665,0.129097,0.781758,-4.434595,-0.991904,245.0651
92834.8,17.1,732.1345,0.18354,-0.299614,1.152363,0.563231,-2.240724,269.0307
92837.94,17.09,731.8544,0.101021,-0.019829,0.695332,-2.696772,4.211851,278.651
92837.94,17.09,731.8544,0.257759,-0.36895,1.147969,-5.408199,-6.75847,283.4592
92846.02,17.04,731.1331,-0.536187,0.396187,1.222676,-3.291581,-1.248716,287.6196
92836.62,16.99,731.9733,0.256782,-0.095024,0.69582,-3.361938,1.937266,283.8832
92845.75,16.92,731.1568,-0.199272,0.104683,1.251973,-0.428625,-1.899887,289.0915
92845.75,16.92,731.1568,-0.000542,-0.154106,0.823262,-1.228006,1.2885,305.8802
92843.55,16.9,731.3524,0.02436,-0.080376,0.963398,-2.811651,-0.874181,314.8647
92853.21,16.85,730.4883,0.05854,0.059272,0.769551,-3.416107,4.558846,327.6942
92851.35,16.86,730.6548,0.057075,0.042671,0.985371,-3.392864,4.134881,331.452
92855.22,16.86,730.3113,0.10395,-0.165825,0.866719,-2.388879,2.305199,336.3448
92855.22,16.86,730.3113,0.034126,-0.063774,1.12209,-3.408719,-4.603802,340.7064
91551.19,16.83,847.4988,0.292915,-0.063286,0.953633,-16.904,-2.416297,10.42482
91547.56,16.83,847.8264,0.281685,-0.040337,0.958027,-16.43778,-2.437907,10.60167
91547.56,16.83,847.8264,0.26606,-0.014458,0.970234,-15.28536,-0.910344,10.28813
91410.89,16.81,860.187,0.254341,-0.040337,0.96584,-14.54217,-2.489728,10.5845
91376.63,16.78,863.289,0.269478,-0.049126,0.975117,-15.54919,-2.821031,10.77693
91345.85,16.78,866.074,0.279731,-0.041313,0.971211,-15.6942,-2.449218,10.86011
91306.45,16.77,869.6437,0.267036,-0.064751,0.952656,-15.62842,-4.318647,10.87199
91821.96,16.75,823.0551,0.259224,-0.036431,1.004902,-15.0659,-2.455857,6.357544
91821.96,16.75,823.0551,0.326118,0.088081,0.946309,-17.64676,0.230443,2.749405
92709.85,16.73,743.306,0.327095,0.064644,0.940938,-18.83646,2.092083,5.082703
92307.31,16.72,779.3862,0.279731,-0.044731,0.963398,-17.20973,-0.584869,11.9464
91250.82,16.73,874.6825,0.253364,-0.119438,0.983906,-15.71469,-3.550804,16.47614
91510.08,16.73,851.2165,0.254341,-0.11895,0.995137,-15.02982,-5.654901,15.03088
91286.66,16.71,871.4351,0.252876,-0.041313,0.979512,-15.39242,-4.989138,7.460571
91286.66,16.71,871.4351,0.309028,0.041694,0.958027,-16.18115,-1.988021,1.040497
92512.43,16.7,760.9855,0.326606,0.0373,0.943379,-17.44964,0.096762,359.975
92534.5,16.68,759.009,0.286079,-0.005181,0.969258,-16.36962,-0.153095,4.508743
91505.17,16.69,851.6577,0.241646,-0.058403,0.985859,-14.61097,-1.901196,10.17384
91273.84,16.7,872.5977,0.241157,-0.052056,0.987813,-13.90403,-3.048561,12.6873
91273.84,16.7,872.5977,0.269966,-0.026177,0.979023,-14.91603,-2.035174,11.4279
91404.4,16.69,860.7736,0.274849,0.023628,0.99709,-15.93284,-1.049964,9.800644
91247.28,16.69,875.0049,0.346138,-0.106743,0.926777,-18.46706,-5.697104,11.08565
92308.75,16.7,779.2568,0.288032,-0.012505,0.98,-17.69551,-4.612839,10.01373
91850.3,16.7,820.5,0.292427,-0.023247,0.950215,-17.17342,-3.578394,9.734528
92405.25,16.69,770.5954,0.309028,-0.080376,0.956563,-17.37277,-4.813626,9.842697
92239.56,16.69,785.4688,0.256294,-0.057427,0.989766,-15.48447,-2.729009,8.647552
92051.59,16.69,802.3688,0.350044,-0.094048,0.943867,-16.56365,-4.387662,9.677597
92406.23,16.69,770.5082,0.361763,-0.114556,0.921406,-18.36693,-5.573541,10.29163
92232.3,16.68,786.1214,0.303657,-0.134575,0.976582,-17.30388,-6.506342,9.953659
92018.46,16.68,805.3519,0.284614,-0.051079,0.99123,-16.64811,-3.804522,8.968185
92413.05,16.68,769.8952,0.314888,-0.120903,0.952656,-17.79902,-7.020813,10.05862
92422.11,16.67,769.084,0.319771,-0.120903,0.949238,-18.76683,-6.972504,10.04291
92372.67,16.68,773.5178,0.313911,-0.09356,0.956563,-18.08992,-5.330761,9.644348
92293.2,16.68,780.6519,0.312446,-0.054497,0.96291,-18.19555,-3.894854,8.921982
92293.2,16.68,780.6519,0.331001,-0.114556,0.942402,-18.3974,-5.012355,9.196426
92322.38,16.72,778.0334,0.320747,-0.081841,0.930195,-19.21092,-5.270873,9.17836
92535.52,16.75,758.9166,0.159126,-0.252739,0.982441,-17.0512,-6.003144,8.41864
92356.65,16.78,774.9578,0.316841,-0.07354,0.848652,-15.65781,-5.734615,9.198151
92849.03,16.76,730.8635,0.124946,0.19355,1.112324,-8.186744,6.007823,329.9034
92849.03,16.76,730.8635,-0.001519,0.167183,1.041523,-6.318905,5.459254,319.4147
92838.29,16.7,731.8227,0.03022,-0.097466,0.954121,-4.232396,-2.944267,310.3465
92841.91,16.64,731.5003,0.188911,0.027046,1.110371,-3.786326,-4.694973,305.7103
92840.41,16.59,731.6324,0.087349,-0.174614,0.90041,-5.291291,-1.759061,296.7113
92840.6,16.55,731.6166,0.057075,0.001167,0.941914,-2.601882,-0.247505,284.1987
92835.45,16.49,732.0764,0.173774,-0.345024,1.024922,-3.986312,-1.469869,287.8302
92837.7,16.39,731.8755,0.196724,0.259956,1.069844,-9.95705,-4.848409,290.5408
92837.7,16.39,731.8755,0.058052,-0.031548,0.960957,-5.964774,-1.096622,292.0066
92840.19,16.38,731.6536,0.186958,-0.189751,0.846699,-8.245623,-7.657104,292.9097
92838.05,16.36,731.8438,0.094673,-0.022271,1.310078,-6.298551,-7.926,295.9055
92839.21,16.35,731.7408,-0.020562,0.039741,1.038594,-3.582985,-1.70071,298.1692
92838.81,16.34,731.7751,0.056099,-0.131157,0.890156,-4.078277,-2.420534,300.8059
92840.71,16.33,731.606,0.128364,-0.387505,0.920918,-4.887643,-7.108362,305.1106
92840.71,16.33,731.606,-0.286675,0.643745,1.631855,-5.076769,-4.869182,314.3631
92849.48,16.33,730.8239,0.16938,-0.114556,0.719746,-5.273281,0.937339,314.8253
92846.92,16.33,731.0511,0.16645,-0.113091,0.873066,-3.88016,-2.072595,311.5485
92847.77,16.32,730.9772,0.110786,-0.308892,1.231953,-3.823877,-4.788296,309.8555
92846.25,16.3,731.1119,-0.01519,0.163276,1.094258,-4.884181,-3.738524,304.7133
92838.41,16.27,731.8121,0.056099,-0.185845,0.842305,-5.954851,-4.915005,301.3819
92838.41,16.27,731.8121,0.338325,-0.291802,1.02248,-7.588241,-9.786137,303.2634
92845.55,16.23,731.1753,-0.06646,0.522163,1.333027,-8.650843,-9.170797,318.1186
92857.58,16.23,730.0973,0.191841,-0.061821,0.935078,-12.46535,-2.314897,326.525
92854.7,16.23,730.3562,0.168892,-0.100396,0.827656,-11.63552,-3.696434,332.0872
92865.25,16.24,729.4129,0.184028,-0.163872,0.888691,-11.09444,-9.484864,337.7283
92865.25,16.24,729.4129,0.150337,-0.041313,1.297383,-9.430767,-7.81573,346.7437
92387.56,16.25,772.1834,0.288521,0.040718,1.085957,-9.457294,-4.120306,349.3945
92077.02,16.25,800.0832,0.195259,-0.183892,0.932148,-10.98263,-4.634787,353.6918
91323.84,16.24,868.0662,-0.096245,0.091987,1.078145,-10.17325,-2.772902,358.0662
91611.41,16.24,842.0583,0.293403,0.070991,1.058125,-13.71594,1.455889,0.604858
92370.03,16.26,773.7556,0.269966,-0.106743,0.967305,-15.48688,-6.348629,8.718033
92345.72,16.29,775.9381,0.236274,-0.307915,0.925801,-17.39176,-6.864457,10.90785
92225.33,16.29,786.7476,0.182075,-0.16436,0.927754,-14.13137,-4.14365,0.918198
92837.86,16.28,731.8623,0.154731,0.195015,0.97707,-11.10909,0.610795,340.9932
92852.88,16.28,730.52,0.074653,0.036323,1.020527,-5.495127,3.034637,325.8923
92845.57,16.27,731.1727,0.10981,0.011909,0.977559,-6.123787,1.036019,320.6515
92845.57,16.27,731.1727,-0.023979,-0.102837,1.085957,-5.229166,-0.032368,318.9203
92848.92,16.24,730.8741,0.119575,-0.321587,0.983418,-8.581894,-6.028769,320.5612
92857.69,16.2,730.0894,0.247017,-0.037407,1.058125,-7.978623,-7.251398,319.4066
92854.25,16.16,730.3959,0.225044,-0.013481,0.91457,-9.854401,-0.739012,318.6695
92847.28,16.12,731.0194,0.11811,-0.211235,0.874531,-7.298938,-2.687435,314.3593
92852.05,16.07,730.594,0.173286,-0.017876,1.179707,-8.417937,-10.45576,315.9711
92852.59,16.06,730.5438,0.062446,-0.18731,0.896992,-8.647547,-9.181683,309.049
92847.88,16.05,730.9666,0.219185,-0.257134,0.882344,-8.571088,-12.95143,311.219
92855.58,16.03,730.2769,0.102485,-0.126274,1.295918,-5.659583,-11.84418,322.4126
92863.5,16.01,729.5688,0.215278,-0.474907,0.713887,-4.85789,-4.424982,327.7131
92861.36,16.02,729.7617,0.032173,-0.21856,0.923359,-3.766294,-9.539537,325.2462
92861.36,16.02,729.7617,0.071724,-0.224419,1.328633,-1.480173,-8.321854,322.122
92863.03,16.03,729.6111,0.053657,-0.072075,0.940938,-3.957015,-7.97031,313.2859
92857.07,16.02,730.1448,0.158638,-0.088677,0.870137,-7.507805,-6.980457,314.1707
92855.41,15.99,730.2928,0.148872,-0.444146,1.095234,-6.824475,-8.769603,321.2842
92862.45,15.97,729.6639,0.177192,0.107612,1.094258,-8.683633,-9.528591,323.3611
92862.45,15.97,729.6639,0.166938,-0.235649,0.779805,-10.33157,-7.492129,324.7007
92860.53,15.94,729.8357,0.128853,-0.202446,0.894551,-8.216566,-11.71842,321.8881
92860.02,15.93,729.8806,0.16938,-0.562798,1.109883,-8.03017,-16.06334,323.111
92864.17,15.92,729.5107,-0.054253,-0.036919,1.060078,-6.479897,-16.36484,320.5818
92862.13,15.91,729.693,0.008247,-0.161431,0.923848,-8.019914,-15.99476,319.5993
92851.59,15.9,730.6337,0.116646,-0.267876,1.0425,-5.865396,-18.18258,325.834
92851.59,15.9,730.6337,0.467231,-0.430962,0.875508,0.487851,-7.520926,326.384
92791.45,15.88,736.0081,0.131782,-0.265923,0.776387,-3.111003,-6.767871,325.1802
92863.2,15.86,729.5979,0.234321,-0.256646,0.935078,-5.394431,-10.2823,326.2999
92836.19,15.87,732.0103,0.039009,0.132515,1.432637,-2.242261,-5.884696,330.5914
92138.19,15.86,794.582,0.161079,-0.057427,0.965352,-9.592052,-4.010776,338.5523
92587.26,15.87,754.282,0.070259,-0.086724,0.879902,-13.31909,-5.225005,354.98
92587.26,15.87,754.282,0.111274,-0.41436,1.066914,-14.51851,-6.751991,11.9408
93757.56,15.88,649.9968,0.294868,-0.059868,0.949238,-16.18444,-2.58286,17.1286
92579.2,15.91,755.0034,0.381294,0.02021,0.921406,-18.70918,-0.883883,19.09326
92662.59,15.94,747.5363,0.379829,-0.190728,0.894551,-20.87626,-4.012784,22.70248
92742.51,15.98,740.3863,0.363228,-0.089165,0.956074,-21.0971,-5.209915,23.61287
92742.51,15.98,740.3863,0.376899,-0.123345,0.94875,-21.54221,-7.018357,24.2869
92889.96,16.07,727.2066,0.335396,-0.152642,0.956074,-18.93378,-8.084024,25.03217
92962.31,16.1,720.7463,0.302681,-0.129204,0.95998,-18.58292,-8.214969,24.00632
92580.78,16.13,754.8607,0.321235,-0.111626,0.99709,-19.04478,-6.242957,19.39323
92608.64,16.17,752.3663,0.431099,-0.133599,0.876973,-25.0002,-7.838567,22.05569
92833.16,16.21,732.2824,0.331978,-0.184868,0.941914,-20.84496,-9.741409,24.40688
92685.7,16.28,745.4674,0.35981,-0.04229,0.971699,-19.10798,-5.895189,15.22517
92592.72,16.34,753.7932,0.420845,-0.006646,0.947285,-22.98944,-3.92631,12.93752
92578.95,16.61,755.0245,0.359321,-0.052056,0.965352,-20.1891,-5.460209,13.40863
92509.82,16.77,761.2206,0.360786,-0.042778,0.957051,-20.40414,-4.592977,11.68521
92743.55,16.79,740.2938,0.413032,-0.003228,0.943379,-23.35244,-2.323262,8.799835
92743.55,16.79,740.2938,0.432563,-0.050103,0.904805,-25.92428,-3.593225,13.29175
92800.55,16.83,735.1968,0.427192,-0.137993,0.889668,-25.70295,-6.475088,20.90329
92809.31,16.85,734.4121,0.406196,-0.237603,0.876973,-22.42743,-8.555703,24.82683
92566.66,16.89,756.1263,0.269478,-0.128716,0.993672,-16.67027,-6.67344,19.55608
92199.66,16.91,789.0543,0.351997,-0.044731,1.010273,-19.02247,-2.661454,10.45467
92199.66,16.91,789.0543,0.441353,0.02021,0.894063,-28.93631,-5.994214,6.764252
92881.58,16.9,727.9544,0.586372,-0.233208,0.736348,-34.81084,-14.9785,14.21867
93041.31,16.92,713.694,0.509712,-0.322075,0.709004,-29.10213,-16.84591,23.58466
92883,17.01,727.8276,-0.056206,0.439644,1.299824,-7.288424,14.00122,1.051865
92871.2,17.01,728.8818,0.347603,0.109077,0.913105,-26.62687,-14.06633,359.3946
92871.2,17.01,728.8818,0.5102,-0.475396,0.513691,-22.46796,-35.04276,26.21056
92861.83,17.02,729.7194,0.039985,-0.53936,0.688496,-1.85667,-21.10279,42.83415
99037.67,17.11,729.7194,-0.242729,-0.049126,1.148457,1.008243,5.388749,38.41479
92887.64,17.11,727.4127,0.097603,0.447456,1.106465,-10.62667,16.71768,13.28448
92868.42,17.09,729.1302,0.454536,0.134468,0.876484,-21.54112,-4.98785,3.534592
93045.02,17.12,713.3664,0.243599,-0.547173,0.648457,-11.01131,-26.1315,19.9791
93045.02,17.12,713.3664,-0.323296,-0.426567,0.958027,6.308432,-8.015278,34.51721
96235.88,17.15,432.5905,-0.440972,0.295112,1.214375,-1.556457,8.395704,26.77007
92868.34,17.18,729.1381,0.51313,-0.101372,0.766621,-20.22076,5.028228,9.050903
94622.44,17.21,573.6033,0.026313,-0.22979,0.964375,-7.079868,-12.12781,16.26833
94622.44,17.21,573.6033,-0.129937,-0.239556,1.000508,6.059387,7.959088,24.74629
92835.39,17.23,732.0816,0.390083,-0.213188,0.688008,-20.96231,-5.881605,18.89117
92288.02,17.29,781.1196,0.082466,-0.030083,1.033711,-14.30857,-2.060165,19.26909
92696.03,17.29,744.5426,0.222114,0.038765,0.938496,-11.92632,3.719659,13.46313
92696.03,17.29,744.5426,0.020454,-0.066216,1.068379,-9.471727,2.347564,351.5417
92870.52,17.3,728.9426,0.081489,0.032417,0.99123,-8.656002,4.629056,336.5734
92848.39,17.22,730.919,0.150337,0.135933,1.0425,-7.977424,-2.405028,331.3375
92849.17,17.13,730.8503,0.063911,-0.174126,0.933613,-8.607746,-0.634672,319.2881
92849.17,17.13,730.8503,0.140571,-0.052056,1.13918,-7.485235,-8.64731,316.0668
92859.52,17.05,729.9255,0.049263,-0.325005,0.892109,-9.180607,-8.76285,308.2296
92850.28,16.98,730.7499,0.160103,-0.069634,0.779805,-17.68336,-10.43387,298.1565
92845,16.91,731.2229,0.4477,-0.528618,0.831074,-17.00644,-11.36686,302.8489
92848.13,16.83,730.9428,0.142524,-0.199517,0.62502,-8.79285,-2.324566,309.5058
92846.3,16.78,731.1066,-0.051323,-0.219048,1.185078,-9.887423,-8.193447,301.7021
92850.2,16.75,730.7578,0.125435,-0.336235,1.241719,-12.55258,-16.40369,296.72
92845.61,16.68,731.1674,-0.027397,-0.118462,0.69582,-15.95712,-11.39114,292.3524
92841.31,16.61,731.5532,0.099067,-0.143853,1.046895,-18.27598,-27.06433,295.578
92846.09,16.57,731.1251,0.456489,-0.1502,1.083516,-13.96946,-12.88053,300.2369
92850.98,16.54,730.6891,0.086372,-0.070122,1.396504,-9.234236,-15.54172,302.4479
92846.23,16.46,731.1119,0.156685,-0.07061,0.640156,-11.61741,-11.7607,288.4842
92843.74,16.41,731.3365,0.523872,-0.112114,1.498066,-13.14314,-11.32756,295.5591
92854.48,16.37,730.3747,0.292427,-0.183403,0.674824,-11.86206,-4.669686,303.4857
92854.48,16.37,730.3747,0.198188,-0.229302,0.80373,-11.50694,-16.9775,314.964
92866.05,16.35,729.3416,0.402778,-0.110649,1.305195,-10.64175,-10.83869,320.9512
92870.23,16.34,728.969,0.407661,-0.032524,0.571309,-15.74722,0.394067,340.102
92836.44,16.36,731.9891,0.469185,-0.158501,1.032246,-20.36607,0.146769,1.551468
92845.94,16.46,731.1383,-0.092827,-0.235649,0.9175,6.940208,-25.60384,28.03358
96992.64,17.31,367.1096,-0.29937,-0.012017,1.054707,12.92207,5.644512,18.67625
93254.02,17.35,694.7383,-0.231011,0.456733,0.99709,10.13705,18.09403,7.122803
92881.44,17.37,727.9676,0.14106,-0.382134,0.933613,-0.413203,-11.14207,1.501846
96733.64,17.39,389.4738,-0.039604,-0.294731,0.901875,5.746368,-13.65003,9.63649
93900.69,17.44,637.3165,-0.261772,-0.094048,1.045918,10.94988,1.316732,9.57486
92887.88,17.46,727.3916,-0.083062,0.297554,1.006855,5.838638,5.510952,3.818863
92887.88,17.46,727.3916,0.019966,-0.267876,0.942402,-0.715655,-16.20924,3.957367
95539.56,17.48,493.2121,-0.092339,-0.41436,0.922871,5.173174,-12.1136,8.899628
94355.08,17.52,597.1592,-0.133843,0.149604,0.964863,9.491552,7.089723,7.232361
92887.16,17.55,727.455,-0.154839,0.19062,1.061055,4.539701,0.093876,356.4792
93537.27,17.58,669.5469,0.025337,-0.361138,0.943867,1.41556,-18.78213,2.929306
99491.31,17.61,669.5469,-0.213433,-0.396782,0.968281,11.93299,-10.24966,17.93819
99491.31,17.61,669.5469,-0.270073,0.269722,1.020039,8.240008,9.326307,14.88988
92890.83,17.62,727.13,-0.14312,0.186226,1.064473,0.558085,-1.128791,357.0019
92343.63,17.64,776.1257,0.406685,-0.632622,0.854023,-13.46455,-25.73706,357.0227
95289.77,17.68,515.0452,0.074653,-0.709282,0.854023,4.400646,-19.18992,11.01706
95257.45,17.71,517.8751,-0.271538,-0.112603,1.054707,10.90017,3.511576,12.88565
95257.45,17.71,517.8751,-0.060112,0.152046,1.075215,0.196131,1.526122,355.2236
92890.89,17.73,727.1221,0.088325,-0.068169,0.879414,2.664521,-14.5095,0.344162
97651.55,17.76,310.4302,-0.276909,-0.223442,0.954609,13.06809,-0.477782,8.753601
92931.42,17.78,723.5021,-0.19439,0.154976,1.003438,10.45391,13.56829,6.979156
92894.68,17.78,726.7839,-0.036675,0.030952,1.020039,2.860841,2.118924,355.7243
91815.3,17.79,823.6549,0.028267,-0.188774,0.94875,-5.122168,-14.49775,346.7256
91815.3,17.79,823.6549,-0.13189,-0.019829,0.963887,12.3908,-6.685728,356.6187
92656.8,17.81,748.0541,-0.163628,-0.081841,1.080586,10.05362,2.415181,350.6011
92893.09,17.82,726.9265,0.035591,0.097358,0.967305,2.825503,7.53831,343.9009
92874.64,17.78,728.5753,0.081001,-0.015923,0.939961,1.579469,5.388244,347.3688
92879.23,17.78,728.1631,-0.263237,0.090034,0.906758,7.146683,1.539738,351.1249
92690.76,17.97,745.0156,0.079536,-0.283989,0.856465,4.779082,-13.5108,342.8075
92886.99,18,727.4708,-0.207085,0.005562,0.995625,7.665502,-11.61082,340.5742
92886.47,18.01,727.5184,-0.236382,-0.267876,1.053242,4.498022,-11.89523,338.6516
92887.33,18.03,727.4418,-0.171929,-0.177056,1.021504,4.94584,-9.115978,338.2216
92893.77,18.06,726.8658,-0.030327,-0.173149,0.988301,3.023634,-9.860004,338.848
92879.06,18.06,728.179,-0.347222,-0.038872,1.15334,-0.883949,-4.065914,339.7732
92861.05,18.07,729.7881,0.045356,0.034858,0.84377,-6.905801,0.849581,326.8137
92838.55,17.94,731.7989,0.008735,-0.065239,0.935078,0.236998,1.619023,275.3026
92838.31,17.89,731.82,0.104927,-0.211724,0.915547,-3.848668,-3.142981,272.1535
92838.23,17.81,731.8279,-0.135308,-0.010552,1.257344,-0.885128,-5.181572,273.0392
92841.89,17.75,731.5003,0.012642,-0.137505,0.840352,4.150338,-0.46035,271.2455
92841.89,17.75,731.5003,0.147896,-0.069634,0.920918,-3.915958,-4.529514,269.9048
92843.38,17.7,731.3682,-0.505913,0.610542,1.546406,-6.383896,-5.51895,263.3892
92839.96,17.65,731.6721,-0.034722,0.051948,0.675313,-0.970185,-0.268561,257.842
92841.09,17.6,731.5717,-0.055718,0.278999,1.203145,-7.398408,-6.066246,264.3024
92838.52,17.54,731.8042,-0.083062,-0.053032,1.012227,-2.108403,-2.559434,274.7913
92848.73,17.51,730.89,0.478462,-0.356743,1.210957,-6.44615,-7.799755,285.9981
92848.3,17.47,730.9296,-0.107476,-0.032036,0.892598,-7.750269,-7.530207,282.1506
92846.32,17.44,731.104,-0.106499,0.061714,0.876484,-10.51769,-5.375732,279.5821
92844.07,17.31,731.3074,-0.406304,-0.12481,1.669453,-7.268141,-2.388211,282.5358
92845.56,17.26,731.1727,0.127388,-0.002251,0.594746,-7.410141,-5.794088,280.5915
92845.18,17.22,731.207,0.449165,0.245796,0.799824,-7.356819,-10.7946,294.0119
92858.64,17.19,730.0048,-0.275933,0.189155,1.341328,6.32484,0.433165,310.9777
92865.06,17.18,729.4288,-0.095269,-0.070122,0.739766,0.244313,2.653046,327.9814
92885.53,17.29,727.603,0.176216,-0.15313,1.03957,-2.612304,-6.113427,334.3421
92886.53,17.33,727.5131,-0.061089,-0.165337,1.085469,-0.148688,-6.471558,338.2381
92887.95,17.37,727.3863,-0.138726,-0.136528,0.897969,5.074177,-6.790385,335.3958
92893.34,17.38,726.9028,-0.002007,0.013862,1.084004,-0.149392,-8.418261,335.7133
92891.03,17.41,727.1089,-0.065483,0.010933,0.983906,-0.300346,-3.976541,334.6177
92891.38,17.45,727.0798,0.093208,-0.035942,0.974629,-2.288539,-2.878444,334.8219
92887.45,17.58,727.4312,-0.10064,-0.169731,0.895527,0.721615,-6.565837,330.453
92887.66,17.6,727.4101,-0.057671,-0.088188,0.748066,0.335611,-9.136843,336.7966
92887.66,17.6,727.4101,-0.030327,-0.338188,1.144551,6.930592,-17.21713,346.2026
93115.85,17.66,707.0487,0.015083,-0.602837,1.216328,3.763674,-20.67021,342.4192
94248.72,17.68,606.5446,-0.027886,-0.263481,0.699727,0.331134,-17.87276,333.208
91410.37,17.71,860.2346,-0.134331,-0.179497,1.046895,3.830572,-13.12638,327.6955
92875.47,17.73,728.5013,-0.054741,-0.169243,0.962422,3.561473,-10.35611,326.3296
92877.31,17.75,728.3349,-0.024468,-0.210259,0.99416,1.152233,-12.04467,326.095
92877.31,17.75,728.3349,-0.101616,-0.052056,0.85793,3.480963,-11.93993,332.0847
92757.45,17.77,739.0493,0.007271,-0.202935,1.005879,6.105731,-10.17982,342.1779
92116.52,17.81,796.5293,-0.243218,-0.093071,1.072773,10.03438,-12.05973,353.82
97651.33,17.84,310.4487,-0.189507,-0.585747,0.959492,8.243313,-18.69176,11.9446
99939.16,17.88,310.4487,-0.199272,-0.418267,0.957539,8.253214,-17.17257,28.51294
95431.03,17.92,502.6926,-0.155327,-0.260063,0.895039,14.42581,-13.2108,53.91943
95431.03,17.92,502.6926,-0.504937,0.034858,0.98293,26.97991,-2.748083,96.44578
92853.28,17.94,730.483,-0.391167,-0.116509,0.849141,27.26196,0.40253,132.4115
92830.45,17.86,732.5229,-0.151909,-0.185356,0.978047,19.83972,-6.820574,148.3425
92855.02,17.75,730.3271,-0.427788,-0.8377,1.294453,15.84762,-18.06227,114.0091
92863.13,17.78,729.6031,-0.295464,-0.552544,0.527363,17.89664,-24.77163,95.75204
92838.78,17.8,731.7778,-0.368218,-0.494927,0.793965,22.53228,-29.78445,82.99076
92838.78,17.8,731.7778,-0.31939,-0.47979,1.120137,16.61432,-22.41779,86.38277
92866.73,17.77,729.2834,-0.220757,-0.541802,0.532734,17.14512,-17.61837,95.42202
92868.21,17.79,729.1487,0.125923,-0.279595,1.079609,6.989985,-14.08559,86.54589
92865.49,17.82,729.3918,-0.051812,-0.686333,0.887715,14.12002,-10.06429,67.16747
92873.84,17.76,728.6467,-0.404351,-0.345513,1.283711,13.5583,-11.13302,62.19769
92880.45,17.74,728.0548,-0.409722,-0.556938,0.78957,9.351481,-16.35951,73.85715
92863.75,17.71,729.5477,-0.06353,-0.456841,0.669941,10.11698,-20.87679,74.7682
92863.5,17.71,729.5688,0.140571,-0.442192,1.181172,2.817967,-21.08446,67.31767
92876.84,17.7,728.3771,-0.265679,-0.943169,0.725605,1.172104,-21.26689,53.44132
92889.9,17.7,727.2119,-0.150444,-0.183403,0.740742,7.263115,-18.49015,41.91881
92889.9,17.7,727.2119,-0.31939,-0.275688,1.156758,8.979673,-13.81762,46.61971
92893.48,17.73,726.8922,-0.227104,-0.383599,0.833027,14.21981,-22.66157,64.13985
92865.53,17.72,729.3892,-0.132866,-0.526665,0.685566,15.88063,-30.95308,71.45
92854.53,17.7,730.3721,-0.290093,-0.796196,1.217793,14.23687,-28.7536,66.94041
92939.42,17.69,722.7888,-0.434136,-0.364067,0.609395,14.59915,-23.90727,50.21356
92939.42,17.69,722.7888,-0.126519,-0.358208,0.787617,9.834313,-17.27609,40.16986
96837.2,18.09,380.5244,0.02436,-0.156548,0.894063,1.83774,-9.962731,346.085
95655.23,18.19,483.116,-0.165093,0.010933,1.200703,1.456957,-2.550863,347.3623
93886.97,18.22,638.5293,-0.059624,-0.044243,1.038594,5.130943,-7.880351,349.1931
96274.93,18.25,429.2004,-0.106011,-0.0252,0.750508,5.614095,-6.818843,350.3799
97247.31,18.27,345.1655,0.080513,-0.192192,1.095723,3.470024,-8.013004,352.8923
97005.45,18.35,366.0025,-0.068413,-0.221001,0.658711,7.672739,-6.426126,4.97818
94597.79,20.05,575.7726,-0.262749,-0.691704,0.76125,4.186694,-31.57189,328.5453
94597.79,20.05,575.7726,-0.181694,-0.600396,0.830098,2.98604,-31.90852,332.7843
93827.52,20.06,643.798,0.08686,-0.47979,0.932148,3.391749,-30.10222,337.191
94156.73,20.08,614.6696,-0.109917,-0.628716,0.752461,2.833907,-31.38465,340.6343
93767.89,20.12,649.0825,-0.169976,-0.581353,0.902852,3.561776,-30.97236,342.4258
93487.26,20.15,673.9886,0.014106,-0.577446,0.882832,0.347315,-32.47971,343.0842
93383.46,20.25,683.218,0.029243,-0.565239,0.855488,-0.549756,-33.34576,342.167
93386.59,20.27,682.938,0.017524,-0.666313,0.850605,-0.323576,-35.18434,340.4053
93261.98,20.29,694.0276,-0.026909,-0.5877,0.875508,1.611631,-34.62481,337.3589
93496.09,20.31,673.2039,-0.021538,-0.565728,0.868184,1.410245,-33.03994,336.4351
93496.09,20.31,673.2039,-0.064019,-0.560356,0.87209,3.744577,-31.93539,335.5901
93998.56,20.35,628.6525,-0.0523,-0.56231,0.901387,3.011058,-30.03646,334.5237
95131.95,20.37,528.8643,-0.052788,-0.457329,0.945332,2.620165,-26.72429,333.3488
96340.19,20.41,423.5406,-0.138237,-0.488579,0.924824,3.28708,-27.26058,332.4313
95974.98,20.42,455.2611,-0.072319,-0.515435,0.933125,3.116882,-28.494,332.3287
95859.32,20.45,465.3282,-0.064507,-0.539849,0.915059,3.676337,-28.90389,331.7498
95859.32,20.45,465.3282,-0.064019,-0.506646,0.914082,3.658671,-29.23739,331.3262
95690.99,20.49,479.9981,-0.120171,-0.503716,0.912617,6.532375,-29.03378,331.7187
95659.13,20.52,482.7778,-0.092339,-0.53936,0.918477,5.415969,-29.99912,332.2092
95802.38,20.56,470.2904,-0.186089,-0.450493,0.910664,8.531369,-26.44191,337.1224
96681.09,20.62,394.0159,-0.207085,-0.403618,0.909199,12.47119,-23.53191,352.114
96681.09,20.62,394.0159,-0.168511,-0.516899,0.912617,12.88381,-25.24941,8.25444
94548.34,20.7,580.1271,-0.079155,-0.625786,0.890645,12.88533,-27.80045,13.63753
93850.44,20.77,641.7661,-0.157769,-0.575005,0.865254,8.93723,-31.12472,5.835342
94615.5,20.81,574.2137,-0.202202,-0.523735,0.892109,6.441407,-30.76657,355.401
95295.41,20.79,514.5511,-0.122124,-0.476372,0.93459,6.480569,-27.95532,349.1559
95798.17,20.81,470.655,-0.14019,-0.408501,0.861836,7.583743,-25.41229,347.1744
95798.17,20.81,470.655,-0.059136,-0.482231,0.919941,6.877545,-26.39335,347.8424
95787.04,20.84,471.6248,-0.134331,-0.517876,0.905293,6.094788,-27.94853,347.9227
95819.36,20.86,468.8081,-0.03521,-0.485161,0.868184,4.628921,-28.60549,347.5406
95589.78,20.9,488.826,-0.096245,-0.503716,0.922871,6.081307,-28.49726,347.1845
95446.59,20.92,501.3318,-0.138237,-0.517388,0.915059,7.228263,-29.40431,346.9337
95397.94,20.94,505.5859,-0.146538,-0.529106,0.890156,7.154919,-30.16644,347.5008
95397.94,20.94,505.5859,-0.041069,-0.543267,0.807148,5.935268,-29.23235,350.2598
95439,20.97,501.9951,0.059517,-0.608696,0.908223,7.272134,-29.26426,348.5408
95879.52,20.99,463.5711,0.028755,-0.630669,0.835957,7.324399,-27.77528,338.088
98137.91,20.99,268.7906,-0.062554,-0.541802,0.92873,4.183242,-27.38202,319.8598
97545.95,20.92,319.4932,-0.266655,-0.263481,0.693867,14.11256,-22.14954,299.6807
97545.95,20.92,319.4932,-0.098198,-0.346001,0.901387,10.79046,-22.03529,297.622
97325.98,20.92,338.396,0.095649,-0.826958,1.166035,7.620642,-29.76338,289.2341
98295.59,20.94,255.3282,-0.25396,-0.408013,0.694844,12.88597,-28.20947,283.5961
95647.56,20.97,483.7845,-0.127983,-0.408013,0.923359,9.320518,-24.41031,282.3824
92561.5,21.01,756.5887,-0.289604,-0.387993,1.260762,10.19905,-21.72791,282.8014
92561.5,21.01,756.5887,-0.13189,-0.245903,0.519063,13.97775,-26.15563,288.8871
94568.29,21,578.37,-0.043022,-0.469048,0.881855,10.8658,-28.70027,291.5995
98071.98,21.02,274.4266,-0.005913,-0.700981,1.149922,6.712149,-30.17709,286.9989
99492.23,21.03,274.4266,-0.215386,-0.491509,0.510273,12.09847,-32.3697,280.8713
92928.16,21.05,723.7955,-0.633354,-0.954888,0.836934,8.500363,-28.93873,276.0177
95842.36,21.08,466.8052,-0.409722,-1.163384,0.99416,7.323273,-27.92179,286.1302
95411.47,21.17,504.4022,-0.312065,-0.708306,1.38332,12.07345,-29.04812,324.3904
94383.83,21.24,594.6226,0.115669,-0.9627,0.938496,10.85228,-32.34774,315.774
98359.34,21.33,249.8904,-0.245659,-0.666313,1.043965,10.54722,-27.95795,275.1572
94912.58,21.33,548.1027,-0.328179,-0.507622,0.762715,19.68904,-30.60063,281.7948
97539.02,21.34,320.0877,-0.484429,-0.515923,0.450703,20.33071,-35.58944,285.9484
97539.02,21.34,320.0877,-0.428765,-0.796196,1.12502,14.36837,-38.16611,287.5318
98363.56,21.36,249.5311,-0.196343,-0.359185,0.550313,11.85055,-38.04172,275.8478
98813.75,21.38,249.5311,-0.120171,-0.40313,0.561055,9.626252,-34.77691,269.5723
95503.53,21.38,496.3564,-0.432183,-0.665825,1.168477,12.41651,-27.9487,273.3921
97448.81,21.38,327.8348,-0.33355,-0.366021,0.672383,24.71438,-35.21672,284.3385
98277.44,21.4,256.8766,-0.168999,-0.57647,0.724141,17.09002,-36.55885,292.1373
98277.44,21.4,256.8766,-0.002983,-1.027642,1.154805,5.56038,-36.9691,288.9059
96609.72,21.38,400.1909,-0.172905,-0.425591,0.348652,18.80084,-39.08722,275.767
99263.29,21.34,400.1909,-0.322808,-0.543267,1.194355,17.12215,-31.09792,271.2294
94190.82,21.31,611.6573,-0.583062,-0.419731,1.034688,23.4352,-26.61625,279.7438
97441.97,21.28,328.4241,-0.31353,-0.390435,0.366719,21.42612,-32.04842,283.813
97441.97,21.28,328.4241,-0.396538,-0.783013,1.140645,13.02726,-33.86244,285.4141
99200.63,21.27,328.4241,-0.003472,-0.356255,0.668965,15.41927,-33.08559,271.6727
96537.27,21.26,406.461,-0.257378,-0.367974,0.797383,13.06468,-25.51671,263.7321
92332.57,21.25,777.1165,-0.464897,-0.353813,1.188984,16.02706,-19.50779,268.0249
92453.6,21.24,766.2595,-0.370171,-0.354302,0.526875,19.55229,-23.32088,272.6927
92601.41,21.25,753.0137,-0.107964,-0.425103,1.139668,10.34033,-17.44856,273.5981
92601.41,21.25,753.0137,-0.592827,-0.882134,0.683125,12.46503,-19.96676,266.7314
92451.38,21.26,766.4603,-0.109917,-0.21563,0.577656,10.38747,-15.47411,265.022
92865.94,21.25,729.3522,-0.323296,-0.472466,1.221211,7.119895,-8.213753,266.0925
92859.31,21.25,729.944,-0.230522,-0.106743,0.722188,15.4035,-12.48527,271.7969
92864.59,21.25,729.4737,0.159614,-0.136528,0.99123,5.567588,-11.14347,275.3303
92872.2,21.25,728.792,-0.1773,-0.632622,1.205586,11.24675,-21.55996,267.2961
92872.2,21.25,728.792,-0.322808,-0.229302,0.584004,12.48465,-20.24287,259.1846
92861.38,21.22,729.759,-0.125542,-0.276177,1.259297,12.3149,-13.45857,257.9521
92857.04,21.18,730.1475,-0.227593,-0.299614,0.771504,17.53326,-13.18591,267.2517
92866.46,21.12,729.3046,-0.021538,-0.319634,0.713887,11.40465,-16.40223,272.3413
92866.17,21.09,729.331,0.092231,-0.456841,1.376973,8.039016,-20.42697,268.0338
92860.45,21.04,729.8436,-0.262749,-0.500298,0.437031,13.96723,-22.39639,256.4082
92860.45,21.04,729.8436,-0.284233,-0.298149,1.129414,10.40235,-15.89506,253.8123
92859.06,21.03,729.9651,-0.764214,-0.416802,0.901875,8.483217,-12.86545,261.5207
92860.81,21,729.8093,-0.144585,-0.238091,0.601094,12.939,-15.95716,269.1187
92864.53,20.97,729.4763,-0.371147,-0.601372,1.204121,6.776355,-17.4441,271.1977
92861.74,20.92,729.7274,0.068794,-0.281548,0.537129,16.98798,-21.68847,260.7117
92861.74,20.92,729.7274,-0.176323,-0.1502,0.961934,13.87625,-14.68048,259.3993
92858.06,20.88,730.055,-0.162651,-0.21563,1.351582,14.24054,-11.4155,267.8349
92857.77,20.84,730.0814,-0.3648,-0.268853,0.513691,16.2131,-17.49991,271.4077
92791.27,20.81,736.0266,-0.167534,-0.394829,1.235371,7.505919,-16.72088,273.6769
92845.81,20.76,731.1516,-0.450737,-0.457329,0.944844,6.789897,-20.68907,263.5383
92847.58,20.66,730.993,-0.297417,-0.334771,0.618672,11.68554,-18.17374,258.5079
92847.58,20.66,730.993,-0.53521,-0.31231,1.092793,10.79896,-11.3704,264.3428
92849.02,20.6,730.8635,-0.373101,-0.111626,0.874531,20.00247,-17.78941,271.9549
92853.12,20.57,730.4963,-0.153862,-0.209282,0.878438,13.80618,-16.81782,273.9283
92849.61,20.55,730.8107,-0.345757,-0.469536,1.308125,16.06024,-20.58373,271.6985
92844.84,20.5,731.2361,-0.466362,-0.241997,0.538594,14.00542,-22.66536,273.0734
92852.84,20.47,730.5227,-0.121147,-0.367974,1.09084,12.55397,-18.73174,273.7295
92852.84,20.47,730.5227,-0.667534,-0.53106,0.914082,11.98987,-15.88782,280.9049
92854.3,20.49,730.3906,-0.015679,-0.212212,0.713887,20.36333,-20.10185,285.4053
92848.53,20.5,730.9084,-0.331597,-0.423638,1.231953,16.57301,-19.81864,283.3165
92860.15,20.51,729.8701,0.06147,-0.436333,0.828145,18.90998,-24.27853,271.8228
92851.52,20.51,730.6389,-0.155815,-0.270806,0.719746,15.06946,-21.45123,261.9688
92851.31,20.48,730.6574,-0.328667,-0.180474,1.08498,14.34538,-14.65018,265.9499
92851.31,20.48,730.6574,-0.154839,-0.339165,0.74123,14.14321,-16.86536,272.916
92820.97,20.48,733.371,-0.121636,-0.812798,0.700703,-1.191663,-25.17125,265.8805
92728.22,20.5,741.6652,-0.752495,-0.317192,0.929707,0.116124,-19.25071,261.3759
92853.89,20.51,730.4302,-0.036187,0.116401,1.07082,3.609871,-8.052724,269.4771
92854.73,20.53,730.3536,-0.467827,-0.237603,0.680684,18.57418,-10.43466,283.0683
92854.73,20.53,730.3536,-0.311089,-0.408013,1.126973,14.9306,-12.41998,289.7209
92353.13,20.55,775.2722,0.038032,-0.49688,0.92043,11.94055,-11.27339,281.5834
92808.22,20.56,734.5099,-0.104058,-0.15606,0.607441,10.10539,-11.82489,272.9567
92859.16,20.55,729.9572,-0.580132,-0.350884,1.313984,13.56749,-8.152802,274.9062
92874.89,20.54,728.5515,-0.086968,-0.148247,0.521016,18.73965,-14.0189,282.7668
92727.2,20.53,741.755,-0.331108,-0.550103,1.140645,13.18626,-20.38481,287.7266
92727.2,20.53,741.755,-0.824272,-0.654595,0.938984,16.44813,-20.44886,281.037
93055.44,20.5,712.4363,-0.345269,-0.177056,0.572285,16.67547,-20.07022,272.2456
92432.94,20.48,768.1117,-0.57769,-0.178521,1.209004,15.22021,-13.29084,275.3431
92801.41,20.47,735.1176,-0.256401,-0.033501,0.726094,23.74989,-18.29827,282.6767
93216.56,20.47,698.0729,-0.173394,-0.262017,0.90627,14.28829,-17.99047,290.3917
93536.52,20.5,669.613,0.008735,-0.743462,1.144551,15.53558,-20.57592,288.2323
93536.52,20.5,669.613,-0.132866,-0.351372,0.499043,17.40402,-24.44437,278.4437
93468.18,20.52,675.6849,-0.328667,-0.276177,1.322773,13.55078,-16.1295,279.1476
92403.74,20.54,770.7302,-0.261772,-0.106743,0.853047,21.54994,-15.58169,283.8844
93082.23,20.55,710.045,-0.196831,-0.283989,0.601582,15.95884,-18.51991,289.1924
93008.28,20.57,716.6428,-0.269097,-0.574028,1.302266,9.76118,-23.11913,289.7911
92650.98,20.59,748.5747,-0.12896,-0.384575,0.501484,11.12458,-22.81339,281.5901
92650.98,20.59,748.5747,-0.158257,-0.161919,0.962422,7.075395,-12.00703,276.1433
92848.32,20.59,730.9269,-0.630913,-0.241021,1.265645,15.86817,-11.6819,279.5469
92852.55,20.58,730.5491,-0.229058,-0.177544,0.571309,16.4217,-16.07421,282.7133
92812.64,20.58,734.1161,-0.289604,-0.46563,1.320332,9.959895,-15.61397,283.3087
92655.27,20.6,748.1916,-0.130913,-0.703423,0.949727,5.975778,-19.81303,275.7104
92655.27,20.6,748.1916,-0.147026,-0.447075,0.618672,6.704494,-16.35075,267.4579
92849.25,20.62,730.8424,-0.146538,-0.543755,0.935078,1.45416,-21.31772,261.8779
92834.13,20.63,732.1953,-0.227104,-0.572075,0.995625,1.694648,-24.74223,261.576
92834.16,20.63,732.1926,0.083931,-0.332817,0.795918,-3.417924,-24.06979,262.1062
92829.33,20.61,732.6233,0.201118,-0.666802,0.890645,-7.775045,-26.09635,259.6713
92807.5,20.56,734.5759,0.035591,-0.423638,0.716816,-15.00995,-23.36838,252.2066
92807.5,20.56,734.5759,0.116157,-0.301567,0.626484,-11.85393,-23.18572,248.2166
92782.52,20.53,736.8087,-0.026421,-0.546685,0.920918,-0.174677,-21.75387,249.8991
92802.58,20.49,735.0145,-0.241753,-0.141411,1.238789,5.217443,-17.12169,255.3534
92825.58,20.48,732.9589,-0.149956,-0.1502,0.944355,6.935293,-12.33809,257.8915
92828.42,20.47,732.7052,-0.209526,-0.250786,0.963398,8.233551,-14.20273,257.7043
92833.73,20.47,732.2296,-0.103081,-0.113579,1.017598,9.814106,-14.12066,258.2932
92833.73,20.47,732.2296,-0.342827,-0.306938,0.985859,11.60876,-16.44513,257.4213
92841.16,20.49,731.5663,-0.170952,-0.176079,0.976582,9.095039,-11.31036,254.3335
92833.64,20.5,732.2375,-0.134331,-0.308892,1.005391,8.296617,-14.51246,252.6063
92832.33,20.5,732.3538,-0.213433,-0.193169,0.896016,6.517468,-14.39423,251.208
92832.59,20.49,732.3326,-0.190483,-0.287896,1.055195,7.524757,-14.37344,250.5806
92822.71,20.45,733.2151,0.095161,-0.225884,0.934102,3.273102,-12.23269,249.537
92822.71,20.45,733.2151,-0.175347,-0.275688,0.974629,5.904715,-13.14591,244.7482
92823.42,20.38,733.1517,-0.144097,-0.256646,1.001484,6.578865,-13.23701,241.8777
92823.12,20.35,733.1782,-0.086479,-0.035942,0.915547,-1.840786,-11.91002,241.9578
92818.47,20.31,733.593,-0.208062,-0.171685,0.943379,2.540947,-10.79568,254.654
92822.23,20.25,733.2574,-0.019097,-0.220024,0.940938,2.019345,-13.62266,265.1169
92822.23,20.25,733.2574,-0.149468,-0.080376,1.050313,4.243723,-15.06442,272.3613
92823.85,20.21,733.1121,-0.216851,-0.09063,1.066426,8.938005,-8.24628,273.207
92833.16,20.18,732.2824,-0.085015,-0.350884,1.01418,6.152911,-15.56234,269.7256
92826.32,20.15,732.8928,-0.353081,-0.287896,1.067891,10.95239,-15.41331,267.4014
92822.36,20.11,733.2469,0.066353,-0.179009,0.94875,-1.149234,-0.353498,269.5658
92813.11,20.07,734.0739,-0.02105,-0.014946,1.132832,-1.566469,-2.97764,267.2527
92813.11,20.07,734.0739,-0.000054,-0.048149,1.080098,-5.461073,-3.151647,265.644
92806.16,20.03,734.6948,0.207954,-0.096001,0.949727,-4.833437,-3.433634,263.7425
92802.67,19.98,735.0066,0.035591,0.177925,1.0425,-4.0955,-6.989884,265.3457
92816.16,19.94,733.8018,0.118599,-0.185845,1.043477,-5.122643,-8.952311,269.5693
92813.84,19.9,734.0078,-0.637749,-0.891899,1.354023,-7.037556,-2.411067,275.8364
92822.69,19.86,733.2178,0.043892,-0.078911,1.003438,-6.058516,-3.380173,275.9612
92822.69,19.86,733.2178,0.095649,-0.095024,0.997578,-5.44097,-5.309257,276.1947
92821.16,19.84,733.3552,0.071724,-0.092095,0.999043,-3.830681,-5.684145,276.2046
92813.25,19.8,734.0607,0.101021,-0.081841,1.000508,-5.689151,-4.66326,276.1418
92813.9,19.76,734.0026,0.081001,-0.091118,1.00002,-4.756492,-5.126935,276.1978
92822.5,19.73,733.2336,0.111763,-0.092095,1.002949,-6.531719,-5.01508,276.1693
92822.5,19.73,733.2336,0.095649,-0.00811,1.021016,-6.576883,-3.092681,275.9253
92821.6,19.7,733.3156,0.074653,-0.09356,1.002461,-5.024597,-4.240227,276.0839
92812.88,19.65,734.095,0.107368,-0.098442,0.983418,-5.489869,-5.609302,276.5562
92813.03,19.59,734.0792,0.077583,-0.088188,1.013203,-4.414205,-5.228819,279.2025
92813.48,19.54,734.0396,0.097603,-0.098931,0.998066,-4.916975,-5.346258,281.0009
92816.91,19.48,733.733,0.093208,-1.720513,0.70168,-4.518596,-0.059627,281.0961
92835.44,19.35,732.079,0.087349,-0.100884,0.999531,-4.554747,-5.373165,281.5095
92835.44,19.35,732.079,0.083931,-0.109673,0.999043,-5.209703,-6.347697,281.593
92799.47,19.33,735.292,0.086372,-0.098442,1.00002,-4.716881,-5.173706,281.4809
92784.67,19.33,736.6158,0.091743,-0.105767,1.000508,-5.19169,-6.060525,281.5587
92805.82,18.64,734.7239,0.083931,-0.10186,0.997578,-4.549323,-6.252562,281.9453
92809.27,18.62,734.4174,0.08686,-0.10479,1.002461,-4.716075,-5.597609,281.8663
92809.27,18.62,734.4174,0.093696,-0.106743,0.999043,-5.45679,-6.261368,281.9218
92809.53,18.62,734.3936,0.09272,-0.106743,1.000508,-5.210604,-6.376762,281.933
92812.06,18.61,734.1664,0.094185,-0.111138,0.99709,-5.052397,-6.407507,281.9379
92806.48,18.6,734.6658,0.089302,-0.105278,1.000508,-5.01349,-6.267199,281.9555
92810.98,18.56,734.2615,0.091255,-0.105767,1.005391,-5.005638,-6.04923,281.9306
92800.34,18.48,735.2153,0.090278,-0.101372,1.000508,-5.055677,-5.923934,281.9245
92802.98,18.44,734.9775,0.088813,-0.109185,1.002949,-5.263154,-6.116014,281.955
92811.98,18.46,734.1743,0.084907,-0.105767,0.999043,-5.233648,-6.18132,281.9784
92807.39,18.25,734.5839,0.085884,-0.106743,1.00002,-4.990336,-6.007066,281.9966
92803.78,18.25,734.9062,0.088813,-0.106255,1.006367,-4.961715,-5.874693,282.0118
92809.03,18.25,734.4385,0.08686,-0.108208,0.999531,-4.916784,-5.667717,281.983
92806.27,18.17,734.6843,0.088813,-0.104302,1.000508,-4.976454,-6.140681,282.009
92807.16,18.13,734.605,0.086372,-0.10479,1.003438,-4.949583,-6.000822,281.9752
92805.81,18.09,734.7266,0.088325,-0.108696,1.001484,-4.855762,-5.930007,281.9392
92807.29,18.07,734.5944,0.088813,-0.104302,0.997578,-4.870681,-5.961843,281.9396
92807.29,18.07,734.5944,0.08686,-0.103813,1.001484,-4.858606,-5.860706,281.8937
92810.31,18.08,734.3223,0.08686,-0.107231,1.000508,-4.631566,-5.824281,281.8788
92810.08,18.09,734.3434,0.087837,-0.106255,1.002461,-4.567719,-5.892107,281.9078
92810.08,18.09,734.3434,0.088325,-0.10772,1.002949,-5.368739,-6.390477,281.9693
92806.8,18.09,734.6367,0.090278,-0.106743,0.999531,-5.20279,-6.321885,281.9779
92807.52,18.1,734.5733,0.087837,-0.106743,0.999043,-5.16738,-6.248916,281.9676
92807.52,18.1,734.5733,0.085884,-0.105278,1.001973,-5.114139,-6.201013,281.9604
92810.24,18.11,734.3302,0.087349,-0.109185,1.000508,-5.197197,-6.183633,281.9557
92806.34,18.11,734.679,0.08686,-0.108208,1.003438,-4.991823,-5.854724,281.9314
92808.41,18.12,734.494,0.08686,-0.106255,1.00002,-5.064666,-5.726757,281.9346
92810.88,18.14,734.272,0.085884,-0.10186,1.00002,-5.013515,-5.505408,281.9144
92811.59,18.14,734.2087,0.087837,-0.108208,1.001973,-4.986675,-6.487731,282.0005
92811.59,18.14,734.2087,0.085884,-0.094536,0.999531,-4.978562,-5.175619,281.9134
92810.84,18.13,734.2773,0.088813,-0.112114,0.999531,-5.096083,-6.136289,282.0209
92809.69,18.08,734.3804,0.087837,-0.105767,1.001484,-5.149595,-5.733566,282.0303
92807.74,18.05,734.5521,0.086372,-0.107231,0.999531,-4.678662,-6.23542,282.098
92807.34,18.04,734.5891,0.087837,-0.108208,1.003438,-4.76465,-6.308593,282.116
92808.66,18.01,734.4702,0.079048,-0.109185,1.00002,-4.44689,-6.052993,282.1061
92806.16,17.96,734.6948,0.086372,-0.102349,0.999531,-4.454057,-5.963161,282.1085
92806.16,17.96,734.6948,0.088325,-0.106255,1.002949,-4.569958,-6.170394,282.0952
92808.95,17.94,734.4438,0.089302,-0.108208,1.004414,-4.822368,-6.324388,282.085
92799.01,17.93,735.3342,0.087837,-0.103325,1.005879,-4.877552,-6.170656,282.0609
92813.11,17.93,734.0739,0.090767,-0.104302,0.999531,-4.951853,-6.102284,282.0595
92804.15,17.88,734.8745,0.08686,-0.111626,0.999043,-5.014146,-5.952898,282.0762
92807.03,17.84,734.6155,0.08979,-0.100396,0.99709,-5.043406,-5.839938,282.0643
92807.03,17.84,734.6155,0.077583,-0.099907,1.005879,-4.454501,-5.29723,282.0374
92811.48,17.83,734.2192,0.085884,-0.105278,1.003438,-5.166895,-6.105851,282.1383
92809.82,17.83,734.3672,0.080024,-0.097954,1.002461,-4.246894,-5.38265,282.0537
92811.36,17.85,734.2298,0.090767,-0.10479,1.000508,-5.001754,-6.150584,282.1078
92810.55,17.87,734.3011,0.088325,-0.116509,1.003438,-4.732215,-6.080575,282.1141
92810.55,17.87,734.3011,0.084907,-0.112603,1.003926,-4.622106,-6.116077,282.1291
92816.55,17.88,733.7648,0.087837,-0.112114,1.001484,-4.509359,-6.198586,282.1493
92816.95,17.88,733.7304,0.089302,-0.098442,1.002461,-5.432352,-5.314528,282.0945
92806.71,17.88,734.6447,0.08979,-0.108208,1.000508,-4.785725,-6.167163,282.1555
92808.13,17.89,734.5178,0.086372,-0.094048,1.00002,-5.000782,-4.977379,282.0543
92808.42,17.88,734.4914,0.085396,-0.108696,0.999043,-5.091084,-5.823152,282.1718
92809.53,17.9,734.3936,0.087349,-0.109185,0.998066,-5.309287,-5.760941,282.1699
92807.83,17.86,734.5442,0.087349,-0.098931,1.002949,-4.594295,-5.88883,282.2135
92807.83,17.86,734.5442,0.088325,-0.10772,1.003926,-4.650144,-6.448474,282.245
92807.83,17.86,734.5442,0.08979,-0.10479,1.000508,-5.336154,-6.437155,282.244
92802.47,17.85,735.0251,0.091743,-0.10186,0.998555,-4.730425,-6.05295,282.1739
92782.62,17.83,736.7981,0.08686,-0.105767,1.000508,-4.767556,-5.996774,282.1455
92792.7,17.82,735.897,0.087837,-0.10772,0.999531,-4.66956,-5.917499,282.1279
92792.7,17.82,735.897,0.085396,-0.103325,1.001484,-4.871751,-5.599149,282.0797
92789.84,17.83,736.1534,0.087349,-0.110649,0.999531,-5.057304,-6.54759,282.1706
92786.33,17.84,736.4678,0.087349,-0.10186,1.001484,-4.552866,-5.453925,282.0648
92781.24,17.82,736.9222,0.082466,-0.103813,0.998555,-4.509239,-5.665561,281.9964
92781.41,17.81,736.9064,0.082466,-0.11895,1.008809,-4.584816,-5.465687,281.991
92781.41,17.81,736.9064,0.081978,-0.091606,1.005879,-4.663181,-5.232824,281.9461
92784.98,17.8,736.5867,0.086372,-0.097954,1.003438,-5.172913,-5.244853,281.9586
92784.3,17.8,736.6501,0.085396,-0.099419,0.999043,-4.566214,-5.288312,281.9286
92782.88,17.79,736.7769,0.083931,-0.103813,0.998555,-4.568572,-6.248953,281.9779
92782.22,17.79,736.8351,0.088325,-0.105767,1.002949,-4.613028,-5.986629,281.946
92785.31,17.8,736.5576,0.081001,-0.108208,0.998555,-4.679844,-5.862189,281.9471
92785.31,17.8,736.5576,0.091743,-0.113091,1.00002,-5.551094,-6.46298,281.9831
92773.07,17.83,737.6516,0.081978,-0.108696,1.001973,-4.579663,-6.554087,281.9973
92769.02,17.85,738.0162,0.092231,-0.110161,1.000996,-5.194386,-6.595306,281.9819
92766.45,17.85,738.246,0.07856,-0.105278,1.000996,-4.299498,-5.826923,281.9179
92764.32,17.87,738.4363,0.090767,-0.104302,1.001973,-5.327758,-5.391825,281.8736
92764.32,17.87,738.4363,0.084419,-0.102349,0.999043,-4.610904,-6.3242,281.9657
92767.41,17.88,738.1589,0.090278,-0.106255,1.001484,-4.919811,-6.44083,281.9823
92786.83,17.89,736.4229,0.088325,-0.105767,0.999043,-4.957531,-6.267872,281.9714
92782.73,17.91,736.7902,0.090278,-0.105767,1.002461,-4.987346,-6.125371,281.9856
92780.5,17.91,736.9883,0.117134,-0.015435,0.979023,-5.237786,-5.084695,281.8483
92780.5,17.91,736.9883,0.02436,-0.145806,1.003438,-4.579933,-6.54989,282.0742
92780.5,17.91,736.9883,0.087349,-0.114556,0.996602,-4.976332,-6.136494,282.0562
92775.91,17.91,737.4005,0.085884,-0.10772,1.000996,-4.969171,-6.142611,282.0658
92778.63,17.92,737.1574,0.084419,-0.107231,1.000508,-4.979821,-6.113907,282.032
92778.98,17.93,737.1231,0.081489,-0.10186,1.001973,-4.908134,-6.086371,282.0555
92775.13,17.94,737.4692,0.091255,-0.110649,1.003438,-4.814895,-6.004618,282.0275
92778.83,17.94,737.1389,0.084419,-0.108696,1.005879,-4.746984,-6.104822,282.0576
92778.83,17.94,737.1389,0.083931,-0.100396,1.002461,-4.787701,-6.012861,282.0681
92777.91,17.95,737.2208,0.080024,-0.10479,1.002949,-4.750365,-5.943454,282.0408
92799.17,17.94,735.3184,0.089302,-0.105767,1.003926,-4.749962,-5.922864,282.0223
92810.06,17.95,734.3461,0.082954,-0.106743,1.002461,-4.55338,-6.089993,282.0513
92792.94,17.95,735.8759,0.087837,-0.10479,1.002461,-4.846776,-6.393603,282.0841
92806.29,17.93,734.6843,0.088325,-0.106255,1.001973,-4.98998,-6.112116,282.0742
92796.84,17.94,735.5272,0.087837,-0.112114,1.001484,-5.023381,-6.799075,282.1057
92797.4,17.93,735.4769,0.085884,-0.106255,1.001484,-4.587672,-5.585722,281.9893
92800.8,17.88,735.1731,0.090767,-0.104302,1.007832,-5.093559,-6.315657,282.0251
92799.45,17.84,735.2946,0.08979,-0.106255,1.001484,-5.059719,-6.173645,282.0195
92797.81,17.81,735.4399,0.065376,-0.078911,1.009297,-4.491972,-5.4386,282.001
92816.24,17.78,733.7938,0.131782,-0.088188,1.02248,-6.557069,-5.292062,281.8604
92800.66,17.76,735.1863,0.081978,-0.097466,1.009785,-4.77881,-5.486236,281.8228
92797.02,17.76,735.5113,0.098091,-0.120903,0.999531,-5.21402,-7.175486,281.9343
92803.54,17.75,734.9274,0.081001,-0.091118,1.003926,-5.32361,-5.851453,281.7301
92802.29,17.73,735.041,-0.036675,0.049995,1.034199,-3.30704,-3.524016,281.6004
92802.29,17.73,735.041,0.062446,-0.047173,1.021504,-3.567595,-2.802275,281.5426
92801.5,17.71,735.1123,0.074653,-0.112114,0.99709,-4.031487,-4.720541,281.7878
92811.17,17.7,734.2457,0.078071,-0.087212,1.000996,-4.338795,-4.679213,281.7635
92825.56,17.69,732.9615,0.097603,-0.107231,0.995625,-5.061014,-5.57502,281.621
92819.07,17.66,733.5402,0.065864,-0.129692,0.99709,-4.040128,-7.123199,281.89
92819.07,17.66,733.5402,0.060981,-0.124321,0.997578,-3.582363,-6.817774,283.5343
92807.58,17.63,734.568,0.053657,-0.039849,0.994648,-4.329782,-4.361524,282.8138
92806.42,17.61,734.671,0.067817,-0.030571,1.006367,-4.322204,-4.586564,282.4822
92796.94,17.58,735.5192,-0.196343,-1.022271,0.86916,-6.218012,-2.361938,283.5764
92779.09,17.53,737.1152,0.116157,-0.057915,0.969258,-7.100966,-3.245332,284.9408
92779.52,17.51,737.0755,0.089302,-0.119438,0.994648,-6.038571,-5.744537,284.9217
92779.52,17.51,737.0755,0.091255,-0.13604,0.996113,-5.374226,-7.315042,285.0988
92783.14,17.48,736.7532,0.090278,-0.116997,0.998066,-4.649491,-6.596839,284.9866
92776.91,17.45,737.3107,0.031685,-0.122368,1.005391,-3.333323,-5.74076,284.8593
92772.12,17.43,737.7387,0.083931,-0.094536,1.013203,-4.715816,-5.198115,284.7706
92776.47,17.4,737.3477,0.079536,-0.10772,1.005879,-4.587423,-6.062743,284.7812
92776.27,17.38,737.3688,0.063423,-0.111626,1.005391,-3.646694,-5.768399,284.7367
92776.27,17.38,737.3688,0.091743,-0.137505,1.002949,-4.999375,-7.492604,284.9169
92773.8,17.36,737.5881,0.093208,-0.122856,0.99709,-5.05627,-6.830301,285.188
92772.95,17.34,737.6647,0.116646,-0.105278,0.985859,-6.168481,-6.339036,285.4374
92772.25,17.34,737.7255,0.083931,-0.110161,1.000996,-5.043489,-6.66262,287.1765
92775.73,17.33,737.4164,0.070747,-0.112603,1.011738,-3.926947,-6.495327,287.1396
92775.73,17.33,737.4164,0.08979,-0.140435,0.992207,-5.086457,-7.550269,287.2118
92774.04,17.29,737.567,0.091255,-0.143853,0.999531,-4.995038,-7.47365,287.1649
92776.47,17.27,737.3477,0.095161,-0.136528,1.007344,-5.216221,-7.521084,287.2411
92774.81,17.24,737.4983,0.072212,-0.116509,0.999531,-4.277491,-6.159587,287.1722
92775.63,17.22,737.4243,0.081001,-0.116509,1.004414,-4.194974,-5.901878,287.7989
92780.63,17.19,736.9777,0.061958,-0.098931,1.013203,-3.617133,-5.993213,287.8345
92780.63,17.19,736.9777,0.087349,-0.137505,0.999043,-4.741031,-6.889995,287.9189
92779.67,17.16,737.0623,0.096626,-0.10186,1.005879,-5.48167,-5.914433,287.837
92773.28,17.15,737.6331,0.082466,-0.113579,1.00002,-4.230442,-6.429606,287.8879
92776.42,17.13,737.353,0.082466,-0.121392,0.999043,-4.695797,-6.987089,287.965
92780.28,17.13,737.0095,0.079536,-0.103813,1.003926,-4.498435,-5.754814,287.8766
92779.98,17.13,737.0333,0.10688,-0.135552,0.998555,-5.129559,-6.14807,288.3911
92779.98,17.13,737.0333,0.100044,-0.136528,0.996602,-4.996853,-6.586789,288.3518
92777.33,17.12,737.2737,0.116646,-0.112603,0.975605,-5.120543,-6.800958,288.3387
92778.55,17.11,737.1627,0.083442,-0.125786,1.001484,-4.69407,-6.923605,288.3523
92779.55,17.08,737.0729,0.083442,-0.131646,0.997578,-4.715513,-7.549704,288.4014
92779.67,17.06,737.0623,0.088813,-0.095024,0.997578,-4.824194,-6.297374,288.5811
92779.67,17.06,737.0623,0.079048,-0.095513,1.003926,-4.948107,-6.194569,288.6738
92778.59,17.05,737.1601,0.050239,-0.180474,0.984883,-4.236477,-5.7396,288.2685
92778.69,17.06,737.1522,0.079536,-0.106743,0.999531,-4.334414,-5.890014,288.2833
92777.89,17.05,737.2208,0.078071,-0.098931,1.004902,-4.398074,-5.681696,288.256
92779.46,17.04,737.0808,0.104927,-0.09063,1.002949,-5.285687,-6.451688,288.333
92778.41,17.03,737.1759,0.068306,-0.118462,0.994648,-3.901279,-6.707184,288.3387
92778.41,17.03,737.1759,0.060005,-0.109185,1.000508,-3.977599,-6.488193,288.4665
92775.72,17.03,737.4164,0.077583,-0.10186,1.003438,-4.432689,-6.100903,288.5298
92775.33,17.02,737.4507,0.081489,-0.116509,1.006855,-4.642457,-6.969289,288.6004
92780.38,17.03,736.9989,0.089302,-0.115044,1.000996,-4.799876,-6.460101,288.546
92796.44,17.04,735.5641,0.09272,-0.13604,1.002461,-4.882149,-7.527419,288.6179
92804.36,17.04,734.856,0.082466,-0.121392,1.005391,-4.589478,-7.316242,288.638
92804.36,17.04,734.856,0.091255,-0.132622,1.003438,-5.101992,-7.147758,288.644
92834.88,17.04,732.1265,0.026802,0.089546,1.023457,-4.500695,-6.111928,288.2675
92830.27,17.08,732.5388,0.390571,-0.18145,1.03957,6.311821,-10.81229,289.3022
92832.03,17.12,732.3828,-0.049858,-0.339165,1.137715,1.712965,-4.667774,281.9955
92823.77,17.11,733.1201,0.099067,-0.102837,0.84377,-3.862284,-0.71131,273.386
92823.77,17.11,733.1201,0.198677,-0.212212,0.864277,-15.05242,-3.207121,253.2779
92820.59,17.06,733.4054,0.09272,0.014351,0.851582,-12.01873,6.091788,234.8797
92814.59,17.05,733.9418,0.040962,0.010444,0.943867,-6.330135,9.593246,217.9372
92808.75,17.02,734.4623,0.18061,0.06269,0.757832,-10.96994,8.533221,204.2532
92799.59,16.99,735.2814,0.274849,-0.090142,0.950215,-18.01201,0.2473,182.1552
92802.37,16.97,735.033,0.237251,0.04853,0.930684,-9.683016,3.428218,165.5298
92802.37,16.97,735.033,-0.243706,0.107124,1.084004,-1.818013,4.674945,154.4599
92798.88,16.99,735.3448,0.184028,-0.036431,0.891621,-10.6739,7.525126,148.6695
92798.06,17,735.4188,0.124458,0.001167,0.90041,-7.665041,7.166036,145.1313
92803.51,17.02,734.93,-0.138726,0.108101,1.089375,-6.49245,14.28761,148.5143
92822.8,17.02,733.2072,0.361763,0.56269,0.764668,-4.694067,27.55369,149.8168
92818.77,17.01,733.5666,0.18354,0.198433,0.624531,-8.217044,15.53518,147.7602
92818.77,17.01,733.5666,-0.081597,0.24189,1.291035,-13.52758,19.13423,136.0288
92810.58,17.01,734.2985,-0.02105,0.258003,0.735859,-11.41612,25.63468,128.5232
92815.09,17,733.8969,0.102974,0.261909,0.58791,-12.20191,29.9966,123.5131
92820.63,17,733.4001,0.74897,2.069038,1.260273,-2.440448,36.98442,127.0954
92818.67,17,733.5771,0.221626,0.396675,0.355488,2.123731,20.13498,120.537
92818.67,17,733.5771,0.038032,-0.014458,1.023945,-3.261631,15.23199,111.7457
92807.98,17.01,734.531,0.105415,0.102729,0.767109,-0.609773,13.5558,100.2331
92807.08,17.02,734.6129,0.041938,-0.033501,0.784688,-7.854682,16.84959,101.4141
92817.38,17.03,733.6907,-0.160698,0.397163,1.382344,-1.557636,14.71612,103.3888
92802.77,17.04,734.9987,-0.166558,0.123726,0.682637,-1.182013,8.402157,115.8429
92801.45,17.04,735.1149,-0.248101,0.002144,0.881367,0.19742,11.76019,130.2393
92801.45,17.04,735.1149,-0.267632,0.279487,1.234883,-2.300965,13.65413,144.3585
92803.05,17.04,734.9723,-0.050835,0.090522,0.777363,4.619554,17.05068,174.7669
92813.9,17.04,734.0026,-0.221245,0.617866,1.191914,3.272409,26.8053,210.2999
92865.2,17.06,729.4182,0.035103,0.331245,0.909688,11.39786,33.67026,230.0953
92871.96,17.08,728.8131,0.033149,0.45478,0.715352,10.34454,37.2802,237.0717
92865.21,17.1,729.4182,-0.079644,0.399604,0.833027,10.00112,33.64248,239.322
92865.21,17.1,729.4182,-0.209526,0.313179,0.793477,7.123641,30.9781,239.4593
92846.64,17.11,731.0749,0.036079,0.477729,1.001973,3.594133,26.4391,236.6893
92841.1,17.11,731.5717,0.053169,0.387886,0.856465,1.233111,27.36118,237.2709
92839.8,17.11,731.6879,0.017036,0.374214,0.915547,-0.823798,26.07884,237.0793
92837.47,17.11,731.8967,0.004829,0.395698,0.882344,1.230178,24.9396,237.3978
92837.47,17.11,731.8967,-0.023979,0.415229,0.873555,1.384824,25.51837,237.3134
92837.63,17.12,731.8834,-0.00103,0.396675,0.876973,0.867462,24.84236,237.4328
92835.77,17.13,732.0472,-0.009819,0.393257,0.888203,0.62788,23.74253,237.1405
92834.99,17.16,732.1186,-0.041558,0.376655,0.896016,1.9288,23.67641,236.8601
92832.22,17.17,732.3643,-0.024468,0.377144,0.88918,1.264804,23.45609,236.8152
92836.11,17.17,732.0182,0.018501,0.425483,0.795918,-0.173403,24.87496,237.4868
92836.11,17.17,732.0182,0.021431,0.350776,0.946309,-0.43696,22.53629,235.7083
92835.79,17.17,732.0446,-0.019585,0.376167,0.886738,1.753691,22.86452,235.8304
92834.48,17.17,732.1635,-0.010308,0.367378,0.910176,0.400184,22.17603,236.083
92837.56,17.18,731.8887,0.001899,0.385444,0.880879,-0.145015,23.64831,235.5102
92833.83,17.2,732.2217,0.008247,0.374702,0.899922,-0.230232,24.04489,235.9046
92837.22,17.21,731.9178,0.028755,0.387397,0.881855,0.088196,24.3831,236.7569
92837.22,17.21,731.9178,0.01606,0.375679,0.888203,-0.549766,23.16722,236.4706
92837.77,17.2,731.8702,-0.025444,0.380073,0.90334,1.500497,22.80879,236.3328
92835.5,17.21,732.071,-0.01519,0.383979,0.893086,0.49023,23.49401,236.2358
92832.89,17.21,732.3062,-0.015679,0.356147,0.882344,0.700309,23.47283,236.8063
92836.16,17.21,732.0129,0.063423,0.007026,0.92873,-3.008177,22.36293,231.9311
92810.08,17.22,734.3434,0.164497,0.168159,1.040059,-9.604071,12.92307,215.3388
92810.08,17.22,734.3434,0.040962,0.107612,0.99123,-10.77596,7.31498,191.9543
92802.42,17.18,735.0278,0.175239,0.350776,1.163105,-16.29372,5.780903,173.6648
92804.3,17.13,734.8613,-0.056694,0.178901,0.855,-9.336807,8.067009,157.4547
92799.26,17.12,735.3131,0.070747,0.151558,0.946309,-3.068072,9.416396,145.194
92803.22,17.13,734.9564,0.094673,0.218452,0.741719,-5.358843,16.2511,140.3774
92803.22,17.13,734.9564,0.018501,0.173042,1.345723,-5.803382,15.33417,138.8681
92808.28,17.14,734.5046,-0.065972,0.012397,0.672383,2.400483,10.8353,130.4557
92805.46,17.15,734.7556,-0.158745,0.024604,0.884785,2.427668,14.43281,132.9361
92806.45,17.15,734.6684,-0.126519,0.150581,1.136738,-1.32136,17.14879,138.3097
92803.07,17.14,734.9696,-0.016167,0.094917,0.711934,3.333682,14.93793,142.9852
92804.09,17.15,734.8798,0.054146,0.229683,0.98,-0.93054,13.46953,148.4803
92804.09,17.15,734.8798,0.088813,0.226265,1.174336,4.291258,9.494757,154.2019
92806.11,17.15,734.7001,0.02729,0.069038,0.849629,3.30672,6.743183,158.1378
92801.27,17.16,735.1308,0.267524,0.147163,1.213398,0.125496,6.415218,156.1468
92803.08,17.18,734.9696,-0.344292,-0.24688,0.900898,1.96845,8.599974,149.9305
92806.09,17.18,734.7001,-0.201226,-0.046685,0.7925,7.052025,5.187974,139.4627
92801.8,17.18,735.0833,0.02436,0.219429,0.848652,3.829545,8.264526,129.6523
92801.8,17.18,735.0833,-0.463921,-0.211724,1.461445,10.55617,5.421531,122.1317
92800.62,17.16,735.1889,-0.030815,0.064644,0.823262,8.110427,2.85988,108.2606
92799.56,17.15,735.2841,-0.088433,0.042183,0.951191,4.419197,2.495901,104.5045
92809.5,17.16,734.3962,0.253853,0.359565,0.905781,1.155287,4.418614,107.1542
92840.7,17.17,731.606,0.002388,-0.02813,0.851094,2.001952,1.067663,105.5237
92840.7,17.17,731.606,0.369575,0.225288,1.619648,-4.465413,7.182052,98.32675
92842.77,17.18,731.4237,-0.291069,-0.163384,0.740742,-6.376431,6.860796,80.36625
92837.63,17.19,731.8834,-0.173394,0.136421,0.757344,-3.554319,7.809449,72.6591
92846.74,17.18,731.067,0.140083,0.202339,0.715352,-5.428232,10.77121,77.78694
92863.44,17.15,729.5741,0.381294,0.089058,1.624531,-7.916073,7.292115,87.10553
92842.6,17.16,731.4369,-0.060112,-0.146782,0.624043,-2.545527,1.970687,93.01861
92842.6,17.16,731.4369,0.128853,0.275581,1.275898,-12.73015,4.440701,94.05695
92840.73,17.17,731.6034,-0.168511,0.008003,0.657734,-9.974194,-0.805181,95.77541
92840.08,17.17,731.6641,-0.237358,-0.083306,0.960957,-7.316978,-1.60242,100.5219
92830.42,17.19,732.5255,0.087837,0.076851,0.93166,-7.889101,0.489652,99.54237
92826.48,17.19,732.877,0.046821,0.11103,1.220723,-5.546325,4.583473,101.4653
92824.19,17.19,733.0831,-0.306694,-0.05938,1.047871,1.259221,-1.367313,104.4421
92824.19,17.19,733.0831,-0.213433,-0.048149,1.023457,2.167282,1.970325,104.0686
92842.22,17.19,731.4713,-0.092827,-0.07061,1.24709,-0.006186,6.300519,99.45586
92845.23,17.2,731.2017,-0.221733,-0.07061,0.70998,1.765743,4.754078,87.73649
92848.52,17.2,730.9084,-0.124077,0.332222,0.990254,1.27751,10.38029,82.18475
92835.73,17.2,732.0499,-0.42144,0.018257,1.392598,6.746643,9.62997,95.12157
92835.73,17.2,732.0499,-0.02105,-0.096489,0.588398,5.88787,2.337892,93.45512
92825.51,17.19,732.9641,-0.039604,-0.119438,1.292988,-4.72647,2.340142,92.63718
92818.97,17.16,733.5507,-0.101616,-0.067681,0.725605,3.320684,-6.038886,78.50774
92822.54,17.16,733.231,0.177681,0.15937,0.778828,-11.94738,-0.429116,76.15198
92815.44,17.17,733.8652,-0.018608,0.120796,1.501484,0.573572,3.442961,81.11553
92814.13,17.17,733.9814,-0.020073,0.091987,0.523457,-5.365148,-5.260411,81.86865
92814.13,17.17,733.9814,-0.119194,-0.503716,1.447285,-9.91358,-2.988659,80.73374
92818.05,17.17,733.6326,-0.11187,-0.322075,0.77834,-5.109487,-21.80621,73.27333
95574.38,17.17,490.1709,0.295356,-0.476372,0.98,-12.75052,-30.52205,72.67369
96314.98,17.24,425.7258,0.26606,-0.841118,0.851582,-16.5154,-26.21417,72.40053
95468.89,17.32,499.3845,-0.046929,-0.189263,0.722188,-9.209658,-22.64789,77.34382
95113.55,17.39,530.4761,0.116157,-0.430474,1.229512,-15.40119,-20.37041,73.23219
95113.55,17.39,530.4761,-0.030815,-0.418267,0.879414,-6.255863,-26.97989,66.88599
94346.57,17.45,597.9096,0.190376,-0.251274,0.875996,-6.278451,-19.23268,59.80307
95874.85,17.5,463.9754,0.007759,-0.606255,1.124531,-4.73874,-23.67069,61.53088
94393.07,17.54,593.8088,0.15522,-0.124321,0.641621,0.354201,-27.3883,69.8546
94012.84,17.6,627.3895,0.015083,-0.599419,1.197285,-3.870147,-27.76707,73.48573
94012.84,17.6,627.3895,0.220649,-0.299614,0.696309,-3.261682,-23.1084,69.09763
94138.63,17.64,616.2681,-0.010308,-0.568657,0.674824,-3.440717,-20.34145,70.57663
95427,17.68,503.044,0.254341,-0.594536,1.162617,-2.688929,-24.7722,68.59341
93591.05,17.7,664.7697,-0.45855,-0.514946,0.845723,-1.564239,-25.77387,69.18011
93336.77,17.73,687.3717,0.044868,-0.408013,1.183125,-3.849688,-20.54246,71.61164
95102.57,17.77,531.4379,-0.098687,-0.653618,0.904316,-5.011462,-15.71745,61.47511
95102.57,17.77,531.4379,-0.004937,-0.45147,0.670918,-5.737048,-18.31455,60.99047
94256.06,17.8,605.8972,0.26606,-0.342095,1.226582,-7.563312,-21.43546,62.3976
93798.53,17.83,646.3663,-0.615776,-0.599419,0.796406,-4.376702,-26.25379,65.09477
92918.17,17.87,724.6859,-0.002983,-0.554009,1.152852,-6.697804,-26.19826,67.90494
93494.06,17.9,673.3835,-0.149468,-0.695122,0.880879,-10.56518,-21.35149,62.13574
93562.66,17.93,667.2904,0.032661,-0.514458,0.677754,-9.241814,-18.53384,64.86209
93562.66,17.93,667.2904,0.077583,-0.725396,1.003438,-12.77079,-17.30804,64.08303
96530.84,17.94,407.0185,-0.149956,-0.430962,0.736348,-6.68563,-25.58936,66.94365
93501.98,17.96,672.6807,0.387153,-0.297661,1.041523,-6.862864,-25.6919,69.75926
93930.47,18,634.6795,-0.039116,-0.908013,1.064473,-8.016291,-26.17405,66.70731
93338.75,18.05,687.1946,0.145454,-0.333794,0.51418,-6.733166,-27.11112,68.31364
93338.75,18.05,687.1946,0.372505,-0.165337,1.00832,-5.957586,-25.75893,68.5297
94496.41,18.07,584.7009,-0.200737,-0.858696,1.199238,7.550449,-39.54675,70.55698
92923.75,18.13,724.1891,0.083931,-0.156548,0.342793,2.392642,-33.33299,69.46561
92923.63,18.16,724.1997,-0.494683,-0.67022,1.170918,-9.528586,-38.30581,68.75613
93888.36,18.34,638.4077,-0.145562,-0.751763,0.926289,-8.679773,-49.32927,65.99825
94459.11,18.38,587.9879,0.380806,-0.379692,0.586445,-11.64918,-41.58892,69.91513
94459.11,18.38,587.9879,0.654243,-0.369927,0.745137,-6.198447,-38.65299,75.32488
94874.58,18.42,551.4399,0.292427,-0.419731,0.47707,-4.710588,-43.13905,79.30614
92940.48,18.43,722.6936,0.24897,-0.334771,0.434102,-1.499323,-39.40451,77.07507
92940.48,18.43,722.6936,-0.277886,-1.932427,1.151387,-10.11921,-33.28881,70.38473
93444.52,18.52,677.7881,-0.208062,-1.296196,0.976094,4.568872,-50.88115,71.37571
94604.25,18.72,575.2045,-0.180718,-0.852837,0.659688,-8.90674,-42.93475,87.75146
92894.5,18.78,726.7997,-0.315483,-0.564751,0.55666,-1.020967,-24.49036,135.1729
92862.05,18.75,729.7009,-0.380425,-1.242485,0.893086,-10.05427,-11.81265,155.8353
92840.98,18.75,731.5822,-0.036675,-0.279595,0.466816,-7.110765,-8.029214,178.8726
92834.75,18.68,732.1398,0.459419,-0.214165,1.193867,-0.621997,-11.27225,201.6569
92845.83,18.6,731.1489,0.136177,-0.65313,1.024922,-9.160736,-8.854314,215.8497
92835.79,18.51,732.0446,-0.208062,-0.196587,1.062031,-5.427347,-4.124013,218.84
92853.42,18.43,730.4698,0.022896,-0.049126,0.574727,-4.427767,6.582537,222.8379
92849.88,18.37,730.7869,0.997017,0.079292,1.110371,-5.14529,2.80419,225.6621
92847.31,18.31,731.0168,-0.212944,-0.169731,1.080098,-1.74561,0.206732,225.1485
92847.31,18.31,731.0168,0.080513,-0.106743,0.807637,-5.742349,-0.273171,223.565
92848.19,18.13,730.9375,0.055122,-0.031548,1.338398,18.04839,-17.90948,207.2339
92846.7,18.08,731.0696,-0.362847,-0.057427,0.922383,9.378834,-13.66389,204.8245
92840.33,18.03,731.6404,-0.33355,-0.145806,0.789082,11.38306,-8.60783,205.0411
92866.45,17.98,729.3046,-0.007378,-0.116021,0.809102,12.454,-3.451547,223.0939
92875.73,17.99,728.4775,-0.103081,-0.047173,1.018086,14.181,-4.91962,225.4767
92875.73,17.99,728.4775,0.040474,0.212104,1.251973,15.23433,-6.381597,227.8902
92895.27,17.87,726.731,-0.004448,0.255562,1.019063,3.364017,8.985926,232.9352
92875.41,17.86,728.5066,-0.470757,0.03437,1.083027,2.035027,15.28255,229.5057
92870.06,17.85,728.9849,-0.242729,0.071968,0.636738,-2.869283,18.5447,226.4134
92870.06,17.85,728.9849,-0.101128,0.15644,0.695332,-1.734453,17.94159,225.494
92874.46,17.86,728.5912,0.204536,0.371772,1.416523,-3.606051,11.5774,230.7743
92869.41,17.85,729.043,-0.026909,0.200874,0.849629,-4.04547,16.38892,230.034
92866.88,17.86,729.2676,0.011177,0.190132,0.851094,-5.998662,17.46887,230.4631
92857.5,17.87,730.1052,-0.031304,0.263374,0.888691,-4.03542,18.49501,229.082
92851.86,17.86,730.6099,0.03022,0.298042,0.925801,-2.347277,18.88624,229.6772
92851.95,17.87,730.6019,0.021431,0.254585,0.941426,-1.806569,18.04332,229.9875
92851.23,17.9,730.6653,-0.000054,0.280464,0.945332,-0.678575,17.3807,230.3776
92853.7,17.92,730.446,0.022407,0.323921,0.92043,-1.205445,19.5,230.272
92852.19,17.9,730.5808,0.015083,0.302925,0.938008,-0.91925,18.21863,230.8744
92858.33,17.92,730.0312,-0.012261,0.339546,0.932637,-0.316118,18.75902,227.4869
92853.18,17.93,730.491,-0.001519,0.295112,0.939473,0.384278,17.52601,227.8804
92853.18,17.93,730.491,-0.034233,0.295112,0.922871,1.8248,17.6143,227.7856
92852.13,17.92,730.5861,-0.022515,0.299019,0.910664,0.882217,17.24397,226.5632
92849.61,17.93,730.8107,-0.043999,0.219429,0.964375,1.868118,15.43753,226.6793
92852.52,17.93,730.5518,0.008247,0.260444,0.953633,0.656644,15.19877,226.4609
92852.52,17.93,730.5518,0.001899,0.249702,0.957539,0.877011,14.64672,226.2377
92852.23,17.93,730.5755,-0.240288,0.196479,0.908223,4.616092,12.47734,225.9716
92852.27,17.94,730.5729,0.320259,0.121772,0.952168,-1.760614,10.60494,229.2031
92853.84,17.93,730.4329,0.008247,0.185737,0.955098,-1.962852,10.84017,228.0012
92854.89,17.94,730.3403,0.088325,0.110054,0.939961,-4.043427,11.56236,225.7783
92848.69,17.94,730.8926,0.203071,0.202827,0.944844,-8.656154,10.54091,223.8945
92848.69,17.94,730.8926,0.030708,0.199409,0.99416,-6.617892,9.870714,222.7273
92847.41,17.95,731.0089,0.042427,0.141304,0.99709,-3.075073,8.298449,220.5567
92847.52,17.96,730.9983,-0.044487,0.135444,0.993672,-0.439013,6.610169,220.1751
92845.25,17.96,731.2017,-0.002007,0.088081,0.992695,-2.764538,2.460635,218.155
92841.05,17.97,731.577,0.178657,0.005073,0.963398,-8.411514,-0.411689,218.7546
92836.35,17.96,731.9944,0.261665,-0.053032,0.979023,-11.70199,-3.845522,218.3313
92836.35,17.96,731.9944,0.127388,0.031929,0.982441,-10.52894,-0.382265,216.4344
92837.33,17.95,731.9099,0.088325,-0.050591,1.02248,-8.830015,-0.096913,215.0014
92836.72,17.96,731.9627,0.13813,-0.05645,0.951191,-7.80447,0.396344,214.4764
92835.3,17.95,732.0895,0.188911,-0.010552,1.015645,-10.56134,0.001559,214.3734
92836.02,17.95,732.0261,0.18647,0.103706,1.05959,-10.36034,2.666792,216.2782
92836.02,17.95,732.0261,0.213325,0.115425,0.953633,-12.07556,6.399437,214.9255
92830.02,17.94,732.5625,0.136177,0.150093,0.972676,-8.345855,9.441116,216.6008
92838.78,17.94,731.7778,0.195259,0.194038,0.941426,-10.509,12.1525,215.1197
92837.43,17.93,731.8993,0.188911,0.171577,0.949238,-11.29622,10.39573,215.0177
92834.51,17.93,732.1609,0.214302,0.186226,0.957539,-11.61962,9.375802,214.7536
92836.78,17.93,731.9575,0.230415,-0.000786,0.962422,-12.87429,4.61017,215.1175
92836.78,17.93,731.9575,0.219673,0.048042,0.986836,-12.44638,2.583332,214.9492
92829.52,17.93,732.6074,0.300239,-0.225884,0.821797,-17.59723,-6.321481,218.7466
92830.91,17.94,732.4832,0.401313,-0.154595,1.016621,-20.04182,-10.56585,208.1947
92832.22,17.94,732.3643,0.304146,-0.274712,1.05373,-19.05732,-13.1564,193.8956
92832.22,17.94,732.3643,0.148872,-0.400688,0.938496,-16.21314,-9.341868,180.7598
92834.8,17.93,732.1345,0.140571,-0.495903,0.96877,-20.21848,-7.957385,169.3046
92831.82,17.93,732.4013,0.032661,-0.07647,0.924336,-8.512512,-4.059916,172.642
92837.8,17.93,731.8676,0.16938,-0.030571,1.069355,-11.35755,-2.968587,170.2687
92837.8,17.93,731.8676,0.482368,0.094917,1.138691,-15.67093,-0.9591,159.5639
92831.39,17.92,732.4384,0.082466,-0.117485,0.740254,-13.20024,1.714311,153.5563
92834.73,17.89,732.1398,0.050728,0.092476,0.989277,-9.521129,-0.896175,151.3583
92838.17,17.87,731.8333,0.268013,0.356636,1.239277,-3.218969,-10.53198,154.318
92836.3,17.85,731.9997,0.134224,-0.187798,0.755879,-3.346861,-6.650539,155.8253
92836.7,17.86,731.9653,0.218208,-0.208306,1.03957,-6.240571,-9.33315,155.7768
92836.7,17.86,731.9653,0.219673,0.033882,1.231953,-5.143332,-4.511278,153.1857
92838.89,17.85,731.7698,0.042915,-0.241997,0.716816,-4.799711,-5.164487,152.9608
92834.85,17.84,732.1292,0.030708,-0.074028,1.031758,-5.969184,-3.457134,160.9742
92838.98,17.82,731.7619,0.403267,0.403999,1.101582,1.786607,-2.648779,172.9134
92841.51,17.81,731.5347,0.113716,-0.000298,0.748555,2.170859,2.27166,183.2955
92852.73,17.82,730.5333,-0.043022,-0.373345,1.105488,-3.550475,0.162247,189.4106
92852.73,17.82,730.5333,0.05854,0.03144,1.107441,3.067572,-4.248207,193.6991
92844,17.8,731.3127,-0.084038,-0.190239,0.761738,0.999868,-3.0402,198.8174
92851.48,17.1,730.6442,0.576118,-0.017876,0.875996,-21.70411,1.108472,253.9911
92859.91,17.09,729.8912,0.59272,0.004097,0.827656,-23.65999,1.543509,251.4969
92852.65,16.63,730.5385,-0.335015,-0.112114,0.986348,12.02669,-5.770055,211.3943
92855.13,15.86,730.3192,0.126411,-0.246392,1.004902,-6.331858,-13.85658,226.2263
92850.77,15.86,730.7076,0.113716,-0.228813,0.975117,-6.294621,-11.81538,226.5714
92850.77,15.86,730.7076,0.104927,-0.221978,0.964375,-6.781484,-11.60101,226.3385
92856.11,15.83,730.2294,0.125923,-0.122856,1.000508,-7.105766,-8.773726,226.2094
92857.89,15.75,730.0709,0.085884,-0.138481,0.994648,-7.312167,-7.263819,226.5488
92853.83,15.71,730.4355,0.165474,-0.126763,1.042012,-9.168532,-7.272696,227.3104
92846.52,15.55,731.0881,0.179146,0.035835,0.96584,-10.62292,2.084349,217.4106
92844.59,15.55,731.2599,0.133735,0.007026,1.016133,-9.813552,0.316461,217.2139
92846.02,15.56,731.1331,0.206489,-0.009087,0.944355,-10.43607,-0.053191,218.4807
92840.63,15.79,731.614,-0.105522,0.056343,1.008809,6.572665,3.406855,190.9319
92836.52,15.81,731.9812,0.007271,0.074897,0.938008,4.519341,0.46844,191.4625
92829.03,15.87,732.6497,-0.081597,0.005562,0.988789,4.432242,1.240293,189.3966
92838.18,15.97,731.8333,0.247017,-0.068657,0.991719,-12.11568,-1.53972,222.2001
92848.25,15.96,730.9323,0.11811,-0.084282,1.104023,-5.507449,-7.546638,239.3581
92854.59,15.97,730.3668,-0.00689,-0.30645,0.848652,-10.87075,-6.787868,243.5495
92854.59,15.97,730.3668,0.109321,-0.314263,0.877461,-11.78484,-8.761846,240.2385
92852.46,15.96,730.557,0.15229,-0.396294,0.915059,-9.368417,-18.54181,233.5586
92853.98,15.98,730.4196,-0.115776,0.219917,1.148457,-2.01492,2.851052,231.2001
92855,15.98,730.3298,-0.040581,0.188179,1.117695,-3.173002,6.734287,233.7898
92839.17,15.78,731.7434,-0.122124,0.15644,0.969746,-1.186862,9.630354,224.9119
92837.21,15.75,731.9178,0.073188,0.108589,1.007832,-2.485005,6.159584,226.0811
92839.44,15.71,731.7196,0.023384,0.004585,0.973652,-1.200318,4.86138,227.5484
92841.95,15.7,731.4951,0.038032,0.006538,0.996602,-1.062388,2.599797,230.4536
92841.95,15.7,731.4951,0.060981,-0.059868,1.021992,0.096511,1.123273,233.1068
92839.98,15.7,731.6721,0.018989,-0.101372,1.005391,0.434264,-1.929273,235.2956
92844.23,15.7,731.2916,-0.011284,0.09687,1.013203,0.75511,1.89878,236.3542
92841.33,15.64,731.5505,-0.036675,0.070015,0.979512,0.389876,2.412283,233.6488
92841.33,15.64,731.5505,-0.14312,-0.070122,0.896504,1.611379,1.505404,234.2579
92847.47,15.64,731.0036,0.000435,-0.023735,0.963398,0.331046,2.188772,234.7767
92842.31,15.61,731.4633,0.18647,0.024116,1.004902,-1.299064,5.583098,234.0354
92846.45,15.6,731.0934,0.005317,0.14521,1.013203,-0.504371,6.655497,234.173
92846.38,15.6,731.1013,0.128853,0.000679,0.972188,-2.08681,6.520341,233.6575
92846.38,15.6,731.1013,0.091255,-0.00811,0.991719,-2.083218,4.61965,234.4944
92848.01,15.59,730.9534,-0.011772,0.154487,0.981953,-0.078304,6.965419,235.9757
92849,15.6,730.8661,0.000435,0.084175,0.996602,-0.332368,5.762822,235.8835
92844.02,15.59,731.3101,0.015083,0.120796,0.988789,-0.337424,5.378261,236.2008
92849.39,15.57,730.8318,0.023384,0.158394,0.996602,-0.478974,7.34781,237.3953
92845.33,15.56,731.1938,0.017524,0.117378,0.969746,-0.273267,7.480683,237.2172
92845.33,15.56,731.1938,0.022896,0.11396,0.969746,-1.496763,6.80326,237.5188
92851.64,15.54,730.631,0.046821,0.11103,0.986836,-2.891608,6.618404,237.5595
92848.92,15.53,730.8741,0.036079,0.117378,0.969258,-2.592035,7.247616,237.647
92851.42,15.52,730.6495,0.016548,0.078315,0.975117,-1.166254,5.699887,238.1384
92851.39,15.51,730.6522,-0.03228,0.136421,0.985371,0.039491,5.511236,238.042
92847.86,15.52,730.9666,-0.013237,0.112007,0.990742,0.789273,6.444853,238.0089
92847.86,15.52,730.9666,0.018989,0.118843,0.981465,-0.273063,6.86097,237.7397
92850.84,15.52,730.6997,-0.01812,0.107124,0.987813,0.412932,6.084928,237.2373
92847.31,15.53,731.0168,-0.035698,0.113472,0.993672,0.9373,7.298802,237.4152
92848.12,15.51,730.9454,0.014595,0.079292,0.980488,-0.260521,6.313685,237.3336
92848.52,15.52,730.9084,0.002876,0.101753,0.980977,0.135272,6.085965,237.4917
92848.52,15.52,730.9084,-0.009819,0.083198,0.983418,0.550119,5.260962,237.9655
92851.31,15.51,730.6574,-0.017144,0.087104,0.997578,0.638225,4.890912,237.8454
92850.22,15.49,730.7578,0.016548,0.098823,0.991719,-0.806025,5.878853,237.7652
92845.72,15.47,731.1595,0.026802,0.13105,0.986836,-1.082699,6.153244,237.8517
92849.39,15.45,730.8318,-0.008843,0.11396,1.00002,0.366186,6.519567,237.9624
92854.14,15.43,730.4064,-0.039116,0.070015,0.992695,1.131317,5.336797,238.091
92854.14,15.43,730.4064,-0.042534,0.100776,0.984395,2.479511,5.908294,238.1889
92851.42,15.42,730.6495,-0.007866,0.094917,0.986348,0.524343,5.537467,238.3195
92852.77,15.4,730.5306,-0.015679,0.095405,0.997578,1.0311,5.649543,238.6545
92853.02,15.39,730.5068,-0.002983,0.115425,0.981465,0.237979,6.887103,239.1194
92853.08,15.39,730.5015,0.001899,0.070991,0.981953,0.204336,5.905408,238.919
92851.13,15.39,730.6759,0.006294,0.119331,0.972188,-0.351405,6.758925,238.4743
92851.13,15.39,730.6759,0.011665,0.124702,0.987813,-0.562292,6.632246,238.2621
92851.63,15.41,730.631,-0.037651,0.09687,0.990742,1.506973,6.347322,238.0113
92848.11,15.42,730.9454,-0.027886,0.11689,0.985371,1.424111,6.557475,238.0393
92845.86,15.42,731.1462,-0.045952,0.137397,1.001973,2.006637,7.421842,238.0394
92851.02,15.42,730.6865,-0.032769,0.091987,0.98,1.225258,6.783172,237.8268
92851.02,15.42,730.6865,-0.027397,0.068062,0.983418,0.529013,6.688798,237.4083
92849.17,15.43,730.8503,-0.037651,0.107124,0.988301,2.25024,6.172219,237.5915
92854.55,15.44,730.3694,0.008247,0.110542,0.971699,-0.428106,6.489569,237.4311
92852.77,15.46,730.5306,-0.009331,0.108589,0.975605,-0.143829,7.287412,237.1969
92850.98,15.44,730.6891,-0.007378,0.127632,0.976582,-0.236516,7.386734,237.002
92853.16,15.43,730.4936,-0.03228,0.17353,0.981465,0.732184,9.785289,236.3854
92853.16,15.43,730.4936,-0.052788,0.18769,1.004902,-3.55028,7.522158,235.5406
92848.63,15.44,730.8979,0.236763,0.028999,0.942402,-12.22744,-0.811454,233.4748
92842.34,15.46,731.4607,0.300239,-0.00811,0.925801,-18.6164,-0.772872,232.2171
92838.97,15.45,731.7619,0.331489,-0.088188,0.926289,-12.2007,0.06483,236.907
92847.33,15.47,731.0142,-0.036187,0.199897,0.950703,0.548687,10.66778,234.7991
92859.52,15.48,729.9255,-0.309136,0.370308,0.980488,7.886408,15.94413,229.7275
92859.52,15.48,729.9255,-0.187065,0.216499,0.958516,-3.408503,8.693287,222.6476
92843.83,15.48,731.3286,0.354438,0.120796,0.884297,-21.49476,7.01173,216.0577
92838.09,15.46,731.8412,0.538521,0.021675,0.870137,-24.30219,4.919035,213.955
92836.2,15.44,732.0103,0.076606,0.117378,0.87209,-6.271471,10.96723,217.2311
92855.34,15.42,730.2981,-0.328667,0.292671,0.995625,10.08621,13.66106,221.0372
92855.34,15.42,730.2981,-0.343315,0.297065,1.015645,8.953329,12.45471,220.0864
92854.83,15.41,730.3456,0.249458,0.11103,0.859395,-10.96748,7.05216,215.4326
92845.86,15.36,731.1462,0.426216,0.061714,0.880391,-21.8505,7.177097,211.7666
92840.55,15.32,731.6192,0.358345,0.109565,0.878926,-15.25884,9.887331,214.7127
92842.91,15.3,731.4105,0.005806,0.195015,0.925801,2.868381,12.28516,219.8093
92853.33,15.3,730.4778,-0.363823,0.133979,1.007832,12.52567,12.57133,221.3695
92853.33,15.3,730.4778,-0.234917,0.153511,0.974141,3.252377,8.96999,218.984
92847.19,15.3,731.0273,0.288521,0.145698,0.911152,-14.66749,5.323566,214.8679
92844.36,15.28,731.281,0.458931,0.052925,0.881855,-24.45342,3.615349,212.2035
92843.81,15.26,731.3286,0.322212,0.120796,0.93166,-16.29957,6.594188,214.1154
92843.75,15.23,731.3339,-0.079155,0.219917,0.99416,1.083127,9.342949,215.6345
92843.75,15.23,731.3339,-0.255425,0.101265,0.996602,9.576896,9.975127,216.5173
92847.37,15.2,731.0115,-0.053276,0.290718,0.941426,0.494218,9.311057,217.5782
92844.83,15.18,731.2387,0.219673,0.032417,0.908711,-15.71995,3.845742,214.3214
92841.09,15.16,731.5717,0.464302,0.02314,0.872578,-23.31378,3.172452,211.922
92846.52,15.15,731.0881,0.277778,0.104194,0.911152,-13.11957,7.186819,214.261
92852.88,15.14,730.52,-0.095757,0.146187,0.971699,4.196604,11.63716,217.9268
92852.88,15.14,730.52,-0.259331,0.310737,0.984395,10.59411,13.60133,220.3589
92855.05,15.12,730.3245,-0.122124,0.033394,0.988789,-0.738168,7.626995,219.1818
92847.1,15.11,731.0353,0.342231,0.02314,0.918477,-18.75121,-0.603045,217.6043
92839,15.09,731.7593,0.435005,-0.151177,0.913594,-20.23713,-1.732657,216.354
92840.98,15.06,731.5822,0.243599,0.056831,1.021504,-12.87069,2.931168,217.5358
92843.63,15.03,731.3444,0.124946,0.02314,1.024434,-9.729826,5.625748,215.8733
92843.63,15.03,731.3444,0.163032,0.214058,0.92873,-8.691998,10.59583,216.5406
92849.8,15.03,730.7949,0.194282,0.080269,0.950215,-7.73865,9.329825,215.4363
92845.91,15,731.141,-0.115288,0.184761,1.041523,-3.881234,9.516395,213.099
92847.22,15,731.0247,0.062935,0.053413,0.935566,-3.911655,7.846263,215.7932
92856.26,14.99,730.2162,0.24604,0.479683,1.106465,-5.578818,12.61816,216.8622
92856.26,14.99,730.2162,-0.070854,0.173042,1.010273,-3.44137,9.41468,221.5033
92853.94,14.99,730.4249,0.055122,0.165229,0.865742,-2.978194,10.12753,224.5133
92851.58,14.98,730.6363,0.145942,0.219429,1.047383,-2.055288,9.150206,224.4209
92849.28,14.98,730.8397,0.108833,-0.078423,1.038105,-0.386679,1.637428,228.035
92848.31,14.98,730.9269,0.084907,0.111519,0.831563,-1.043292,0.217531,227.2145
92848.63,14.98,730.8979,0.131294,0.019722,1.069355,-3.572566,0.904548,227.3187
92848.63,14.98,730.8979,-0.201714,-0.105767,1.194844,-1.680314,-2.993232,224.0725
92848.66,14.95,730.8953,-0.148491,-0.219048,0.90334,-2.693474,0.751338,218.0145
92850.78,14.91,730.705,-0.081108,0.084663,0.96584,-3.448221,3.695987,210.1671
92842.98,14.88,731.4025,0.081489,0.091011,1.099629,-0.815173,3.151347,207.0391
92844.11,14.87,731.3021,-0.023491,-0.320122,0.902363,0.953754,1.711471,199.6105
92842.58,14.85,731.4396,-0.094292,-0.367974,1.026875,5.644505,3.61952,188.5804
92842.58,14.85,731.4396,-0.027397,-0.043267,1.09377,1.353866,3.136993,167.897
92843.98,14.83,731.3127,-0.062554,-0.03106,0.990742,3.394133,0.478084,148.5296
92843,14.8,731.4025,-0.123589,0.050972,0.899434,3.728512,0.532831,130.7348
92842.38,14.77,731.4581,0.025337,-0.000786,1.197285,-1.947425,0.729387,114.4841
92846.72,14.75,731.0696,-0.094292,-0.024224,0.75832,-2.273204,-5.842564,93.37692
92845.84,14.76,731.1489,-0.093804,-0.026177,1.341816,1.918061,-2.619,89.9812
92855.66,14.79,730.2717,-0.177788,-0.213677,0.780781,5.454423,-6.240104,91.14777
92857.73,14.83,730.084,0.182563,-0.341606,1.063984,1.300443,-3.418902,87.30087
92857.89,14.87,730.0709,-0.295464,-0.253228,1.218281,5.287568,-5.708836,83.13204
92866.14,14.91,729.3337,0.006294,-0.113579,0.827168,1.063757,-5.680097,84.00528
92866.14,14.91,729.3337,-0.345269,-0.091606,1.361348,-0.1216,-1.774248,88.2328
92848.36,14.9,730.9243,0.113716,-0.106255,0.609883,-4.596299,-5.905409,100.9255
92857.14,14.89,730.1369,0.341255,-0.334282,1.355977,-6.781495,-5.331327,102.8623
92855.36,14.91,730.2981,0.52436,-0.19854,1.149922,-12.86546,-2.480531,107.7895
92855.55,14.93,730.2796,0.008247,0.003608,1.231953,-8.176657,-1.845134,127.7872
92856.09,14.92,730.2321,0.107856,-0.258599,0.745137,-8.049796,0.431063,145.743
92850.98,14.93,730.6891,0.127388,-0.04522,1.273945,-6.394415,6.482124,162.9402
92852.97,14.9,730.5121,0.088325,0.056343,0.824727,-8.913478,6.736858,176.7434
92853.22,14.89,730.4883,0.181099,-0.120415,0.909199,-11.44303,4.007234,191.015
92853.11,14.88,730.4989,0.338813,0.100776,1.092305,-11.04082,4.660026,195.9994
92853.11,14.88,730.4989,0.286079,-0.116997,0.660664,-11.46986,0.498402,202.3252
92851.77,14.88,730.6178,0.362739,0.320991,1.184102,-10.11724,5.067796,198.5564
92848.05,14.84,730.9507,0.2602,0.340522,0.946797,-11.07031,5.362072,201.1124
92859.39,14.68,729.9361,0.27729,-0.205864,0.923359,-9.127405,-5.022029,232.179
92858.33,14.67,730.0312,0.181099,-0.156548,0.874531,-11.79764,-5.721395,229.6089
92856.16,14.65,730.2267,0.321724,-0.079399,1.103535,-13.62734,-5.229831,225.0906
92857.64,14.64,730.092,0.142524,-0.178032,0.986348,-9.167984,-8.536102,224.0224
92855.56,14.63,730.2796,-0.040581,-0.027153,0.959004,-8.101485,-6.65158,221.5074
92855.56,14.63,730.2796,0.105903,0.037788,1.090352,-5.572057,-5.919479,227.9512
92858.86,14.6,729.9836,-0.244683,-0.200493,1.184102,0.781917,-7.280615,255.9083
92877.14,14.6,728.3507,0.420356,-0.316216,0.885762,-16.60188,-15.72808,258.0946
92868.2,14.65,729.1514,1.072212,-0.360161,0.58791,-23.59923,-11.87828,246.1035
92861.25,14.7,729.7723,-0.048882,-0.056938,0.914082,3.875405,1.1806,236.943
92866.13,14.76,729.3363,-0.0523,-0.025688,0.903828,0.619989,-2.324648,228.4062
92860.58,14.67,729.8304,0.520454,-0.221978,0.831074,-31.44985,-11.80964,218.3166
92860.58,14.67,729.8304,0.789497,-0.180474,0.688008,-35.01442,-10.05196,213.2199
92862.38,14.72,729.6693,0.608833,-0.244438,0.821797,-31.79153,-10.44834,218.2664
92862.78,14.72,729.6349,0.710884,0.013374,1.124531,-29.39961,-8.24609,198.8574
92870.2,14.68,728.9717,0.102974,0.086616,0.805195,-4.510849,8.38069,209.5285
92871.95,14.7,728.8131,-0.205132,0.151069,1.052266,-7.901175,7.712957,205.8523
92867.59,14.68,729.2042,0.477485,0.21064,0.78957,-28.20239,2.657094,206.9164
92867.59,14.68,729.2042,0.759712,-0.105767,0.766621,-30.29963,-3.013359,209.1758
92864.75,14.66,729.4578,0.222603,-0.143364,0.972188,-13.54214,-6.869297,212.4739
92863.73,14.66,729.5503,0.348091,-0.063286,0.95168,-13.01575,-9.952389,220.0121
92863.73,14.66,729.5503,-0.03814,-0.197563,0.878926,8.271263,-12.83553,244.6879
92862.91,14.67,729.6216,0.345649,-0.352349,0.766621,-18.71971,-28.85754,218.6009
92862.91,14.67,729.6216,-0.083062,-0.631646,0.877949,5.983077,-28.06859,245.7785
92825.3,14.7,732.9826,-0.201226,-0.334282,0.922383,12.64131,-1.147058,248.946
92892.09,14.75,727.0164,-0.502495,0.453315,0.981465,9.190861,16.64523,221.3557
92863.57,14.71,729.5635,0.420845,0.070015,0.827168,-27.94551,-6.376,193.2802
92863.57,14.71,729.5635,0.243599,-0.521782,0.827656,-12.83256,-29.51308,229.8577
92866.07,14.7,729.3416,-0.065972,-0.461724,0.903828,8.006446,-11.67892,242.8834
92878.16,14.73,728.2609,-0.607476,-0.033013,1.015645,13.17039,6.368631,222.3337
92875.73,14.71,728.4775,-0.004448,0.65937,0.881367,-3.645339,8.387459,193.2809
92860.73,14.69,729.8172,0.528267,0.02314,0.750996,-24.19559,-16.58452,197.6349
92872.48,14.69,728.7682,0.184028,-0.675103,0.745137,-9.860445,-36.32091,228.9989
92872.48,14.69,728.7682,-0.164604,-0.554985,0.90041,10.36624,-20.6793,251.5091
92901.05,14.73,726.2158,-0.384331,-0.006157,1.053242,12.68517,0.83224,233.3881
92864.92,14.74,729.442,0.517036,-0.001763,0.776387,-23.60404,-18.61465,205.088
92871.27,14.72,728.8765,0.160591,-0.704399,0.77541,-9.635463,-32.41503,235.3067
92871.27,14.72,728.8765,0.022407,-0.43731,0.916035,3.557897,-12.06505,248.0801
92881.29,14.74,727.9808,-0.480522,0.367378,1.050313,10.96852,12.12487,230.3866
92867.42,14.73,729.22,0.374458,-0.054497,0.864766,-20.75649,-10.80401,209.2818
92862.78,14.72,729.6349,0.305122,-0.432915,0.829609,-13.24018,-26.91405,234.6478
92880.89,14.74,728.0151,-0.020562,-0.361626,0.940938,4.041374,-14.54697,248.4137
92880.89,14.74,728.0151,-0.471245,0.076851,1.00002,13.51431,6.814027,236.3824
92881.98,14.75,727.92,-0.43853,0.448921,0.906758,4.724694,15.3696,197.5556
92862.96,14.74,729.619,0.532661,0.018257,0.79543,-32.3398,-11.24175,192.8663
92859.84,14.75,729.8965,0.409614,-0.713188,0.724141,-25.34998,-38.15358,224.3663
92884.23,14.77,727.7166,0.180122,-0.594048,0.814473,-5.807855,-28.45165,245.0984
92884.23,14.77,727.7166,-0.218804,-0.244438,0.997578,7.722332,-4.806174,249.3164
92887.22,14.81,727.4497,-0.42437,0.292671,1.029805,8.78259,10.18457,221.042
92858.92,14.79,729.9784,0.419868,0.047065,0.829121,-22.91585,-17.34275,210.2716
92869.08,14.79,729.0721,0.1977,-0.858696,0.69582,-12.95094,-38.26396,238.298
92869.08,14.79,729.0721,0.026802,-0.56231,0.849141,1.957958,-21.15451,250.7204
92891.25,14.82,727.0904,-0.358452,0.052925,1.081563,8.479887,2.758757,239.5599
92882.38,14.84,727.8831,-0.1773,0.380073,1.005879,-0.508909,7.314375,211.9197
92863.86,14.82,729.5371,0.287056,0.295601,0.93459,-17.54844,-3.254877,203.256
92862.59,14.8,729.6508,0.359321,-0.607231,0.710469,-23.49145,-30.66556,222.6095
92874.63,14.79,728.5753,0.351021,-0.463677,0.84084,-13.11495,-27.1256,238.2913
92874.63,14.79,728.5753,-0.004937,-0.322563,0.963398,-0.92384,-10.12161,241.89
92873.55,14.81,728.6731,-0.303276,0.278999,1.067891,1.402629,9.221095,226.1136
92870.02,14.79,728.9875,0.085884,0.4123,0.980488,-9.381757,6.357593,211.3999
92860.36,14.77,729.8516,0.390083,-0.570122,0.788594,-19.36418,-24.92296,224.7729
92868.89,14.78,729.088,0.076118,-0.5252,0.963398,-7.642459,-16.00928,233.7155
92868.89,14.78,729.088,-0.162651,0.001167,1.154805,-4.060806,1.523817,222.8844
92860.8,14.75,729.8119,0.380806,-0.433892,0.823262,-18.96509,-24.50581,230.0804
92866.97,14.75,729.2596,-0.060601,-0.462212,0.951191,-1.156424,-8.539081,238.8651
92866.97,14.75,729.2596,-0.500054,0.2248,1.163105,5.696923,11.95233,224.2694
92879.38,14.75,728.1526,0.178657,0.634956,0.852559,-9.976499,13.61345,199.2389
92860.42,14.72,729.8463,0.214302,-0.546196,0.790547,-11.63443,-31.51355,237.0757
92883.54,14.74,727.78,-0.021538,-0.622368,0.911641,4.222844,-14.81427,245.5389
92885.68,14.76,727.5898,-0.326226,0.062202,1.051289,10.84592,6.344958,238.5712
92885.68,14.76,727.5898,-0.258354,0.350776,0.895039,4.499694,18.58347,212.5415
92884.04,14.73,727.7351,-0.130913,0.573921,0.871602,-5.03411,15.66448,193.1778
92860.38,14.71,729.8489,0.337349,-0.514458,0.760762,-25.48658,-35.58515,211.6104
92877.22,14.73,728.3428,0.30561,-0.849419,0.711934,-12.35039,-45.31281,231.4483
92877.22,14.73,728.3428,0.098091,-0.397271,0.920918,1.04187,-27.36859,248.1089
92887.75,14.77,727.4022,-0.058159,-0.268853,0.988789,4.742103,-10.03858,253.117
92878.8,14.79,728.2028,-0.154839,0.08271,0.979512,4.888031,8.211521,246.0384
92881.91,14.77,727.9253,-0.089897,0.528511,0.918965,2.811379,23.24303,225.0356
92887.31,14.76,727.4418,-0.005913,0.525093,0.853535,0.792632,26.17465,206.3038
92877.73,14.75,728.2979,0.053657,0.382515,0.905293,-5.968933,16.73742,192.7299
92866.92,14.74,729.265,0.39106,-0.418267,0.80666,-23.69517,-26.58759,208.2762
92861.11,14.72,729.7828,0.266548,-0.645317,0.772969,-13.13685,-38.98326,227.8323
92879.03,14.75,728.1816,0.079048,-0.593071,0.855488,0.77075,-26.25311,247.1335
92884.23,14.77,727.7166,-0.154351,-0.398247,0.954121,9.29437,-13.04056,254.1708
92878.47,14.78,728.2318,-0.283745,0.060249,1.051289,12.01079,4.846551,252.76
92878.47,14.78,728.2318,-0.122124,0.1623,0.956074,7.136491,11.57532,234.6894
92879.95,14.77,728.0997,-0.116753,0.394233,0.937031,4.012181,18.06436,214.8607
92863.72,14.72,729.5503,0.463813,-0.364556,0.864766,-19.0971,-19.50476,229.1451
92863.72,14.72,729.5503,0.18647,-0.452935,0.873066,-5.012748,-22.72206,249.7933
92875.08,14.71,728.5357,-0.046929,-0.117974,0.996113,7.569297,-4.081138,258.2911
92878.45,14.72,728.2345,-0.248101,0.250679,0.927754,12.07915,11.14228,230.1842
92874.94,14.73,728.5489,-0.098198,0.216011,0.970723,0.783215,9.546984,205.7903
92856.14,14.71,730.2267,0.182563,0.09687,0.99416,-12.473,-2.28386,205.0408
92861.19,14.73,729.7775,0.192329,-0.397759,0.904316,-6.93568,-24.92971,243.975
92875.39,14.71,728.5066,0.108833,-0.480767,0.908711,-2.992527,-23.45389,248.4862
92880.27,14.74,728.0706,-0.076714,-0.147271,1.035664,8.064943,-8.306919,249.3808
92872.84,14.75,728.7339,-0.356987,-0.107231,1.002949,9.728585,-1.804552,233.5215
92867.78,14.7,729.1884,0.295356,-0.380669,0.865742,-8.695859,-25.23321,243.8688
92876.09,14.72,728.4459,-0.087456,-0.324517,0.956563,5.053743,-10.6952,251.541
92880.89,14.74,728.0151,-0.340386,0.095894,1.119648,9.399287,2.831366,244.7427
92860.2,14.7,729.8647,0.343696,-0.250786,0.842305,-24.48711,-17.15245,223.7431
92860.52,14.69,729.8357,0.411567,-0.445122,0.841816,-18.9696,-27.18698,243.2483
92877.13,14.69,728.3534,0.152778,-0.480767,0.83791,-2.950722,-18.43633,258.6581
92877.13,14.69,728.3534,-0.186089,-0.040825,1.034688,7.706318,4.058515,260.7569
92883.31,14.72,727.8011,-0.242241,0.343452,1.020527,9.748785,10.37198,236.3781
92879.31,14.71,728.1578,0.102974,0.292183,0.926777,-4.208768,10.94678,208.9307
92865.09,14.69,729.4288,0.316841,-0.021294,0.911152,-20.09381,-4.560624,209.0226
92865.96,14.69,729.3495,0.37104,-0.433892,0.844746,-20.03031,-25.5752,237.7599
92881.99,14.69,727.9174,0.134224,-0.518853,0.876484,-4.066611,-24.81761,263.1125
92881.99,14.69,727.9174,-0.070366,-0.310356,0.966816,5.969307,-5.705241,270.2752
92880.55,14.71,728.0469,-0.274956,0.158882,1.021016,10.96657,12.02284,262.3892
92885.05,14.73,727.6453,-0.107964,0.435249,0.955098,4.805173,15.53834,236.7267
92872.87,14.72,728.7339,0.159126,0.306343,0.849141,-10.09104,12.96173,210.2613
92868.77,14.73,729.0985,0.463325,0.166206,0.902363,-24.52802,5.818512,202.7837
92864.7,14.72,729.4631,0.515083,-0.007622,0.822285,-30.22945,-13.20739,218.4072
92864.7,14.72,729.4631,0.427192,-0.498833,0.787617,-22.48,-29.43111,236.4575
92867.1,14.73,729.2491,0.222603,-0.424614,0.887715,-9.428495,-25.52118,252.2129
92875.7,14.74,728.4802,-0.110405,-0.423149,0.932637,6.235325,-14.17899,270.222
92890.16,14.78,727.1881,-0.261772,-0.036919,1.043965,15.88299,1.406823,277.8332
92894.48,14.79,726.8024,-0.346245,0.097358,0.961934,19.11477,12.13524,276.5317
92884.66,14.81,727.6796,-0.313042,-0.066704,0.86623,17.2361,-3.883074,228.4334
92870.45,14.89,728.9479,0.043403,-0.007134,1.018574,-0.694866,-2.595989,256.0102
92898.14,15,726.4747,-0.120659,-0.130669,1.019063,4.319489,-10.84639,274.7743
92898.14,15,726.4747,0.012642,-0.200493,0.927266,0.353552,-14.28974,271.0359
92882.25,15.16,727.8962,-0.33355,-0.394829,0.757832,-5.193227,-15.85651,268.8499
92874.92,15.82,728.5489,-0.012261,-0.005181,0.999531,0.876975,0.149744,238.344
92871.76,15.95,728.8316,0.027778,0.01728,0.973164,1.871689,-0.46392,237.6962
92874.09,15.99,728.6255,-0.037163,0.037788,0.995625,1.289443,-0.823833,239.0984
92873.94,16.01,728.6387,-0.051323,-0.01104,0.998066,2.969985,-0.445848,239.3572
92872.02,16.01,728.8079,-0.030815,-0.045708,1.012715,1.662608,-2.354125,239.5165
92873.72,16.02,728.6572,-0.03521,-0.046685,1.005391,1.826719,-1.925763,239.2978
92875.8,16.03,728.4723,-0.057183,-0.04229,1.007832,2.543132,-2.651472,239.2411
92875.8,16.03,728.4723,-0.032769,-0.03106,0.992695,1.91494,-1.413422,239.0819
92873.61,16.04,728.6678,-0.077202,-0.032036,0.996602,3.970654,-1.771855,239.3986
92876.69,16.11,728.393,-0.030815,-0.051567,0.993672,1.86334,-2.503303,239.0157
92875.52,16.13,728.496,-0.049858,-0.043267,0.998555,2.431426,-1.990349,238.6071
92872.42,16.14,728.7735,-0.042046,-0.052056,0.997578,2.140676,-3.049267,238.4194
92872.11,16.14,728.7999,-0.051323,-0.043267,1.00832,2.756081,-2.343005,238.2156
92874.53,16.16,728.5833,-0.03228,-0.051567,0.994648,2.264566,-2.96004,238.0709
92874.53,16.16,728.5833,-0.036675,-0.046196,1.013691,2.207915,-2.9058,237.971
92871.66,16.16,728.8422,-0.057183,-0.051567,1.010273,3.209998,-3.062736,238.2062
92871.01,16.16,728.9003,-0.033257,-0.034478,1.004902,2.028678,-1.45069,238.0736
92875.41,16.18,728.5066,-0.045464,-0.054985,0.998555,2.688856,-3.384364,237.5451
92873.14,16.18,728.7075,-0.039604,-0.053521,1.009297,2.425679,-3.364473,237.3947
92873.59,16.19,728.6705,-0.01812,-0.045708,0.993184,2.556377,-3.334413,237.3797
92873.59,16.19,728.6705,-0.054741,-0.057427,0.990742,2.838036,-3.315136,236.785
92869.95,16.19,728.9928,-0.04937,-0.057915,1.009785,2.877451,-3.365912,236.8561
92866.49,16.2,729.3019,-0.039604,-0.071587,0.993184,2.108492,-3.889161,236.863
92873.8,16.21,728.6493,-0.011284,-0.054009,0.99123,1.360345,-3.837539,237.0632
92873.19,16.18,728.7048,-0.023979,-0.012993,1.002461,0.563923,-2.849192,237.0599
92873.19,16.18,728.7048,-0.04937,-0.080864,1.007344,2.030066,-3.269866,236.726
92872.76,16.14,728.7418,-0.024956,-0.041313,1.008809,1.112398,-2.623391,236.7596
92866.51,16.11,729.3019,-0.062065,-0.05645,1.024434,2.242955,-3.022868,236.5891
92869.05,16.13,729.0747,-0.036187,-0.024712,1.007832,1.650754,-2.076589,236.3459
92873.23,16.16,728.7021,-0.190483,0.011421,1.041523,-1.424018,-2.60115,236.4988
92863.55,16.17,729.5662,0.332466,-0.119927,0.85207,-21.21359,-6.135862,229.3778
92863.55,16.17,729.5662,0.629341,-0.149224,0.825703,-32.1757,-8.867506,229.7355
92868.31,16.19,729.1407,0.604438,-0.115044,0.761738,-17.89253,-6.949989,231.4643
92864.42,16.19,729.4869,-0.283745,0.007026,0.901387,14.85875,0.272436,234.0429
92879.12,16.19,728.1737,-0.675835,-0.032524,0.86623,33.11069,0.415856,231.8471
92891.33,16.2,727.0851,-0.757866,0.159858,0.97707,24.63491,2.483392,230.3248
92869.07,16.2,729.0721,0.061958,-0.105767,0.837422,-8.02351,-1.432189,225.0434
92869.07,16.2,729.0721,0.476021,-0.052544,0.818379,-32.99331,-1.920099,219.6624
92869.47,16.2,729.0377,0.775825,-0.049126,0.74416,-42.45281,-0.995306,214.8468
92870.67,16.23,728.9294,0.647896,0.02021,0.755879,-29.51207,-0.279925,220.3312
92868.41,16.23,729.1328,-0.003472,0.028511,0.858906,3.036526,2.056898,227.7784
92877.69,16.24,728.3032,-0.485405,-0.042778,0.907246,26.51123,1.757523,231.9883
92877.69,16.24,728.3032,-0.741753,0.033394,0.892598,34.66754,0.965825,230.1008
92890.48,16.24,727.1591,-0.531304,0.022163,0.903828,16.52321,0.365325,228.1859
92876.97,16.23,728.3666,0.308052,0.085151,0.886738,-14.39782,-0.839526,224.7453
92872.7,16.26,728.7471,0.170845,0.01728,0.87209,-5.853952,-1.847243,226.9436
92871.5,16.27,728.8554,-0.308647,-0.055962,0.926289,20.21459,-0.197968,229.6093
92883.75,16.29,727.7615,-0.567925,0.093452,0.800801,39.69322,3.514733,234.1618
92899.45,16.29,726.3585,-0.748589,0.126655,0.793477,41.7326,4.367037,233.6193
92882.73,16.28,727.8513,-0.468804,0.106636,0.835469,22.58452,4.641758,231.2414
92882.73,16.28,727.8513,0.088813,0.025093,0.892598,-8.617762,3.987037,228.1658
92873.45,16.3,728.681,0.518501,0.175972,0.810078,-35.14477,5.787273,221.7389
92876.06,16.3,728.4485,0.904731,0.075874,0.621602,-51.33697,8.313563,214.2386
92886.39,16.32,727.5237,0.876411,0.096382,0.619648,-50.1204,7.522003,214.2957
92877.52,16.32,728.319,0.658638,0.061226,0.720234,-35.54911,5.442187,218.9379
92868.92,16.34,729.0853,0.247505,-0.102349,0.851094,-11.06187,0.873065,227.5726
92868.92,16.34,729.0853,-0.139214,0.183296,0.990254,10.59151,3.178143,227.171
92874.45,16.34,728.5912,-0.304253,-0.022271,1.026875,14.76835,1.069468,228.3764
92876.78,16.34,728.3824,-0.106499,0.033882,1.004414,8.49402,0.714221,228.6135
92875.52,16.34,728.496,-0.137261,-0.019341,1.009785,5.73851,0.811885,230.623
92876.72,16.33,728.3877,0.019966,0.038765,0.987324,1.08182,0.635971,230.093
92872.2,16.34,728.792,-0.025444,-0.01104,0.984395,1.399946,0.609525,229.0271
92872.2,16.34,728.792,-0.064019,-0.012505,1.012715,2.700671,0.48361,228.4605
92874.16,16.34,728.6176,-0.002495,-0.018364,0.985371,1.340474,0.587193,228.3885
92869.62,16.34,729.0245,-0.073296,0.082222,1.015645,0.009972,-0.366759,227.2193
92870.93,16.34,728.9056,0.091743,-0.12481,0.969258,-4.043177,-4.538759,225.2155
92865.36,16.34,729.405,-0.030815,-0.111138,1.036641,-4.836576,-4.505639,224.6775
92870.63,16.35,728.932,-0.034722,0.090522,0.979023,-0.936081,2.141328,228.5043
92873.61,16.35,728.6678,0.122993,-0.073052,1.021992,-0.24072,3.21939,232.924
92878.53,16.35,728.2266,0.063423,0.03437,1.01418,0.522443,0.70247,236.0106
92872.96,16.35,728.726,-0.017632,0.071968,1.001484,1.449079,3.46203,234.143
92874.67,16.36,728.5727,-0.055229,-0.085747,0.985859,2.265642,2.392203,234.3357
92877.14,16.37,728.3507,-0.019097,-0.036919,0.909199,-0.469358,3.065948,232.9915
92876.38,16.36,728.4194,-0.162163,0.00605,1.073262,-0.609088,3.174964,232.3765
92878.59,16.39,728.2213,-0.04937,-0.221978,1.040547,-3.684927,-0.701542,226.8597
92871.35,16.38,728.8686,-0.105034,0.122749,0.948262,-5.298808,2.412546,217.7397
92871.35,16.38,728.8686,0.113228,0.057808,1.079609,-4.851692,2.830568,209.8866
92875.31,16.39,728.5145,0.335396,-0.006646,0.918477,-8.878914,-2.707842,208.1807
92870.55,16.37,728.9399,-0.088921,0.006538,0.926289,-9.233237,-2.352372,206.0211
92875.73,16.33,728.4775,0.201118,-0.000786,1.276387,-12.3189,0.309504,200.5379
92875.81,16.31,728.4696,0.569282,0.00605,0.68166,-16.87256,-7.95153,194.1161
92874.97,16.32,728.5463,0.029243,-0.031548,0.859395,-15.18392,-7.541647,189.8313
92874.97,16.32,728.5463,0.070747,-0.390923,1.126484,-9.962451,-12.80088,180.5842
92875,16.33,728.5436,-0.081108,-0.18438,0.617207,-6.236006,-10.89894,173.0254
92879.14,16.35,728.1737,-0.123101,-0.099907,0.964863,6.488005,-6.917748,152.0875
92881.11,16.38,727.9966,-0.431694,-0.10479,1.567402,11.6809,-1.942969,130.3568
92883.03,16.37,727.8249,-0.0523,-0.206841,0.859883,11.52945,-3.726485,136.0901
92879,16.36,728.1843,-0.292534,-0.864556,1.324727,4.189771,-6.444923,136.3332
92879.02,16.4,728.1843,-0.172417,0.009956,1.276875,5.488446,-0.39827,132.7538
92883.28,16.4,727.8038,-0.335503,-0.053521,1.046895,7.245697,-8.720139,133.073
92883.28,16.4,727.8038,-0.217827,-0.014458,0.741719,8.783988,-6.196421,139.0498
92888.48,16.39,727.3387,0.265083,0.272163,1.454609,1.033396,-4.17798,139.086
92924.55,16.5,724.1178,-0.16021,0.000679,1.043965,9.02108,-1.375428,204.452
92924.47,16.52,724.1231,-0.123101,0.012886,1.092793,7.08792,-1.432907,203.5186
92925.77,16.52,724.0068,-0.04644,-0.03936,1.053242,5.348892,-0.378719,208.2895
92878.53,16.19,728.2266,0.076606,-0.021782,0.996602,-3.110639,-1.135567,204.2619
92885.9,16.24,727.5686,0.056587,-0.082817,0.992207,1.579106,0.164728,216.8277
92888.56,16.25,727.3308,0.113228,0.006538,0.873066,-0.707456,0.776576,215.4195
92881.46,16.26,727.965,0.088813,0.002632,0.950215,-4.007737,1.129174,210.3715
92870.97,17.34,728.903,-0.035698,0.026069,1.268086,2.444293,0.621159,218.6808
92875.66,17.35,728.4828,-0.104546,-0.208306,0.875508,-1.666043,-3.993337,215.5121
92875.95,17.35,728.459,-0.015679,-0.143364,0.770527,-2.670926,-4.312188,213.1992
92871.66,17.38,728.8395,-0.119194,-0.021782,0.710957,1.451936,-0.280836,217.7197
92874.13,17.4,728.6202,0.055122,0.094429,1.061055,-0.848381,2.577103,217.3323
92873.16,17.4,728.7075,-0.383843,-0.027642,1.251484,-0.586206,-1.583158,217.399
92869.34,17.38,729.0483,0.026313,-0.21856,0.987813,-0.094826,-0.749849,213.8868
92871.7,17.38,728.8369,-0.052788,-0.052544,1.215352,4.236834,4.800981,215.9399
92871.7,17.38,728.8369,0.101509,-0.063774,0.787129,-0.390293,0.14784,214.2584
92872.72,17.39,728.7471,-0.018608,-0.078423,0.995625,-3.589891,-2.355756,215.0784
92874.47,17.4,728.5912,0.133247,-0.002251,0.984883,-18.6715,-4.066055,212.091
92870.7,17.41,728.9268,0.823188,-0.038872,0.742207,-38.05469,-7.49625,209.2323
92871.61,17.41,728.8448,0.644966,-0.13604,0.733906,-33.80698,-7.616179,209.416
92871.61,17.41,728.8448,0.393501,-0.046196,0.853047,-12.5465,-1.498104,212.5018
92869.06,17.42,729.0721,-0.334038,0.094917,0.929219,18.92446,3.67301,214.0185
92883.2,17.42,727.8091,-0.693901,0.018257,0.850605,36.35503,5.657169,216.9064
92901.77,17.44,726.1523,-0.916558,0.162788,0.844258,34.95014,5.606078,214.9814
92881.8,17.44,727.9359,-0.142632,0.180366,0.847188,2.216678,3.324967,213.4638
92881.8,17.44,727.9359,0.49604,-0.163384,0.790059,-25.24884,-3.470798,211.7397
92869.02,17.48,729.0773,-0.062554,0.048042,0.922383,0.730566,2.850769,212.0533
92876.92,17.48,728.3719,-0.503472,-0.043267,0.946797,22.44678,4.945927,212.5406
92887.59,17.49,727.418,-0.62896,-0.020317,0.856953,32.15536,3.101142,211.4189
92870.7,17.48,728.9268,-0.335503,0.042183,0.802266,28.21148,4.49393,207.6043
92887.81,17.49,727.3969,-0.817437,0.043647,0.783223,42.51886,7.703158,212.7506
92897.36,17.49,726.5461,-0.855522,0.144233,0.884785,34.7399,7.953137,213.1789
92879.66,17.49,728.1262,0.477974,-0.173149,0.824238,-23.48672,-2.224603,205.6248
92868.8,17.49,729.0958,0.53022,0.000679,0.874043,-30.40998,-0.56565,202.3784
92873.85,17.5,728.644,0.546333,-0.104302,0.82668,-20.82823,0.185471,199.5556
92873,17.51,728.7206,-0.105522,0.124214,0.886738,7.249068,6.684163,204.3468
92882.19,17.51,727.9016,-0.525444,0.183784,0.951191,25.44893,10.85194,206.95
92887.83,17.52,727.3969,-0.652886,0.029487,0.894551,28.37247,9.361627,208.7439
92872.88,17.53,728.7312,0.52436,0.029976,0.85207,-27.46152,0.484241,202.3037
92871.63,17.54,728.8448,0.821235,0.110054,0.741719,-37.445,3.742933,196.5854
92870.66,17.54,728.932,-0.044487,0.154976,0.894063,-2.251527,3.823526,206.2191
92877.47,17.53,728.3217,-0.141167,0.120796,0.817402,4.96323,7.161361,216.2385
92877.44,17.53,728.3243,0.255317,0.211128,0.88332,2.382683,7.618286,202.7892
92877.97,17.55,728.2767,-0.249077,0.020698,0.971699,10.17638,8.114346,206.6749
92875.25,17.57,728.5198,0.000435,0.072944,0.921406,5.486243,7.75633,208.0731
92882.88,17.58,727.8408,-0.019585,0.097847,0.947773,4.099316,7.100349,209.6995
92881.2,17.61,727.9887,-0.012261,0.080757,1.004414,0.479884,6.759383,208.198
92881.2,17.61,727.9887,0.011177,0.212104,0.912617,-0.59086,9.289284,206.9147
92877.41,17.63,728.327,-0.040093,-0.079888,0.957539,0.507732,5.569998,205.7769
92875.84,17.63,728.467,-0.068413,0.031929,0.984883,-0.537478,6.475165,202.1887
92859.3,17.26,729.944,0.107856,-0.013481,1.000508,-6.172833,-0.476777,209.3936
92863.54,17.22,729.5662,0.146919,-0.026177,1.003438,-5.991197,-1.13745,210.0587
92862.83,17.19,729.6296,0.115181,-0.023247,0.992695,-6.33932,-1.618284,210.0141
92862.83,17.19,729.6296,0.099067,-0.046196,0.99416,-6.074338,-1.383003,209.8321
92866.87,17.13,729.2676,0.093696,-0.031548,0.987813,-5.49208,-2.024471,209.7897
92867.18,17.1,729.2411,0.101021,0.00312,1.005391,-5.004467,-1.507229,209.8217
92869.2,17.07,729.0615,0.074653,-0.052544,1.00002,-4.379724,-1.756448,209.9417
92866.81,17.03,729.2729,0.112739,-0.044731,0.992207,-6.537681,-2.551763,210.3041
92865.92,17.01,729.3522,0.10981,-0.016411,0.986836,-6.351923,-1.184931,210.2826
92865.92,17.01,729.3522,0.114692,0.002632,1.011738,-5.966056,-0.690419,209.9636
92863.55,17,729.5662,0.069771,-0.040825,1.006367,-5.151476,-1.840287,210.0705
92868.3,16.98,729.1407,0.095649,-0.033013,1.003926,-5.462976,-1.729206,210.1969
92869.24,16.98,729.0562,0.115181,-0.050591,0.99416,-6.585553,-1.62657,210.3392
92869.53,16.98,729.0324,0.115181,-0.01397,1.005391,-6.492019,-0.666211,210.7483
92867.73,16.96,729.1936,0.27729,-0.124321,0.862324,-3.510935,-0.307004,211.6414
92867.73,16.96,729.1936,0.076118,-0.16729,0.97707,-3.299293,-0.200049,211.0236
92869.48,16.94,729.0351,0.05561,-0.036431,1.012715,-3.297499,-0.96741,210.4093
92869.2,16.91,729.0615,0.05854,-0.023735,1.000508,-3.314194,-1.31507,210.0852
92871.15,16.88,728.8871,0.103462,-0.069146,0.993184,-3.792645,-2.500226,209.8148
92867.88,16.84,729.1777,0.076118,-0.064751,1.01418,-4.762612,-2.071688,209.2634
92867.88,16.84,729.1777,0.064888,-0.030083,1.00832,-4.572588,-1.633668,209.3736
92868.88,16.81,729.0906,0.079048,-0.015923,0.983906,-4.633567,-0.888571,209.8291
92869,16.79,729.08,0.117622,-0.045708,1.000996,-5.646375,-2.26302,211.379
92869.73,16.77,729.0139,0.130806,0.001655,0.989277,-6.378429,-1.381161,212.4984
92868.47,16.74,729.1249,0.11811,-0.048638,0.988789,-6.698936,-1.406189,212.5262
92867.02,16.73,729.257,0.122505,-0.040825,0.986348,-7.263403,-2.375413,212.808
92867.02,16.73,729.257,0.10981,-0.04229,0.999531,-6.360526,-2.322171,212.7325
92864.55,16.71,729.4763,0.102974,-0.007134,1.006367,-5.563755,-2.339879,212.7277
92863.98,16.69,729.5266,0.083931,-0.066216,1.008809,-4.829076,-3.507648,212.8305
92867.52,16.68,729.2121,0.104927,-0.022271,1.004414,-6.163971,-2.469575,212.7887
92868.28,16.66,729.1434,0.137642,0.0373,0.995625,-6.612696,-1.817289,212.4347
92868.73,16.64,729.1038,0.096626,-0.017876,0.998555,-6.037948,-1.533544,211.9917
92868.73,16.64,729.1038,0.137642,-0.079888,0.880391,-7.252109,-3.049527,212.1838
92862.52,16.61,729.6586,-0.030815,-0.020806,0.857441,-10.22259,0.976655,208.3067
92867.25,16.59,729.2359,-0.102104,-0.021782,0.717305,-11.53903,5.977174,205.4428
92875.5,16.82,728.4987,-0.047417,-0.085747,0.757832,-3.588818,2.322806,210.0473
92871.45,16.84,728.858,-0.074761,-0.159478,0.976582,-3.982803,-3.726194,215.5365
92871.92,16.85,728.8184,-0.03814,-0.048149,0.930684,-4.842501,-4.473364,216.5012
92868.03,16.83,729.1646,0.079536,-0.022271,1.165547,-4.467121,-3.702523,215.7868
92866.05,16.79,729.3416,0.071724,-0.064751,0.87209,1.877489,-4.191031,214.7353
92867.41,16.77,729.22,0.067817,-0.012017,0.921895,-1.228776,-2.516742,214.6838
92866.87,16.74,729.2676,0.04731,-0.072075,1.021504,-1.838627,-3.217,216.5618
92866.3,16.72,729.3204,0.013618,-0.073052,1.038594,-2.564552,-4.109217,215.5415
92865.86,16.71,729.36,0.021919,-0.073052,1.023457,-1.647194,-3.694757,215.039
92865.86,16.71,729.36,0.035103,0.010933,1.008809,-3.295316,-2.553721,214.698
92868.27,16.69,729.1434,0.055122,-0.049126,0.990254,-3.678311,-1.926196,214.7666
92868.78,16.67,729.0985,0.053657,-0.064263,0.993672,-2.946546,-2.981465,216.0552
92864.8,16.64,729.4552,0.090767,-0.035942,1.008809,-5.21531,-2.26617,216.7371
92868.11,16.64,729.1592,0.069282,0.00019,1.009785,-4.119873,-1.334719,217.0888
92868.11,16.64,729.1592,0.088325,-0.065239,1.001973,-5.139523,-3.187609,216.9246
92872.26,16.63,728.7867,0.073677,-0.047173,0.989766,-4.021106,-2.786971,216.6991
92867.86,16.62,729.1804,0.10395,-0.041313,1.004902,-6.003106,-2.039988,216.7577
92878.66,16.02,728.2159,-0.222222,0.226265,0.952656,11.69317,13.62489,219.6572
92889.03,16.01,727.2885,-0.16021,0.05439,0.907246,13.32253,9.045503,223.7682
92882.48,16.01,727.8751,-0.267632,0.165229,1.008809,15.64105,9.838661,227.5694
92882.48,16.01,727.8751,-0.196343,0.070991,0.931172,13.63172,5.484499,229.5598
92876.91,16.04,728.3719,-0.266167,0.09687,0.984395,13.81813,2.519701,232.3401
92881.16,16.07,727.9914,-0.295464,-0.099419,1.007344,13.6861,-1.910946,233.0846
92880.3,16.08,728.068,-0.174858,-0.240044,0.933613,14.27575,-3.315226,235.6368
92881.41,16.1,727.9702,-0.199272,-0.194146,0.964375,11.84988,-4.658906,237.8718
92879.3,16.11,728.1578,-0.168022,-0.105278,0.977559,8.899872,-5.386373,237.5151
92879.3,16.11,728.1578,-0.10064,-0.128228,0.960957,7.858391,-5.313952,237.616
92881.23,16.14,727.9861,-0.157769,-0.062798,0.979023,8.892828,-3.5947,234.2721
92880.53,16.17,728.0495,-0.304741,-0.075005,0.970234,10.43557,-4.291224,220.0336
92878.06,16.18,728.2688,-0.26812,0.009468,0.966816,9.602647,-2.510301,215.8517
92875.66,16.2,728.4828,-0.215874,-0.095024,0.979512,9.201255,-2.564553,218.1215
92878.13,16.22,728.2635,-0.03521,-0.007134,1.021016,5.89762,-1.225753,221.7018
92878.13,16.22,728.2635,-0.105034,-0.020317,0.998555,6.291484,-1.523112,225.0585
92875.36,16.24,728.5119,0.026313,-0.10479,0.96877,6.140601,-2.865326,226.6888
92883.32,16.25,727.7985,-0.223198,-0.079399,0.958516,7.207369,-2.81776,228.7193
92880.84,16.26,728.0204,-0.102104,-0.054985,0.979023,5.88315,-2.716826,231.3431
92881.93,16.27,727.9227,-0.109917,-0.002251,0.994648,6.437222,-1.949523,236.0596
92881.93,16.27,727.9227,-0.03521,-0.058403,0.998555,5.405203,-0.642599,243.0612
92884.73,16.29,727.6717,0.020454,0.020698,0.979023,3.110719,0.771849,249.1156
92883.41,16.32,727.7932,0.001411,0.016304,0.989766,1.056925,0.67425,252.3051
92887.11,16.32,727.4603,0.021919,0.0373,1.035664,0.830001,-0.776698,252.7583
92882.67,16.34,727.8566,0.077583,0.016792,0.975117,-0.777014,-1.298786,251.2187
92880.05,16.34,728.0918,-0.04644,-0.108696,0.964375,0.932858,-2.133208,250.6932
92880.05,16.34,728.0918,-0.024956,0.022163,1.034199,0.697519,-1.272342,248.4504
92882.42,16.35,727.8804,-0.019097,-0.023247,1.026875,1.334619,-1.588358,243.5437
92884.13,16.35,727.7272,-0.027397,-0.077935,0.979023,1.773718,-1.683935,239.0745
92892.09,16.36,727.0164,-0.037163,0.029976,1.058613,1.956104,2.040918,234.7483
92897.25,16.39,726.5566,-0.021538,-0.032524,0.915547,2.142354,2.337695,230.9478
92899.55,16.39,726.3505,-0.051323,0.019233,0.981953,2.894665,2.690621,228.8632
92899.55,16.39,726.3505,-0.025444,0.017769,0.911641,2.297194,1.899895,228.4007
92901.02,16.4,726.2184,-0.145562,0.026558,1.020527,4.697033,1.937055,229.1599
92898.26,16.42,726.4642,-0.089409,0.013862,0.981465,5.550426,0.845723,230.6311
92896.91,16.45,726.5857,-0.056206,-0.010552,1.028828,3.274599,-0.518386,231.2559
92897.41,16.47,726.5408,-0.074272,-0.018364,0.984395,3.678457,-0.117768,231.7649
92897.41,16.47,726.5408,-0.060601,-0.04229,0.99123,3.559085,-1.475914,231.504
92899.23,16.48,726.3796,-0.074272,0.009956,0.994648,4.215445,0.768998,231.327
92901.7,16.5,726.1577,-0.075249,-0.007134,0.999531,3.952068,-0.467776,231.0842
92897.91,16.52,726.4958,-0.061577,0.002632,0.99416,3.493726,-0.114146,231.1744
92898.41,16.53,726.4509,-0.065972,0.010933,0.993184,3.38017,0.114023,231.0668
92897.83,16.54,726.5038,-0.081108,-0.015435,0.991719,4.208468,-0.417064,231.166
92897.83,16.54,726.5038,-0.0523,-0.025688,0.99709,3.69166,-0.698183,231.5959
92894.8,16.56,726.7733,-0.075249,-0.058403,0.988301,4.046755,-2.490391,232.0141
92890.73,16.58,727.1379,-0.14312,-0.002739,1.052754,4.453486,-0.953815,233.9768
92888.57,16.59,727.3308,-0.056694,-0.003716,0.993672,3.80165,-0.333307,235.0888
92881.91,16.61,727.9253,-0.085015,0.010933,1.050313,4.473185,0.477895,236.9183
92893.88,16.63,726.8552,-0.021538,-0.036919,0.995625,2.569945,-0.083496,237.397
92893.88,16.63,726.8552,-0.044487,-0.057915,1.021992,2.199062,-0.159651,236.9176
92895.84,16.63,726.6808,-0.03814,0.00019,0.997578,2.27839,0.291108,236.0665
92895.52,16.63,726.7099,-0.031304,-0.003228,1.00832,1.254844,0.064833,235.2533
92897,16.65,726.5778,-0.025444,0.010444,0.995137,1.588882,0.520023,235.0629
92896.38,16.65,726.6332,-0.057183,-0.026177,1.001484,1.123878,0.320659,234.8868
92896.38,16.65,726.6332,-0.010796,-0.002739,1.012715,0.587473,0.036728,234.4865
92898.55,16.67,726.4377,0.030708,0.013862,1.012227,0.007654,-0.046852,235.1185
92887.56,16.69,727.4207,0.002388,0.009468,0.972676,0.502997,-0.211047,237.1031
92885.84,16.71,727.5739,0.015571,-0.045708,1.022969,-0.049345,-1.415314,239.0744
92883.59,16.71,727.7747,0.003364,-0.000786,0.986836,0.039385,-0.407652,239.6129
92885.62,16.72,727.595,0.004829,0.027046,1.023945,0.306216,0.289264,238.1359
92885.62,16.72,727.595,-0.074272,-0.005669,0.973164,2.296715,0.858283,235.5358
92884.75,16.73,727.6717,-0.050835,0.00019,1.005879,2.859515,0.158739,234.0233
92895.7,16.74,726.694,-0.065483,0.004585,0.983906,3.642328,0.412407,233.3428
92895.25,16.76,726.7336,-0.055229,0.004585,1.00832,3.296428,-0.066117,233.1263
92892.41,16.78,726.9873,-0.041558,-0.006157,0.995137,2.013404,-0.381525,232.8944
92894.77,16.78,726.7759,-0.049858,0.022163,1.004414,2.837308,0.856909,232.8352
92894.77,16.78,726.7759,-0.053765,0.000679,1.002461,3.184669,0.037414,232.8796
92895.23,16.8,726.7363,-0.043511,0.023628,1.006367,2.320558,0.935633,233.366
92892.76,16.81,726.9556,-0.031304,-0.023247,0.993672,1.763448,-1.319696,233.7709
92896.25,16.83,726.6438,-0.028862,0.019233,1.008809,1.768675,-0.376041,234.2518
92895.14,16.85,726.7442,-0.044976,-0.016411,0.995137,2.728344,-0.974325,233.7195
92895.14,16.85,726.7442,-0.057671,-0.005669,1.001484,2.880348,-0.451031,232.7558
92894.59,16.86,726.7918,-0.064995,0.015815,0.995137,3.638781,0.753694,232.2957
92892.84,16.88,726.9503,-0.043999,0.020698,0.99709,2.498117,1.161188,232.3885
92890,16.89,727.2014,-0.047417,-0.012017,1.01125,2.834263,-0.944944,232.1636
92894.69,16.9,726.7839,-0.048882,0.004097,0.990742,2.727695,0.401852,231.1693
92899.45,16.92,726.3585,-0.051812,-0.014458,0.972188,2.883968,-0.125882,231.0019
92899.45,16.92,726.3585,-0.030327,0.0373,1.008809,1.876551,1.721148,231.8924
92902.02,16.95,726.1286,-0.021538,0.030464,1.02248,1.137368,1.367308,232.4413
92897.28,16.96,726.5513,-0.019097,0.012886,1.00002,0.882371,0.730664,231.0522
92894.8,16.98,726.7733,0.082466,0.198921,1.052266,-12.23494,-1.724114,233.8608
92863.81,16.99,729.5424,0.489692,-0.287407,0.742207,-38.51911,-8.188651,239.0876
92882.55,17,727.8672,0.845161,-0.129204,0.660664,-48.28528,-6.840049,238.0035
92882.55,17,727.8672,0.670356,-0.037896,0.768574,-31.5722,2.887235,229.0493
92868.55,16.97,729.1196,0.005317,0.130073,0.835469,3.984317,10.44473,226.6782
92884.71,16.99,727.6743,-0.625054,0.185249,0.81252,30.46014,16.02068,228.7787
92912.64,16.99,725.18,-0.764214,0.215522,0.781758,38.21028,17.9143,230.6758
92913.69,17,725.0875,-0.605522,0.307808,0.821797,22.01023,15.51657,228.5566
92913.69,17,725.0875,0.131294,0.035347,0.872578,-7.962959,7.209579,227.2366
92887.84,17,727.3969,0.333442,0.331245,0.917012,-23.08637,10.55551,223.0648
92862.74,17.02,729.6375,0.685981,0.08564,0.847676,-34.76447,8.851975,227.0941
92871.87,17.04,728.8237,0.556587,0.060737,0.786641,-19.35571,7.692617,229.1248
92898.19,17.05,726.472,-0.259819,0.294136,1.005391,10.87094,13.26228,231.4756
92897.33,17.1,726.5487,-0.531792,0.143257,0.818867,28.86354,10.11727,232.2964
92897.33,17.1,726.5487,-0.630425,0.212104,0.855488,31.52917,12.12926,230.1708
92906.28,17.11,725.7481,-0.388237,0.243843,0.864277,10.30931,11.57666,233.8349
92889.2,17.1,727.2753,0.507271,0.257026,0.90334,-18.39834,13.86849,227.4916
92877.52,17.11,728.319,0.507759,0.158882,0.815938,-28.42345,12.21582,228.7176
92867.02,17.11,729.2544,0.49604,0.104194,0.846699,-27.27683,10.77643,230.5503
92883.84,17.13,727.7536,0.208442,0.171089,0.971211,-10.23962,9.972021,223.9865
92883.84,17.13,727.7536,0.164985,-0.014946,1.019063,-6.913564,6.047174,221.7063
92873.47,17.14,728.6783,0.127388,0.139839,0.992207,-6.273392,5.935649,217.398
92877.39,17.14,728.3296,0.184028,-0.089653,1.01125,-10.01361,1.982694,214.5207
92901.65,17.14,726.1629,0.121528,-0.141411,0.969746,-17.3808,-1.940839,209.3936
92917.19,17.08,724.7731,0.249946,0.121772,1.038594,-20.23467,1.818827,191.1326
92917.19,17.08,724.7731,0.045845,-0.054985,0.865742,-13.25279,2.043819,170.5414
92890.92,17.02,727.1194,0.137153,-0.028618,0.917988,-11.10156,0.441415,159.0348
92870.56,16.95,728.9399,-0.04937,-0.262505,1.296406,-8.938574,-3.619506,153.7796
92868.59,16.88,729.1143,0.11811,-0.008599,0.674336,-7.990043,-0.726676,147.2943
92865.61,16.81,729.3812,0.018989,-0.108208,0.882344,-10.59138,0.119623,143.3717
92869.23,16.75,729.0588,-0.034722,-0.214653,1.159199,-14.98428,3.903872,141.3993
92869.23,16.75,729.0588,0.179146,0.079292,0.60793,-10.24545,-0.64336,142.0206
92872.34,16.7,728.7787,0.168892,0.086616,1.290547,-14.02061,1.908082,137.1703
92873.56,16.66,728.6705,0.593696,-0.129204,1.067402,-9.467286,-2.633613,134.8071
92872,16.64,728.8105,0.04438,-0.010552,0.55666,-9.791068,-0.919875,137.7404
92869.64,16.63,729.0219,0.762153,0.435249,1.584492,-11.32585,7.764449,140.2803
92863.03,16.59,729.6111,-0.051812,-0.398735,0.707539,-9.219395,9.601421,145.3127
92863.03,16.59,729.6111,0.130317,-0.083794,0.736348,-10.13651,5.815657,150.9049
92862.63,16.59,729.6481,0.762642,0.166694,1.567891,-9.286808,2.041418,151.9183
92866.28,16.56,729.3204,0.150825,-0.001274,0.552754,-5.548606,2.986959,146.9407
92864.41,16.51,729.4896,0.114692,-0.038384,1.023457,-10.03486,4.086873,141.6182
92874.42,16.46,728.5938,0.163521,-0.113091,1.209004,-8.294122,8.275265,135.8233
92874.42,16.46,728.5938,-0.021538,-0.067192,0.700215,-1.017824,3.042334,125.3597
92873.78,16.43,728.652,-0.061089,0.049995,1.165547,-2.538973,3.230365,115.7587
92872.89,16.47,728.7312,0.018989,0.017769,1.191914,-0.051967,-1.541668,107.0646
92871.17,16.53,728.8845,0.016548,0.038765,0.668477,-2.42793,0.843529,103.9292
92870.03,16.54,728.9875,-0.016655,-0.11895,1.108906,-5.138669,-0.159813,110.8058
92873.74,16.55,728.6546,0.242134,0.242378,0.974141,1.708098,-2.851016,122.7
92873.74,16.55,728.6546,0.035591,-0.110649,0.604512,-0.76486,-3.32817,128.8697
92874.21,16.57,728.6123,0.557075,0.362495,1.718281,-8.253399,6.064927,134.4032
92873.59,16.57,728.6678,0.01606,0.033394,0.753438,-5.444368,11.98625,148.1933
92885.02,16.57,727.6479,-0.00396,0.05439,0.823262,-2.580475,11.25679,173.2478
92906.28,16.53,725.7481,0.096626,-0.034478,1.127461,-1.76221,13.56291,204.1656
92905.52,16.46,725.8168,-0.108452,-0.364556,0.640156,3.741628,12.13894,219.5262
92905.52,16.46,725.8168,-0.19146,0.041694,0.884785,5.415155,12.29764,228.7481
92909.64,16.45,725.4469,0.166938,0.376655,1.094746,1.763936,13.46522,231.82
92919.42,16.44,724.5749,-0.025444,0.008491,1.172871,3.939475,8.118569,234.8608
92914.12,16.44,725.0479,0.133247,0.142769,0.925801,-1.439721,10.77839,234.5213
92910.78,16.4,725.3464,0.069771,-0.084771,0.909688,-3.849864,9.845491,233.7059
92910.78,16.4,725.3464,-0.03814,0.175972,1.002461,0.408594,8.565038,235.7367
92918.17,16.35,724.6859,-0.03521,0.151069,0.959492,2.590317,9.515201,236.4258
92914.83,16.32,724.9845,0.003364,0.177925,0.976582,1.015538,10.09598,234.7428
92911.17,16.28,725.3121,-0.064019,0.14814,0.966816,3.422621,10.18156,233.2251
92904.92,16.25,725.8696,-0.037163,0.153999,0.972676,2.460332,10.92262,233.1039
92910.41,16.24,725.3808,-0.074761,0.208687,0.987813,4.150559,11.98361,234.3039
92910.41,16.24,725.3808,0.011665,0.201362,0.973652,2.424225,11.6571,234.3475
92904.97,16.22,725.8643,-0.020073,0.165229,0.978535,0.942526,10.81992,232.5346
92903.44,16.2,726.0018,-0.004937,0.158394,0.979512,0.180528,9.115201,230.7223
92905.62,16.19,725.8088,-0.108452,0.158882,1.036641,2.642668,9.680599,229.9343
92903.19,16.17,726.0255,-0.053276,0.214058,0.960957,1.783549,11.79468,228.0705
92903.19,16.17,726.0255,-0.007378,0.158882,0.975605,1.355384,11.37807,227.8649
92900.06,16.16,726.303,-0.031304,0.191108,0.927266,1.985005,11.48424,228.6913
92900.1,16.13,726.3004,-0.045464,0.181831,0.96584,2.923067,10.22396,229.8699
92903.52,16.11,725.9965,-0.068413,0.183296,0.972676,2.679503,10.77336,230.8556
92899.38,16.09,726.3637,-0.031792,0.162788,0.990254,1.952643,9.482843,229.3294
92896.32,16.08,726.6385,-0.024468,0.170112,0.964375,1.657464,10.02944,228.4125
92896.32,16.08,726.6385,-0.061577,0.168647,0.984883,2.379668,10.13628,229.3108
92897.45,16.07,726.5355,-0.004937,0.159858,0.977559,0.596054,9.410616,230.2604
92899.56,16.05,726.3479,-0.000542,0.137397,0.972188,0.236521,8.294777,230.0435
92895.85,16.04,726.6808,-0.030815,0.144722,0.967793,1.877783,8.093394,229.9948
92891.31,16.01,727.0851,-0.011772,0.202827,0.963887,1.324992,10.65406,230.7548
92896.88,15.98,726.5883,-0.041069,0.196479,0.969746,2.53373,10.83329,231.1392
92896.88,15.98,726.5883,0.032173,0.176948,0.959004,0.110729,7.150739,233.0233
92904.26,15.97,725.9277,0.055122,-0.05938,1.006855,-1.37505,1.544779,234.799
92898.41,15.94,726.4509,0.01313,-0.044243,0.984883,-1.734079,-1.108917,236.6293
92894.88,15.91,726.768,-0.008354,-0.07647,1.003438,-0.177099,-3.454807,236.811
92894.63,15.89,726.7891,-0.026421,0.066108,1.029805,-0.383469,-1.081584,236.387
92894.63,15.89,726.7891,0.05854,-0.097466,0.989277,-1.52596,-0.843469,234.6594
92890.59,15.88,727.1485,-0.118218,-0.112114,1.025898,0.474636,-1.799029,234.4692
92889.36,15.86,727.2595,0.009224,-0.027642,0.930195,-1.183174,-0.824656,223.5629
92894.48,15.85,726.8024,0.003364,-0.004692,0.940938,-1.647437,-0.486688,211.4798
92870.64,15.82,728.932,-0.168511,-0.285942,0.981465,1.572689,-3.184016,199.9066
92876.42,15.81,728.4168,0.003364,0.025093,0.932637,3.194157,-0.057617,200.2636
92876.42,15.81,728.4168,-0.135308,-0.125786,0.85793,3.902683,-0.032317,208.5729
92883.47,15.79,727.7853,-0.121636,0.00312,1.186055,8.381953,-0.880121,223.4507
92907.05,15.76,725.6794,-0.155815,-0.029595,0.854023,6.714649,0.291498,224.4706
92896.38,15.74,726.6332,0.026313,-0.083794,0.756855,2.425935,-3.824523,226.7103
92919.05,15.73,724.6093,0.413032,0.335151,1.360371,0.609506,-2.281968,224.7708
92923,15.7,724.2552,0.068794,-0.143853,0.862813,1.741122,-0.850252,225.3676
92923,15.7,724.2552,-0.050835,-0.023247,0.813496,1.64569,2.799624,227.9814
92920.27,15.66,724.5009,-0.065972,0.336128,1.284199,2.540736,0.269497,231.623
92927.17,15.63,723.8826,-0.078667,0.239448,0.962422,3.005385,2.608905,228.206
92916.81,15.61,724.8074,-0.122124,-0.003228,0.80373,2.397475,2.31125,225.2717
92922.55,15.59,724.2949,-0.193413,0.080757,1.177754,3.586284,4.332228,224.8325
92922.55,15.59,724.2949,-0.123589,-0.130181,1.031758,5.168843,-1.245551,223.4501
92918.16,15.58,724.6885,0.052681,0.174995,0.958516,2.408976,4.457473,222.9105
92918,15.57,724.7017,0.035103,-0.028618,0.853535,0.133694,3.680706,224.44
92920.84,15.56,724.4481,-0.12896,0.309761,1.28127,3.721388,1.999574,225.9892
92914.38,15.56,725.0267,-0.129937,0.300972,1.036152,5.613543,1.887112,230.9448
92899.19,15.55,726.3823,-0.053765,0.136421,0.933613,4.459049,6.318882,234.1546
92899.19,15.55,726.3823,-0.14019,0.049019,0.941426,7.496884,6.122929,238.5816
92886.98,15.54,727.4708,-0.036187,0.168159,0.912129,5.781024,4.876879,238.3778
92883.28,15.53,727.8038,-0.163628,0.079292,1.310566,5.433273,-0.489367,237.5105
92885.13,15.52,727.6373,0.041938,0.153511,1.004902,4.141544,3.753367,235.913
92882,15.5,727.9174,-0.029351,-0.007134,0.934102,3.33005,4.279042,236.0589
92881.89,15.49,727.928,-0.019585,0.195991,1.055195,1.993704,5.656693,235.9795
92881.89,15.49,727.928,-0.119194,0.115425,1.004414,3.438654,4.392914,236.0885
92879.78,15.48,728.1155,-0.099175,0.132026,1.012227,5.224953,4.934068,239.3827
92879.92,15.46,728.1024,-0.043511,0.142769,0.975605,3.101121,8.762243,241.1962
92882.33,15.44,727.8883,0.025825,0.155952,0.955098,2.515739,6.872447,244.3524
92884.22,15.43,727.7192,0.003853,-0.026177,0.989766,2.272858,6.248294,242.2259
92884.22,15.43,727.7192,-0.064507,0.146187,0.979023,3.321933,7.789273,241.1514
92876.63,15.43,728.3983,-0.064019,0.112495,0.96877,3.400244,7.539984,240.1828
92885.48,15.43,727.6056,-0.06646,0.109077,0.955098,3.105101,7.528076,239.1749
92881.59,15.43,727.9544,-0.057671,0.171089,0.977559,3.26606,10.20296,239.4593
92888.86,15.44,727.3044,-0.03521,0.174507,0.98293,2.004255,9.870996,240.3363
92885.92,15.44,727.566,-0.043022,0.181343,0.971699,2.37476,10.22797,240.6849
92885.92,15.44,727.566,-0.039604,0.110054,0.979023,1.930902,7.698216,240.1774
92879.39,15.44,728.1499,-0.022026,0.181831,0.979512,1.319773,8.274787,239.382
92889.63,15.45,727.2357,-0.002495,0.104194,0.970723,0.081189,6.444066,237.0037
92883.42,15.45,727.7906,-0.063042,0.129585,0.965352,1.117465,7.791921,232.7924
92881.09,15.48,727.9993,-0.049858,0.149116,0.991719,-0.244238,8.089829,227.6312
92879.13,15.48,728.1737,0.023872,0.157905,0.951191,-1.00725,9.22079,223.2695
92879.13,15.48,728.1737,0.018501,0.09394,0.981953,-0.257877,7.397815,221.8164
92881.42,15.48,727.9676,-0.001519,0.157417,0.973164,0.516774,8.794212,222.4176
92882.66,15.5,727.8593,-0.033257,0.161323,0.991719,1.670245,9.070208,224.0127
92888.44,15.52,727.3414,-0.014214,0.151069,0.981953,0.786495,8.748075,224.4977
92883.64,15.53,727.7694,0.000435,0.136909,0.977559,0.115755,8.054704,224.7516
92883.64,15.53,727.7694,-0.016167,0.130073,0.978535,0.502974,8.213644,224.024
92879.8,15.54,728.1129,-0.06353,0.112983,0.990742,2.270268,5.808663,223.4261
92884.8,15.55,727.6664,-0.124077,-0.033013,1.024434,3.973875,1.791046,226.2489
92882.48,15.55,727.8751,0.023872,0.104683,1.013203,1.262916,0.567535,226.9333
92874.75,15.56,728.5648,-0.045464,-0.043755,1.010273,2.767902,-2.375697,229.7047
92887.86,15.56,727.3942,-0.071831,-0.029595,1.012715,3.445263,-1.763492,232.099
92887.86,15.56,727.3942,-0.047905,0.007515,1.02248,3.295222,-0.662041,231.917
92889.34,15.58,727.2621,-0.281792,-0.068169,0.958516,5.745533,0.902627,235.631
92884.95,15.56,727.6532,-0.234917,0.126167,1.084004,10.42202,6.471674,252.0789
92885.91,15.56,727.5686,-0.044976,0.086128,0.988301,8.54324,9.468781,267.6993
92881.28,15.56,727.9808,-0.312065,0.049019,0.9175,9.315513,11.86237,292.749
92871.59,15.6,728.8475,0.046333,-0.063286,1.014668,7.777639,11.72461,330.1552
92876.64,15.61,728.3956,0.211372,0.130562,0.884785,4.430219,8.930654,345.5572
92884.89,15.62,727.6584,-0.100151,-0.008599,0.806172,5.133033,6.586315,353.7246
92881.97,15.62,727.92,-0.152886,0.112983,1.433125,5.448937,4.760067,4.991348
92906.78,16.24,725.7032,-0.234917,-0.086724,0.600605,-5.924232,8.144628,33.29611
92908.45,16.24,725.5552,-0.618218,0.080757,1.526387,-0.302089,1.113953,76.44703
92908.45,16.24,725.5552,-0.237358,-0.145806,0.854512,13.19458,1.41694,121.509
92906.67,16.23,725.7137,-0.130913,-0.002251,1.119648,15.50375,6.399684,154.8757
92909.84,16.22,725.431,0.1977,0.061226,1.015645,10.68619,6.856205,165.2592
92913.58,16.23,725.0955,0.104927,0.117866,1.054707,8.124724,7.2128,168.7926
92912.27,16.23,725.2144,-0.057183,0.010444,0.884297,5.248126,6.894227,173.7841
92915.5,16.22,724.9237,-0.061089,0.02314,1.506855,4.874758,10.05918,180.5762
92915.5,16.22,724.9237,-0.148979,0.307808,1.225117,6.519672,22.57019,188.4369
92925.36,16.2,724.0438,-0.29644,0.011421,0.435566,13.69602,22.59807,189.6183
92924.48,16.21,724.1231,-0.025933,0.320991,0.690449,11.62075,19.42237,185.8976
92916.7,16.21,724.818,-0.168999,0.289253,0.842793,9.31374,18.05187,189.1843
92916.89,16.2,724.7995,-0.174858,0.11396,0.962422,7.723276,12.2037,188.5952
92914.82,16.19,724.9871,-0.12603,0.217476,0.989277,6.820668,12.38181,190.0395
92914.82,16.19,724.9871,0.011177,0.153999,0.942891,5.60739,12.31533,192.3317
92919.25,16.18,724.5908,-0.085503,0.15937,0.980977,5.69668,10.87646,189.5791
92918.13,16.16,724.6912,-0.075737,0.182808,0.976094,4.320777,10.57374,186.7756
92915.11,16.16,724.9581,-0.012749,0.134956,0.981953,2.126204,8.887476,186.3778
92915.3,16.14,724.9422,-0.035698,0.140815,0.975605,2.023744,8.040643,186.1279
92915.3,16.14,724.9422,-0.029839,0.146187,0.975117,1.562111,8.517146,184.7305
92914.14,16.13,725.0452,-0.026909,0.195503,0.996602,2.145381,8.439159,184.7411
92911.13,16.12,725.3148,-0.130425,0.141304,1.002461,1.530452,7.562498,182.1904
92911.02,16.11,725.3253,0.233833,0.209663,0.908711,-10.13195,8.519732,173.5359
92907.3,16.1,725.6583,0.393501,0.163765,0.876973,-24.5932,10.64828,162.8238
92909.55,16.1,725.4575,0.454536,0.157905,0.837422,-30.95825,11.7482,154.9252
92909.55,16.1,725.4575,0.644966,0.126167,0.808125,-35.03985,10.99749,152.0557
92911.16,16.09,725.3121,0.652778,0.156929,0.779316,-31.18386,11.25382,156.7805
92910.1,16.09,725.4072,0.237251,0.17939,0.849629,-15.14034,10.18822,169.4335
92910.35,16.08,725.3861,-0.156304,0.243843,0.801777,10.27346,17.44332,185.9075
92933.95,16.08,723.2776,-0.513726,0.358589,0.796895,26.42761,25.56363,202.4571
92950.97,16.08,721.7582,-0.659722,0.300972,0.802266,34.72588,25.93982,207.4569
92950.97,16.08,721.7582,-0.632378,0.354194,0.832051,28.51979,19.78151,199.4468
92938.09,16.1,722.9077,-0.14605,0.24189,0.807637,8.013908,12.83105,185.1405
92914.03,16.09,725.0558,0.170356,0.353706,0.856953,-10.45763,12.0689,168.9981
92907.73,16.08,725.6186,0.48188,0.14521,0.818379,-25.33298,11.13468,160.5265
92911.59,16.07,725.2725,0.598091,0.088569,0.866719,-31.07944,10.55359,159.8263
92911.59,16.07,725.2725,0.568306,-0.009575,0.861348,-27.01027,7.927501,168.3571
92909.34,16.08,725.4733,0.319282,0.199897,0.845723,-13.84546,10.00396,181.9427
92908.98,16.07,725.5076,-0.096245,0.299507,0.760762,8.175868,19.4063,197.7766
92937.27,16.06,722.9816,-0.522026,0.462104,0.695332,24.62578,29.83278,213.2846
92953.29,16.05,721.5495,-0.713433,0.470894,0.77834,32.23595,30.45659,215.8235
92948.39,16.06,721.9882,-0.671929,0.378608,0.795918,22.40585,21.13127,204.2298
92948.39,16.06,721.9882,-0.065972,0.4123,0.830098,1.085837,13.40972,188.7666
92916.17,16.04,724.8655,0.46479,0.215034,0.788105,-22.88312,10.80807,171.478
92905.05,16.04,725.8591,0.539009,0.169136,0.814961,-32.97301,12.13412,163.859
92909.34,16.04,725.476,0.660591,0.100776,0.835957,-34.38439,9.252064,167.519
92906.98,16.04,725.6873,0.531685,0.03437,0.807148,-25.43596,7.271073,179.4349
92910.14,16.03,725.4046,0.090767,0.271675,0.844746,-5.292456,11.59703,195.0726
92910.14,16.03,725.4046,-0.279351,0.418159,0.817402,15.46784,20.58463,210.7387
92942.09,16.02,722.551,-0.56353,0.421089,0.783223,28.86418,27.30861,221.7528
92953.7,16,721.5151,-0.73394,0.304878,0.836934,28.92843,23.75306,216.8619
92945.19,16,722.2735,-0.426323,0.362983,0.849629,11.13905,15.37933,201.2104
92909.89,15.97,725.4257,0.253853,0.207222,0.819844,-16.59284,10.16054,182.5936
92909.89,15.97,725.4257,0.581001,0.081733,0.777363,-32.98024,10.66398,169.1784
92907.2,15.96,725.6662,0.641548,0.103706,0.810078,-37.81005,9.630112,165.9725
92907.2,15.96,725.6662,0.562446,0.057808,0.83791,-33.57163,6.201061,171.5128
92906.48,15.96,725.7296,0.556099,0.130562,0.847676,-27.0104,5.745227,178.4258
92905.78,15.95,725.793,0.347114,0.110054,0.887715,-16.12372,6.180112,184.1789
92909.05,15.95,725.5024,-0.04644,0.089546,0.924336,3.765164,7.914763,190.9618
92909.05,15.95,725.5024,-0.38189,0.246772,0.892109,24.1853,15.0206,199.0455
92928.06,15.96,723.8033,-0.750542,0.319038,0.792988,39.70464,22.41332,207.7055
92948.75,15.97,721.9564,-0.723198,0.300483,0.774434,39.46608,21.09553,206.2845
92942.86,15.97,722.4822,-0.450737,0.339546,0.843281,20.29433,16.52452,198.7842
92905.56,15.97,725.8115,0.05854,0.094429,0.839375,-7.693144,7.1382,193.1423
92905.56,15.97,725.8115,0.382759,0.086128,0.878926,-28.03993,2.680439,187.8556
92906.33,15.98,725.7428,0.686958,-0.052056,0.793965,-38.04368,-1.877792,184.017
92903.42,15.98,726.0044,0.561958,-0.087212,0.835957,-35.60177,-3.352284,184.8363
92900.14,15.98,726.2977,0.54145,-0.044731,0.849629,-28.07159,-0.828769,184.9611
92902.3,15.97,726.1048,0.151802,0.015815,0.88332,-6.481277,3.363671,192.1493
92914.03,15.96,725.0558,-0.257866,0.089546,0.922871,17.04136,10.96711,197.4046
92914.03,15.96,725.0558,-0.589897,0.230171,0.780781,36.26072,19.22771,203.3424
92937.95,15.96,722.9208,-0.590386,0.296577,0.803242,34.17833,20.6206,200.3362
92945.73,15.96,722.226,-0.533257,0.350776,0.805195,31.53223,20.95335,196.1935
92938.34,15.97,722.8839,-0.5523,0.325386,0.918965,20.36857,15.16252,189.8946
92912.69,15.99,725.1774,-0.002007,0.100288,0.872578,-4.687549,9.626938,188.6298
92902.22,15.99,726.1101,0.378364,0.021675,0.839863,-28.67725,3.788323,183.6243
92902.22,15.99,726.1101,0.686958,0.121772,0.74709,-40.47218,7.787643,173.2214
92907.75,15.99,725.616,0.736274,0.143745,0.728535,-39.1809,11.0679,167.5634
92907.78,15.99,725.6133,0.535103,0.28437,0.707051,-18.81857,14.93625,170.5119
92910.72,15.99,725.3517,-0.478569,0.14521,0.932148,11.74409,17.52041,173.0278
92917.05,15.97,724.7863,-0.557671,0.323433,0.685078,31.48436,22.49236,179.5013
92917.05,15.97,724.7863,-0.744683,0.427925,0.725605,42.68227,28.30274,183.111
92935.73,15.97,723.119,-0.75396,0.271675,0.60207,44.20459,27.30077,184.0104
92933.37,15.96,723.3304,-0.711479,0.396187,0.716328,30.07831,24.71855,180.6755
92925.45,15.96,724.0359,-0.161675,0.266792,0.824238,4.311783,16.13217,175.6496
92909.28,15.95,725.4812,0.282661,0.18769,0.850605,-19.56146,9.363761,169.502
92909.23,15.94,725.4839,0.541938,0.032417,0.792012,-37.14577,2.733193,169.4486
92909.23,15.94,725.4839,0.763618,-0.048149,0.71877,-46.40191,-1.218797,169.3249
92909.42,15.93,725.468,0.765571,-0.016899,0.684102,-48.04875,-1.207108,169.3228
92909.93,15.91,725.4231,0.751411,0.041206,0.674336,-41.10437,4.077242,168.5403
92907.16,15.9,725.6688,0.289985,0.156929,0.856465,-18.05346,10.09145,172.5443
92907.41,15.89,725.6477,-0.168511,0.202339,0.878926,4.751164,14.60421,178.2541
92923.05,15.89,724.2499,-0.230034,0.278999,0.90627,12.42027,16.18939,186.061
92923.05,15.89,724.2499,-0.169976,0.439644,1.19875,12.06156,18.83778,190.1926
92925.96,15.88,723.991,-0.08355,0.064644,0.904316,6.252913,16.0711,193.4055
92917.7,15.88,724.7281,-0.099663,0.317573,0.990742,5.150425,18.1622,195.4931
92925.13,15.9,724.0649,-0.186089,0.372749,1.019063,5.11692,21.13281,197.7889
92930.06,15.9,723.6237,0.048774,0.327339,0.756855,2.597731,24.88804,200.1801
92930.06,15.9,723.6237,-0.023003,0.549995,0.884297,1.256557,29.09631,199.2865
92935.44,15.88,723.1454,0.060493,0.407905,0.785176,-1.876289,27.17275,197.7717
92930.79,15.88,723.5603,0.096138,0.480171,0.791523,-2.290362,26.94837,197.2694
92926.58,15.88,723.9355,0.121528,0.477729,0.90334,-4.927671,25.61261,196.2148
92922.55,15.9,724.2949,0.197212,0.028999,0.898945,-2.914996,21.57864,199.0243
92923.31,15.91,724.2261,0.004829,0.086128,0.772969,1.403548,17.40437,192.4162
92914.23,16.41,725.04,0.105903,0.130073,0.888203,5.384183,5.890409,194.1869
92914.23,16.41,725.04,-0.266655,-0.024712,0.885273,8.055326,6.555768,195.8861
92909.83,16.43,725.431,-0.358452,0.000679,1.207539,8.88397,4.095483,195.453
92907.67,16.45,725.6239,-0.451714,-0.35772,0.862324,11.89387,-4.639961,199.8715
92904.51,16.46,725.9066,-0.366265,0.0998,0.963398,13.33632,0.713259,202.5169
92911.86,16.47,725.2513,-0.602593,-0.101372,1.067891,16.09401,1.62935,204.5211
92910.55,16.47,725.3676,-0.386772,-0.058403,0.812031,15.30121,-1.982646,210.1772
92910.55,16.47,725.3676,-0.060601,-0.074028,0.988789,8.146152,-0.370871,210.7212
92908.03,16.48,725.5922,0.220161,-0.024224,1.287129,6.046653,-0.868306,209.458
92904.11,16.48,725.9436,-0.085503,0.018257,0.688984,5.660412,-1.061151,209.5986
92901.19,16.48,726.2026,0.091743,0.284858,1.052266,-1.740906,3.479298,209.599
92899.88,16.48,726.3188,-0.073784,-0.050103,1.031758,4.790797,-1.411111,212.0478
92897.41,16.5,726.5408,-0.135796,-0.131646,0.751973,7.657531,-8.882077,205.9481
92897.41,16.5,726.5408,0.027778,-0.219536,1.443379,2.752819,-10.30469,203.3832
92903.05,16.51,726.0361,0.101509,-0.438774,1.168965,1.745875,-14.09837,204.1004
92901.44,16.51,726.1814,-0.013237,-0.120415,0.488789,2.301443,-12.61579,199.7443
92903.51,16.55,725.9965,-0.205132,-0.402642,0.943867,7.494526,-12.27435,207.97
92903.51,16.55,725.9965,0.003853,-0.32647,0.581074,6.751461,-17.43404,215.5448
92918.23,16.58,724.6806,-0.019585,-0.304009,1.381855,4.680037,-12.68289,217.2215
92927.36,16.61,723.8668,-0.030327,-0.124321,0.839375,3.32459,-14.12431,208.0694
92907.23,16.72,725.6635,-0.064019,-0.038872,1.216816,10.97639,-17.19389,202.5635
92911.52,16.75,725.2804,-0.167534,-0.560356,1.225117,13.30655,-16.91936,205.1706
92907.98,16.76,725.5975,-0.186089,-0.179985,0.527852,8.491142,-18.5884,207.9118
92912.78,16.78,725.1668,-0.116753,-0.488579,1.284199,2.200832,-14.67758,211.1065
92913.07,16.81,725.143,-0.054741,-0.260552,0.479512,2.212607,-21.16993,204.2165
92899.13,16.82,726.3875,-0.045952,-0.239067,1.338887,2.661762,-11.84793,202.0778
92902.96,16.88,726.044,0.091255,-0.154106,0.432637,-2.48209,-14.83948,199.8114
92899.53,16.9,726.3505,0.034126,-0.446099,1.399434,-0.771354,-13.1442,199.9063
92894,16.9,726.8446,-0.199761,-0.295708,0.993672,3.462744,-14.59609,206.1143
92894,16.9,726.8446,0.143989,-0.138481,0.540059,0.414485,-19.18995,214.077
92902.55,16.9,726.081,-0.030815,-0.584282,1.411152,0.461289,-15.86949,216.2055
92912.91,16.95,725.1562,-0.056206,0.039741,0.958027,-2.283844,-16.47252,207.0242
92902.7,16.98,726.0678,0.174263,-0.241021,0.777852,-4.192449,-14.83635,199.2368
92901.5,16.99,726.1761,0.083931,0.004097,1.526875,-0.718628,-12.45087,197.8988
92908.12,17,725.5843,-0.026421,-0.218071,0.56252,-0.174816,-21.56276,206.4571
92908.12,17,725.5843,0.077583,-0.202446,0.908711,-2.473699,-20.79854,214.8057
92892.98,17.12,726.9371,-0.206108,-0.11895,1.382832,3.010772,-13.14507,204.3702
92892.98,17.12,726.9371,-0.220757,-0.290337,0.685566,2.142454,-20.52549,210.8007
92872.71,17.35,728.7471,-0.187065,0.219429,1.199727,2.414403,6.257624,205.1135
92874.34,17.35,728.6017,-0.042534,0.419136,1.287617,1.795565,11.70119,204.1677
92881.44,17.37,727.9676,-0.013726,-0.096978,0.646504,0.985853,7.322405,201.6623
92879.97,17.39,728.0997,-0.272026,0.390815,1.169941,2.769325,8.294297,200.8198
92879.97,17.39,728.0997,-0.108452,0.468452,1.316426,7.537746,7.799957,199.8137
92888.44,17.42,727.3414,-0.083062,0.772163,1.007832,7.0126,20.34056,192.468
92885.52,17.42,727.603,-0.346245,-0.350396,0.918965,12.10843,4.662269,190.1935
92866.76,17.48,729.2781,-0.00689,-0.053521,0.827168,1.694238,-4.915336,204.4432
92870.11,17.49,728.9796,0.103462,0.059761,0.887227,0.430238,-0.773851,213.8215
92876.38,17.49,728.4194,0.171821,0.06855,1.384297,-0.581135,7.29869,213.6337
92868.23,18.43,729.1461,0.360786,-0.547661,0.580098,-20.27303,-29.38801,238.2054
92911.19,18.46,725.3094,0.682075,-0.811821,0.498066,-34.88073,-65.97948,272.9829
92884,18.5,727.7377,0.551704,-0.842583,0.311543,-33.10603,-63.65845,269.2604
92886.92,18.57,727.4761,0.039497,-0.262505,0.615254,2.311817,-7.821108,232.5344
92897.56,18.72,726.5276,-0.130425,-0.033989,1.351582,3.292873,-5.742784,242.5857
92183.66,18.75,790.4944,0.014595,-0.038872,0.630391,2.744949,-8.153204,235.5634
92879.63,18.77,728.1288,-0.246636,-0.285942,1.474141,3.92207,-8.444613,237.7829
92889.73,18.79,727.2278,0.020454,-0.232231,0.708027,4.367424,-12.33755,245.0781
92069.47,18.8,800.7623,-0.09478,-0.096978,0.704609,3.55923,-12.34246,248.503
91975.49,18.84,809.2202,0.073188,-0.290825,1.332539,0.113634,-11.46373,253.0774
92071.09,18.88,800.6169,0.01606,-0.003228,0.720723,2.818383,-4.257165,241.3813
92897.26,18.89,726.554,-0.018608,-0.145806,0.762715,7.292367,-6.832938,246.0661
92853.65,18.9,730.4487,0.132271,-0.05938,0.860859,1.884924,-6.32054,248.9155
92880.94,19.05,728.0125,-0.050835,0.014839,0.692402,3.554075,-5.514247,233.8998
92872.25,19.06,728.7894,-0.23394,-0.200493,1.300801,5.232155,-4.58844,248.7741
92848,19.07,730.956,-0.318413,-0.390435,1.171406,5.234489,-8.278436,245.0087
92848,19.07,730.956,-0.019097,-0.104302,0.463887,5.826151,-10.57329,235.2536
92880.66,19.09,728.0363,-0.232964,-0.07647,1.525898,6.837253,-4.789256,234.4727
92882.11,19.1,727.9068,-0.026909,-0.218071,0.376484,9.250452,-9.317672,244.0584
92165.69,19.15,792.1088,-0.255425,-0.418755,1.356953,4.134444,-8.593283,250.5687
92884.22,19.22,727.7192,-0.081108,0.170601,0.567891,5.100961,3.847132,243.5458
92868.63,19.24,729.1117,0.185493,0.240913,1.131855,-0.228369,6.125416,243.381
92868.63,19.24,729.1117,-0.431206,-0.242974,1.059102,2.742302,0.604192,242.6375
92881.25,19.22,727.9835,0.05854,0.169624,0.714375,3.129163,6.506816,241.5101
92865.9,19.23,729.3548,0.119575,0.089058,1.138691,-4.610045,7.746199,241.5596
92863.11,19.21,729.6058,0.0727,0.019722,0.69875,-1.506961,4.416519,245.009
92857.61,19.22,730.0973,0.177192,0.245796,1.119648,-5.651317,4.769933,245.4887
92857.61,19.22,730.0973,0.057563,-0.18731,1.070332,-8.364724,4.570758,246.0038
92860.6,19.22,729.8278,0.204536,-0.24981,0.419941,-6.960711,-4.30842,238.4698
92864.75,19.21,729.4578,-0.165581,-0.106255,1.344258,2.838497,-7.577087,228.4185
92868.6,19.2,729.1143,-0.297905,-0.079888,1.337422,5.664993,-10.21879,232.3874
92289.12,19.21,781.0192,-0.337944,-0.290825,0.649922,8.150891,-12.65408,236.2562
92289.12,19.21,781.0192,0.027778,-0.182427,1.016621,3.233533,-11.11501,239.7342
91838.91,19.27,821.5279,0.053169,-0.369927,1.308125,2.52428,-14.6483,237.8407
91478.06,19.33,854.1097,0.042915,-0.162896,0.764668,-1.327347,-10.01345,228.1587
92860.89,19.36,729.804,-0.206597,-0.330376,1.236836,1.146575,-2.410768,222.938
92860.06,19.38,729.878,-0.23687,-0.135552,0.879902,2.915392,-1.329413,232.4809
92874.53,19.38,728.5833,-0.189507,0.104194,0.726582,8.854883,-1.72881,240.5076
92874.53,19.38,728.5833,-0.08062,-0.012505,1.087422,7.899543,-2.266032,247.2232
92728.7,19.4,741.6202,-0.197319,-0.121392,1.269063,13.03484,-7.372448,247.6954
92691.27,19.41,744.9706,-0.240776,-0.122368,0.700703,18.28007,-6.060588,240.9843
92868.07,19.42,729.1619,-0.182671,0.123726,0.866719,10.16831,-1.01957,238.2597
92882.41,19.45,727.8804,-0.253472,0.380562,1.410664,11.43329,0.226475,245.6809
92514.16,19.46,760.8295,-0.287651,-0.178521,0.634785,15.10044,-3.961427,251.9334
92514.16,19.46,760.8295,-0.158745,-0.013481,0.992207,15.97019,-4.690527,259.5932
94334.89,19.5,598.9401,-0.070854,-0.270317,1.329121,13.21969,-6.300452,266.3072
96207.17,19.52,435.0821,-0.120659,-0.343071,0.873555,13.62782,-8.948269,258.4493
94563.16,19.57,578.8218,-0.085503,-0.147271,0.518086,8.506352,-7.066175,251.098
92276.56,19.6,782.1448,-0.388726,-0.232231,1.232441,8.768251,-1.155474,248.5234
92276.56,19.6,782.1448,-0.175835,0.011421,0.817402,10.59185,0.061057,250.494
92856.68,19.62,730.1792,-0.081597,-0.067192,0.802266,9.426082,-5.066724,250.5256
92386.5,19.65,772.2785,-0.20855,-0.197563,1.275898,7.204171,-6.829237,252.1879
92354.49,19.68,775.1507,-0.048882,-0.413384,0.938984,12.18986,-12.75977,237.242
92855.38,19.65,730.2955,-0.261772,-0.336724,1.244648,12.6797,-9.803493,209.9072
92855.38,19.65,730.2955,-0.16314,-0.18145,0.842305,14.90782,-14.17911,203.1852
92854.05,19.62,730.4144,-0.241265,-0.221489,0.799824,10.36954,-17.16034,197.138
92851.86,19.59,730.6099,-0.087944,-0.23272,1.176777,2.388451,-15.49574,194.1796
92847.52,19.59,730.9983,-0.720757,-0.57647,0.909199,2.05403,-17.77805,194.6382
92730.7,19.58,741.4432,-0.533745,-0.320122,1.360859,12.39036,-16.23899,232.1172
92180.63,19.62,790.7665,-0.455132,-0.440239,1.128438,12.82249,-18.12155,232.2609
92135.3,19.62,794.8409,-0.049858,-0.219048,0.450215,9.790787,-17.03634,228.5323
92860.06,19.63,729.878,-0.140679,-0.18731,1.314473,7.58143,-10.27063,228.7106
92860.06,19.63,729.878,-0.802788,-0.283013,1.08791,8.834276,-9.356755,233.6147
92838.08,19.63,731.8412,-0.1148,-0.128716,0.518086,11.35343,-11.45522,242.5032
92332.55,19.65,777.1192,-0.161187,-0.168755,1.148945,10.31652,-11.12576,250.2372
92706.7,19.66,743.5887,-0.039604,-0.302056,1.249531,6.153454,-12.93132,248.7838
92189.73,19.64,789.9474,-0.166558,-0.321099,0.617207,5.897609,-13.47174,235.0702
92189.73,19.64,789.9474,-0.261284,-0.028618,1.144063,2.497494,-6.860511,225.1329
92863.05,19.63,729.6111,-0.285698,0.028999,1.40041,7.037712,-6.314737,226.2822
92862.13,19.64,729.693,-0.168999,-0.18438,0.619648,7.108575,-9.078177,229.4467
92730.05,19.66,741.5013,-0.208062,-0.364067,1.03127,7.237051,-11.79275,233.3688
92333.39,19.63,777.0452,-0.158745,-0.460747,1.248066,7.994535,-11.44551,235.0671
92828.11,19.59,732.7343,-0.076714,-0.211235,0.543965,8.140753,-14.21302,228.3336
92828.11,19.59,732.7343,-0.196831,-0.143853,1.249043,4.51434,-10.63037,226.1526
92856.54,19.57,730.1924,-0.601128,-0.162896,1.260762,10.86786,-10.68752,228.1225
92857.02,19.58,730.1475,-0.050835,-0.20147,0.518086,8.337946,-12.29966,229.5857
92826.77,19.62,732.8505,-0.139214,-0.274224,1.20168,5.864799,-11.71948,230.1891
92813.22,19.61,734.0634,-0.47271,-0.405083,1.093281,8.856125,-13.46303,223.1915
92857.78,19.59,730.0814,-0.053765,-0.093071,0.52248,5.461927,-11.09124,214.3365
92857.78,19.59,730.0814,-0.36187,-0.216118,1.426289,7.997504,-9.61458,211.6256
92854.48,19.59,730.3747,-0.14605,-0.253716,0.904316,8.128518,-8.977586,212.3038
92848,19.6,730.956,-0.024468,-0.157036,0.496113,8.166619,-12.28223,210.9802
92852.47,19.63,730.557,-0.082573,-0.167778,1.415547,4.633041,-11.58445,213.483
92850.51,19.66,730.7314,-0.161187,-0.243462,0.908223,7.990278,-13.75037,208.8031
92850.51,19.66,730.7314,-0.031304,-0.019829,0.730488,8.208701,-9.361418,204.4455
92843.06,19.67,731.3973,-0.34478,-0.069634,1.416523,6.480116,-5.995756,207.6268
92839.24,19.69,731.7381,-0.116265,-0.157524,0.769063,11.36052,-11.3587,214.054
92854.67,19.69,730.3589,-0.038628,-0.238091,0.734883,8.102466,-15.5559,214.6089
92853.16,19.7,730.4936,-0.060601,-0.425591,1.296406,4.318482,-17.18714,214.4742
92854.86,19.71,730.343,-0.153374,-0.236626,0.670918,7.137787,-17.40956,208.4724
92854.86,19.71,730.343,-0.062554,-0.096001,0.949727,4.739037,-12.34171,206.0798
92847.23,19.7,731.0221,-0.575249,-0.287896,1.355488,13.55781,-13.66221,208.0953
92851.54,19.7,730.6389,-0.401909,-0.142388,0.693379,17.20192,-14.57106,211.3515
92848.91,19.7,730.8741,-0.400933,-0.285454,1.160176,13.94033,-15.7913,214.6222
92824.59,19.71,733.046,-0.659722,-0.605767,1.363789,15.38822,-15.56534,214.6676
92841.17,19.72,731.5637,-0.10064,-0.335747,0.518574,2.122753,-10.29491,216.1896
92841.17,19.72,731.5637,0.076606,-0.116509,0.75832,-2.218282,-3.953464,218.1054
92838.3,19.73,731.8227,-0.287651,-0.372368,1.199727,15.66775,-15.80974,223.507
92740.8,19.72,740.5396,-0.22271,-0.178032,0.690938,19.19699,-18.65303,220.322
92239.88,19.7,785.4423,-0.594292,-0.564263,1.193867,15.26819,-18.66147,220.0677
92832.38,19.66,732.3511,-0.565972,-0.555474,1.077656,15.71885,-19.25043,213.1904
92832.38,19.66,732.3511,-0.165093,-0.220024,0.53127,14.4135,-21.08293,201.7168
92835.89,19.61,732.0367,0.041938,-0.320122,1.202656,9.598198,-15.75039,198.6439
92847.52,19.59,730.9983,-0.629448,-0.530083,1.124531,6.284686,-19.52591,199.5033
92850.88,19.56,730.6971,-0.047905,-0.189751,0.599141,9.2497,-17.96801,203.5068
92842.89,19.55,731.4105,-0.245659,-0.372368,1.027363,10.02887,-18.27224,203.9749
92846.13,19.54,731.1225,-1.067925,-0.719536,1.216328,13.0558,-15.34009,202.5255
92846.13,19.54,731.1225,0.007271,-0.235649,0.551777,13.52779,-17.55817,192.4196
92835.25,19.58,732.0948,-0.052788,-0.347466,1.425801,4.109033,-8.94339,190.5506
92826.52,19.6,732.8743,-0.618706,-0.204399,1.067402,7.096827,-15.32555,197.709
92838.3,19.59,731.8227,-0.271538,0.031929,0.638203,12.72747,-13.847,206.6149
92845.01,19.6,731.2229,-0.166069,-0.262505,0.730977,12.39014,-17.83761,210.8406
92840.8,19.61,731.5981,-0.106011,-0.37481,1.178242,5.832287,-18.92995,210.9868
92840.8,19.61,731.5981,-0.554253,-0.47686,0.819844,10.63957,-21.57837,212.1314
92164.67,19.6,792.1986,-0.088921,-0.155571,0.69582,11.50301,-16.86605,220.4955
92193.34,19.56,789.6224,-0.276421,-0.412896,1.318379,12.04626,-15.2351,226.6535
92472.92,19.56,764.5261,-0.417534,-0.265923,0.879414,9.725906,-13.03902,233.0927
92342.33,19.56,776.2419,-0.073296,-0.194634,0.57668,8.370389,-17.53595,232.4199
92187.86,19.57,790.1165,-0.140679,-0.252251,1.35793,1.40805,-16.02027,231.2398
92187.86,19.57,790.1165,-0.431694,-0.315239,0.835469,2.125978,-17.23935,229.737
92046.79,19.58,802.8021,0.037544,-0.145317,0.771504,4.340343,-14.52462,229.0623
92070.36,19.6,800.683,-0.205132,-0.247368,1.227559,5.898029,-14.0311,237.632
92841.73,19.64,731.5135,-0.055718,-0.117974,1.012715,9.884886,-14.98675,243.8234
94619.12,19.65,573.8966,-0.241753,-0.308403,0.875996,11.24904,-16.01824,248.7491
94619.12,19.65,573.8966,-0.230034,-0.490532,1.176777,9.755276,-20.6404,248.7017
96377.57,19.66,420.2986,0.058052,-0.103325,0.782734,9.278908,-20.70813,244.2944
95909.13,19.69,460.9922,-0.134819,-0.157524,1.213887,8.338267,-13.98648,244.2672
92982.23,19.71,718.968,-0.253472,-0.491997,0.762715,6.580466,-8.558081,251.7782
93642.13,19.74,660.2355,-0.005913,-0.043267,0.693379,10.49304,-8.86642,252.281
95468.48,19.76,499.4188,0.017036,-0.081841,0.86916,9.031072,-9.758308,251.0518
95468.48,19.76,499.4188,0.417915,-0.369927,1.922871,2.191616,-3.341179,246.4149
92237.89,19.78,785.6194,-0.120171,-0.03106,0.447285,-2.193744,-3.145518,231.447
92044.59,19.76,803.0002,-0.483452,-0.494927,1.471211,3.756691,-1.400627,229.2741
92205.04,19.78,788.5708,-0.013726,-0.161919,0.7925,3.659525,-2.814776,236.3743
92333.38,19.83,777.0452,0.000923,-0.397759,0.715352,2.558431,-3.328798,241.3391
92742.03,19.86,740.4286,-0.007866,-0.381157,1.344746,2.526769,-3.583276,225.9445
92742.03,19.86,740.4286,-0.283257,-0.225884,0.748066,3.309692,-8.019396,202.8272
92833.45,19.89,732.256,-0.029351,-0.100884,1.034199,5.116466,-8.587759,188.0773
92828.27,19.9,732.7184,-0.112847,-0.116509,1.187031,1.050171,-0.964032,188.439
92817.46,19.87,733.6829,-0.219292,-0.058892,0.973164,4.519079,-4.205226,193.8643
92824.06,19.83,733.0936,-0.286187,-0.207329,0.942891,5.377034,-6.369975,197.7755
92824.06,19.83,733.0936,-0.079644,-0.407524,1.287617,1.974247,-7.116037,193.5011
92821.42,19.83,733.3288,-0.170952,-0.296196,0.774434,-1.035148,-9.464128,182.6819
92806.95,19.83,734.6235,-0.089409,0.062202,0.915059,-4.525504,-4.278623,184.531
92807.72,19.81,734.5548,-0.312554,0.066597,1.136738,6.949345,-7.591466,193.8431
92824.8,19.8,733.0275,-0.082085,-0.052056,0.759297,9.260689,-12.37346,210.9847
92610.48,19.83,752.2025,-0.170464,-0.349419,1.378438,7.50651,-10.85639,222.8017
92610.48,19.83,752.2025,-0.240288,-0.35479,0.917988,5.614534,-11.35845,224.4745
92629.44,19.85,750.5035,0.005806,-0.220024,0.662129,8.662538,-13.93886,218.736
92602.28,19.87,752.9344,-0.198784,-0.152642,1.286152,8.037386,-8.392752,217.7359
92826.03,19.9,732.9192,-0.14605,-0.213677,0.903828,9.413821,-9.584198,226.7235
92094.78,19.95,798.4846,-0.013237,-0.145806,0.579121,8.500434,-13.4166,229.6353
91981.86,19.98,808.6468,-0.111382,-0.171685,1.335957,5.363649,-11.24123,231.8936
91981.86,19.98,808.6468,-0.201714,-0.310356,0.92873,6.612148,-10.92763,226.4473
92451.42,20.01,766.455,0.20063,-0.219048,0.659199,4.538922,-12.02904,216.2892
92839.28,20.02,731.7328,-0.189995,-0.246392,1.260273,7.805042,-14.24418,211.5661
92823.3,20.04,733.1623,-0.543999,-0.452446,0.845723,6.965124,-14.44445,217.701
92838.99,20.06,731.7593,0.005806,-0.205376,0.720723,4.402349,-11.4772,217.819
92840.05,20.07,731.6668,-0.059624,-0.188774,1.044941,2.163987,-8.683161,215.9706
92840.05,20.07,731.6668,0.149849,0.027046,1.375508,0.346708,-6.277726,212.3139
92841.36,20.07,731.5479,-0.012261,-0.120415,0.855488,1.305928,-5.839387,211.5493
92834.57,20.08,732.1556,-0.217339,0.015327,1.117695,1.790921,-3.755641,214.677
92833.64,20.09,732.2375,0.131294,-0.020806,1.159199,0.674299,-2.773149,219.1947
92842.23,20.09,731.4713,-0.182183,-0.060356,0.848164,3.553445,-0.942526,223.7514
92842.23,20.09,731.4713,-0.084526,0.059761,0.965352,7.738572,2.042277,229.557
92841.94,20.09,731.4977,-0.169976,0.024116,1.021504,7.278954,1.080374,232.1356
92847.59,20.1,730.9904,-0.027886,0.112007,1.172871,2.308225,2.810812,233.6857
92849.72,20.12,730.8001,-0.023979,-0.053521,0.998066,2.619582,0.719351,235.8362
92851.62,20.14,730.631,0.032173,-0.081353,0.96291,1.838837,-0.456707,238.8138
92857.66,20.16,730.092,-0.042046,-0.04229,1.065449,1.799989,-1.759064,244.2167
92857.66,20.16,730.092,0.089302,0.135933,0.99416,-0.312389,0.912872,249.5295
92856.88,20.14,730.1607,0.070747,0.143257,1.012227,-1.819125,3.961043,252.8004
92862.81,20.14,729.6322,0.099067,0.074409,0.910176,-3.029584,4.391236,254.6532
92865.2,20.16,729.4182,0.088813,0.069038,0.98293,-3.062128,4.936032,255.0802
92867.97,20.17,729.1699,0.028267,0.097847,1.01418,-1.634838,5.32438,255.8477
92867.28,20.2,729.2333,0.025337,0.096382,1.041035,-1.674843,5.769314,258.0977
92867.28,20.2,729.2333,0.049751,0.099312,0.947773,-4.769166,4.654879,259.0996
92863.81,20.22,729.5424,0.031196,0.095405,0.980488,-2.768043,5.33068,259.238
92870.62,20.25,728.9347,0.057563,0.055854,1.002949,-2.833374,3.433314,259.7386
92870.17,20.27,728.9743,0.052681,0.092476,0.988789,-2.737787,4.24789,259.3599
92863.47,20.29,729.5715,0.055122,0.063179,1.010273,-2.616288,3.615895,259.7854
92863.47,20.29,729.5715,0.0102,0.06269,1.033223,-1.80281,3.57557,260.1471
92863.95,20.31,729.5292,0.05854,0.052437,0.964863,-3.081401,3.690604,260.4759
92863.78,20.33,729.545,0.021919,0.071479,0.996602,-1.360093,3.956648,260.4796
92863.91,20.34,729.5345,0.012642,0.066597,0.974629,-1.172902,4.180981,260.468
92865.94,20.35,729.3522,0.035591,0.087593,0.996113,-2.441147,4.682779,260.5652
92857.46,20.36,730.1105,0.03022,0.033882,0.989277,-2.156712,1.966651,260.6413
92857.46,20.36,730.1105,0.065376,0.042183,0.985371,-4.066542,2.098396,260.7006
92852.11,20.39,730.5887,0.057075,0.052437,0.98293,-2.678854,3.034795,260.8713
92850.7,20.41,730.7129,0.053657,0.053901,0.993184,-1.398257,3.270254,261.0419
92849.63,20.44,730.8107,0.023872,0.057319,1.007344,-0.726306,3.226517,261.0036
92847.23,20.47,731.0221,-0.023003,0.069038,0.998555,1.18012,3.919443,260.9694
92856.84,20.48,730.166,-0.001519,0.074409,0.988301,1.047486,4.742952,260.9615
92856.84,20.48,730.166,-0.009331,0.064155,0.993184,0.556625,3.741975,261.0423
92858.65,20.49,730.0048,0.02436,0.053901,0.998066,-1.555177,3.324449,261.7531
92840.41,20.52,731.6324,-0.002007,0.03144,0.99416,0.364637,1.37079,262.5852
92792.61,20.55,735.905,-0.000542,0.01728,0.997578,0.057174,0.86456,262.3254
92759.48,20.57,738.867,-0.041069,0.049507,0.990742,1.933764,1.353653,261.6493
92784.88,20.57,736.5973,-0.009819,0.044136,0.995625,0.57819,2.643434,261.6438
92784.88,20.57,736.5973,-0.045464,0.043159,1.005391,2.64095,2.485005,262.5533
92827.05,20.57,732.8267,-0.045952,0.047065,1.004902,2.538574,2.608295,263.9351
92850.6,20.59,730.7235,-0.034722,0.049507,0.973652,2.183051,2.943795,264.0452
92849.82,20.61,730.7922,-0.037163,0.053901,1.000508,1.868156,2.975845,263.5601
92807.73,20.62,734.5548,-0.033257,0.042183,1.001484,1.713069,2.417767,263.1611
92807.73,20.62,734.5548,-0.035698,0.011909,0.989277,1.702794,1.739502,263.1046
92759.09,20.64,738.904,-0.062554,0.078804,1.025898,1.511626,3.095934,263.0593
92795.06,20.64,735.6857,-0.00396,-0.102837,0.980977,2.727166,0.791638,262.0686
92841.59,20.65,731.5294,-0.109917,-0.017876,1.076191,3.470461,-0.373215,258.1849
92792.03,20.64,735.9578,-0.117241,0.040229,0.977559,5.921802,4.032583,252.3179
92815.02,20.63,733.9022,-0.13189,0.264351,0.971699,5.733685,6.288471,249.7829
92815.02,20.63,733.9022,0.027778,0.108589,0.972188,-0.144997,0.07239,248.1916
92818.4,20.56,733.601,0.012153,0.025581,0.968281,-1.087989,0.064184,248.8331
92820.25,20.51,733.4344,0.050728,-0.09356,0.990254,-1.977276,-2.936752,249.4807
92826.16,20.47,732.9086,0.026802,-0.022271,1.000996,-1.488476,-1.415867,249.4938
92827.31,20.42,732.803,0.029731,-0.079399,0.994648,-1.207088,-3.966497,249.7556
92836.56,20.38,731.9786,0.020454,-0.082329,1.004414,-0.469055,-4.609389,249.2591
92836.56,20.38,731.9786,-0.028374,-0.065239,0.994648,1.648883,-3.826532,248.4254
92830.63,20.34,732.507,-0.052788,-0.079888,1.000996,2.596431,-3.842224,247.773
92827.84,20.33,732.7554,-0.062065,-0.054985,0.988789,2.809107,-2.754497,247.636
92823.38,20.3,733.1544,-0.047905,-0.066704,0.998066,2.307805,-4.023844,247.6825
92825.8,20.28,732.9404,-0.051812,-0.064263,0.998555,2.565546,-3.414665,247.8763
92825.8,20.28,732.9404,-0.026909,-0.058892,1.005879,1.447078,-3.333153,247.7602
92816.7,20.26,733.7515,-0.011772,-0.042778,1.01125,1.917402,-2.918556,248.0361
92812.56,20.24,734.1215,-0.04644,-0.064263,1.004902,3.144362,-3.765153,248.0864
92817.8,20.23,733.6537,-0.043999,-0.095024,0.99709,2.677186,-3.933461,248.0566
92820.47,20.24,733.416,-0.01812,0.021675,1.013691,1.560724,-1.796237,247.713
92805.89,20.23,734.7186,-0.081597,-0.002251,0.972676,3.665885,-1.675973,246.2435
92805.89,20.23,734.7186,-0.096245,-0.030571,0.992695,5.223666,-1.781655,245.0157
92801.28,20.23,735.1308,-0.082085,0.008979,0.999043,5.981026,-1.94107,244.4483
92792.3,20.21,735.9341,-0.066948,-0.119927,0.998555,5.008784,-3.724109,245.229
92792.33,20.22,735.9314,-0.145562,-0.019829,1.003438,6.064467,-2.242174,246.3814
92792.48,20.23,735.9182,-0.072808,-0.005669,1.000996,5.881659,-2.589711,248.8128
92796.49,20.24,735.5588,-0.048882,-0.089653,0.97707,4.814148,-4.874716,249.7614
92796.49,20.24,735.5588,-0.111382,-0.109673,1.006855,5.963278,-6.083374,249.1115
92798.83,20.25,735.3501,-0.104058,-0.082329,0.989277,6.061153,-4.737343,248.4879
92688.09,20.24,745.256,-0.133354,-0.140435,0.996602,7.065013,-5.982803,248.3362
92791.58,20.25,735.9975,-0.117729,-0.057427,0.984395,5.76957,-5.879814,248.219
92811.25,20.24,734.2404,-0.096245,-0.101372,0.999043,6.622314,-5.656509,248.5102
92822.05,20.23,733.2733,-0.123589,-0.115044,0.982441,7.808212,-5.842292,249.2268
92822.05,20.23,733.2733,-0.141167,-0.11895,0.998066,7.145753,-6.433431,248.8413
92823.64,20.22,733.1306,-0.138237,-0.108208,1.010762,7.956188,-6.035674,248.8372
92825.58,20.22,732.9589,-0.112847,-0.108696,0.999531,5.726438,-6.300256,248.7398
92825.23,20.21,732.9905,-0.101128,0.029976,1.045918,3.830847,-4.288297,248.2323
92821.66,20.22,733.3076,-0.112847,-0.106743,1.018574,6.376415,-6.063664,248.8343
92821.66,20.22,733.3076,-0.04937,-0.182427,0.971699,5.112379,-6.488924,249.6579
92826.19,20.21,732.9034,-0.098687,-0.084771,0.984883,6.382661,-4.695328,250.9084
92824.59,20.18,733.046,-0.135308,-0.077446,0.986836,8.462647,-3.954219,252.0894
92824.77,20.16,733.0302,-0.145073,-0.106743,0.980488,9.172597,-5.144081,252.2716
92829.65,20.16,732.5942,-0.189507,-0.109673,0.963887,9.110725,-4.443423,252.6167
92826.08,20.13,732.9139,-0.119683,-0.032036,1.003438,8.402049,-4.512131,252.7296
92826.08,20.13,732.9139,-0.1773,-0.130181,0.937031,7.247995,-3.827541,253.3437
92825.56,20.1,732.9615,-0.127983,-0.053521,1.007344,7.220836,-3.067413,253.2161
92820.11,20.08,733.4477,-0.153374,0.006538,1.00832,6.357167,-2.59545,253.0123
92825.65,20.08,732.9536,-0.11187,-0.093071,0.998066,7.246651,-3.461037,254.2671
92821.81,20.06,733.2944,-0.116753,-0.098931,0.985371,7.818257,-4.081816,255.5235
92209.03,20.03,788.2141,-0.084526,-0.057915,0.996602,6.677041,-2.542334,255.2545
92209.03,20.03,788.2141,-0.101128,-0.142876,0.99123,4.36499,-6.646523,252.7383
92163.33,20.04,792.3202,-0.035698,-0.042778,0.998066,2.764779,-3.960933,252.6179
92134.42,20.05,794.9202,0.023384,-0.090142,0.976582,4.167897,-4.483802,251.5618
92592.56,20.08,753.8064,-0.110894,-0.214653,0.994648,5.743248,-11.37609,248.7213
92832.92,20.08,732.3009,-0.097222,-0.192681,0.964863,6.090494,-9.81566,250.838
92832.92,20.08,732.3009,-0.087456,-0.207329,0.990254,5.97717,-9.132483,251.2607
92465.57,20.09,765.1866,-0.115776,-0.158013,1.01125,5.682234,-8.84269,250.0091
92274.94,20.08,782.2927,-0.088433,-0.088188,0.993672,6.052111,-7.651275,249.2652
92199.15,20.08,789.1019,-0.122612,-0.149712,0.978535,5.235409,-6.242576,250.2014
92133.87,20.06,794.9704,-0.06646,-0.133599,1.033711,4.298642,-5.859958,250.5917
92178.12,20.04,790.9911,-0.051323,-0.052056,1.014668,3.763194,-3.884324,250.4526
92178.12,20.04,790.9911,-0.036187,-0.117974,0.976582,3.059971,-6.160066,250.8537
92114.7,20.01,796.6931,-0.079155,-0.131646,0.976582,4.775003,-7.732057,251.8515
92236.59,19.98,785.7357,-0.062554,-0.169731,1.050313,4.161913,-7.945692,251.2991
92184.2,19.94,790.4442,-0.062554,-0.192192,0.985371,2.428344,-9.181807,250.07
92119.35,19.93,796.2756,-0.093804,-0.138481,0.991719,2.051989,-7.611897,249.407
92136.68,19.96,794.7167,-0.050347,-0.083306,1.012227,1.687033,-6.476967,247.2661
92136.68,19.96,794.7167,-0.071831,-0.146782,0.98293,2.242749,-7.179944,245.0166
92275.29,19.97,782.261,-0.106011,-0.092095,0.970723,3.608243,-6.271005,244.0471
92366.92,19.94,774.0356,-0.112358,-0.158989,1.028828,4.867414,-7.384605,245.5872
92102.63,19.94,797.7791,-0.009819,-0.108208,0.98,4.134902,-5.33279,246.623
92111.45,19.93,796.9865,-0.095757,-0.111626,1.014668,4.919537,-5.83432,246.387
92288.99,19.91,781.0297,-0.092827,-0.059868,1.004414,5.502775,-4.334934,246.4289
92288.99,19.91,781.0297,-0.047417,-0.094536,0.98293,5.06566,-5.366668,247.0428
92173.05,19.9,791.4456,-0.064019,-0.140435,0.974141,4.399477,-6.628214,246.9951
92205.22,19.89,788.5549,-0.089409,-0.244438,0.967793,6.249276,-4.46757,246.6949
92257.15,19.88,783.8913,-0.12896,-0.10772,0.990254,6.950329,-5.17746,246.1573
92228.17,19.88,786.494,-0.091362,-0.093071,0.981953,5.191358,-4.564168,246.3424
92228.17,19.88,786.494,-0.103569,-0.135063,0.981465,5.098783,-4.716926,246.8712
92280.43,19.87,781.7986,-0.150444,-0.057427,0.999531,6.914012,-3.291026,246.6373
92606.77,19.86,752.5355,-0.134819,-0.052544,1.009297,7.155558,-2.949969,247.0111
92668.7,19.87,746.9893,-0.064019,-0.060356,0.986836,4.265188,-3.137084,247.6332
92495.68,19.88,762.4863,-0.086479,-0.099419,0.990742,4.695877,-5.032747,247.2243
92706.22,19.87,743.6337,-0.343315,0.003608,1.102559,5.979939,-5.77529,244.569
92706.22,19.87,743.6337,0.006294,-0.057427,0.901387,4.301874,-0.648054,244.2591
92841.95,19.84,731.4951,-0.151909,-0.173149,1.00002,6.180607,-2.913498,244.8597
92735.86,19.79,740.9808,-0.068413,0.022163,0.981465,5.871654,-0.409582,244.6938
92825.39,19.76,732.9747,-0.145562,-0.018853,1.02248,8.027759,-1.421422,245.3979
92796.96,19.74,735.5166,-0.098198,-0.040337,0.996113,5.829492,-2.056717,245.8954
92760.48,19.71,738.7772,-0.09478,-0.064263,1.007832,5.815275,-3.659649,246.2158
92760.48,19.71,738.7772,-0.123589,-0.044243,0.985371,7.544905,-2.414269,246.5207
92745.17,19.69,740.1485,-0.06939,-0.070122,0.981953,5.309251,-3.304351,246.1889
92685.43,19.67,745.4938,-0.083062,-0.072075,0.996113,5.640907,-3.299095,245.2894
92803.75,19.66,734.9089,-0.10894,-0.042778,0.979512,6.207641,-2.884767,245.194
92820.44,19.65,733.4186,-0.085015,-0.036919,1.002949,4.661325,-1.77353,244.5713
92820.44,19.65,733.4186,-0.111382,-0.032524,0.978535,6.436319,-1.797204,244.4526
92834.41,19.63,732.1688,-0.098687,-0.044243,1.003926,5.413013,-2.6098,244.6392
92819.53,19.62,733.5005,-0.109917,-0.061333,0.974141,6.180353,-2.979738,245.4336
92787.77,19.6,736.3383,-0.106011,-0.049614,0.988789,6.125409,-2.898727,245.9448
92698.66,19.57,744.3074,-0.113335,-0.067681,0.999043,6.675573,-4.153081,246.1981
92670.28,19.56,746.8493,-0.089897,-0.032524,1.003438,5.480201,-3.282888,245.6237
92670.28,19.56,746.8493,-0.137749,-0.023247,0.995625,6.912317,-1.807256,245.5349
92769.86,19.55,737.9395,-0.126519,-0.063286,0.998066,7.226052,-2.378859,245.1316
92807.53,19.53,734.5706,-0.120171,-0.051567,0.994648,6.902343,-2.628185,245.0469
92803.59,19.53,734.9247,-0.104058,-0.045708,0.991719,5.964754,-2.801536,245.2418
92809.72,19.52,734.3777,-0.111382,-0.040337,0.993672,6.201395,-2.283714,245.1336
92814.2,19.5,733.9761,-0.083062,-0.04522,0.98,6.177471,-1.786616,245.0067
92814.2,19.5,733.9761,-0.141655,-0.026665,1.006855,7.160511,-1.093884,245.4589
92813.57,19.51,734.0316,-0.126519,-0.035454,0.999043,7.234421,-2.055812,245.6212
92796.73,19.5,735.5377,-0.121636,-0.037896,1.003438,7.167566,-2.037955,245.2527
92821.28,19.49,733.342,-0.117729,-0.031548,0.999531,6.763141,-1.97227,244.8374
92834.49,19.49,732.1635,-0.123101,-0.029106,0.989277,6.865164,-1.821683,244.5988
92842.22,19.51,731.4713,-0.118218,-0.011528,0.987813,6.436224,-1.084928,244.5692
92842.22,19.51,731.4713,-0.151909,-0.038384,0.998555,8.30869,-1.464196,244.8409
92842.58,19.51,731.4396,-0.138726,-0.031548,0.985859,8.132096,-1.442061,244.9918
92825.2,19.52,732.9932,-0.145073,-0.023735,0.986348,8.414962,-1.267603,244.9849
92835.08,19.52,732.1107,-0.133354,-0.034478,0.986836,8.556954,-1.534558,244.8818
92808.85,19.53,734.4544,-0.152397,-0.052544,0.987324,9.182781,-2.993131,243.8262
92808.85,19.53,734.4544,-0.101616,0.004585,0.975605,8.61117,-1.014446,243.3227
92834.84,19.53,732.1318,-0.145073,0.010933,1.005879,8.421253,-0.454281,243.2657
92844.24,19.55,731.2916,-0.185601,-0.053032,1.014668,9.603293,-2.290014,243.2344
92833.98,19.55,732.2084,-0.141655,0.012397,0.985371,7.996575,-0.285254,243.798
92826.62,19.53,732.8664,-0.144585,-0.000298,0.986348,7.676168,-0.569718,244.1006
92831.45,19.52,732.433,-0.149468,-0.03106,1.006855,8.458621,-1.228847,244.2493
92831.45,19.52,732.433,-0.137749,-0.075005,0.969746,8.066706,-3.407839,244.1659
92802.66,19.5,735.0066,-0.090874,-0.024224,0.981465,5.937284,-2.335371,244.0024
92821.64,19.49,733.3103,-0.151421,-0.020317,0.992695,7.244265,-1.77689,243.8376
92828.21,19.49,732.7237,-0.134331,0.013374,0.990742,8.193254,-0.68826,243.3842
92850.77,19.51,730.7076,-0.138726,-0.006646,0.998555,7.887273,-0.063875,242.5618
92857.05,19.51,730.1448,-0.255913,0.098823,1.016621,10.12938,1.32181,243.3812
92857.05,19.51,730.1448,-0.150933,-0.071587,1.021992,9.309942,-0.738744,242.8375
92850.98,19.5,730.6891,-0.105034,-0.01104,0.960469,6.345014,-0.270466,242.9788
92847.58,19.45,730.993,-0.102104,-0.021782,0.951191,6.731108,-0.655708,243.6292
92849.55,19.41,730.816,-0.119683,0.022163,0.985371,7.609537,-0.716889,243.7322
92853.31,19.39,730.4804,-0.07769,0.005562,0.996602,6.582807,-0.25222,244.4172
92853.31,19.39,730.4804,-0.134331,-0.033013,0.983906,5.979697,-0.918427,244.7008
92845.3,19.35,731.1965,-0.193901,-0.116021,0.924824,9.571055,-2.147115,245.1699
92841.31,19.3,731.5532,-0.171929,-0.004692,0.939961,11.42105,-0.028636,246.3713
92846.55,19.27,731.0855,-0.37896,-0.075005,0.988301,13.78667,-1.134918,245.2283
92845.02,19.21,731.2202,-0.16314,-0.012017,0.96877,12.07741,-0.26965,242.7276
92848.37,19.15,730.9216,-0.29937,-0.051567,0.940938,10.86699,-0.052667,239.0006
92848.37,19.15,730.9216,-0.211968,0.022163,0.951191,11.31154,-0.581034,235.7473
92851.06,19.12,730.6812,-0.245659,0.039253,0.996113,12.81656,-1.067097,234.2149
92850.45,19.09,730.7367,-0.267632,-0.055474,0.940449,14.74896,-1.582274,235.9332
92850.95,19.07,730.6918,-0.266655,-0.022759,0.975117,15.28345,-2.204217,237.2202
92845.2,19.05,731.2044,-0.238823,-0.140435,0.932148,15.8838,-4.641325,238.0639
92833.3,19.05,732.2692,-0.170464,-0.086724,0.953633,14.60607,-4.846561,237.3757
92833.3,19.05,732.2692,-0.178765,-0.025688,0.938496,13.9314,-3.290239,236.0195
92852.84,19.03,730.5227,-0.299858,-0.046196,0.982441,14.43085,-3.643642,235.0236
92827.46,19.02,732.7897,-0.310112,-0.088677,1.009785,14.67898,-4.099532,235.2451
92807.08,19.02,734.6129,-0.113823,-0.067681,0.987324,12.58465,-3.980804,235.2027
92748.84,19.01,739.8182,-0.127007,-0.054985,1.034688,9.692185,-4.282908,235.1653
92748.84,19.01,739.8182,-0.176323,-0.134087,1.007832,6.531101,-6.027479,235.5856
92491.25,19.02,762.8826,-0.045464,-0.091606,0.964375,5.177158,-8.001758,234.2601
92186.96,19.03,790.1958,-0.076226,-0.145806,0.986348,4.737486,-6.791547,234.2458
92666.41,19.02,747.1954,-0.079644,-0.063774,0.986836,2.215921,-3.610419,232.7217
92831.88,19,732.3961,-0.027886,-0.032036,1.006367,2.57402,-3.092103,230.2523
92827.02,18.97,732.8294,-0.040581,-0.10479,1.004902,3.20368,-3.502867,230.0268
92827.02,18.97,732.8294,-0.112847,-0.157524,0.999043,3.084151,-6.00801,226.599
92818.73,18.96,733.5718,-0.155327,-0.073052,1.044453,4.001692,-4.507331,220.4174
92821.59,18.99,733.3156,0.020942,-0.030083,0.988301,1.021896,0.086873,211.53
92819.05,19,733.5428,-0.001519,0.049507,0.987324,1.463547,1.910086,203.4922
92811.16,19,734.2483,-0.036675,-0.091118,0.961934,2.721118,-3.624437,198.4266
92806.3,19.01,734.6816,-0.156304,0.075386,1.047383,4.597961,-2.819185,195.0815
92806.3,19.01,734.6816,-0.210015,-0.109673,1.038594,5.481638,-5.670055,193.4543
92795.66,18.96,735.6328,-0.110405,-0.180962,0.942891,5.503708,-4.256536,193.4081
92799.07,18.87,735.329,-0.181694,-0.081841,0.987813,8.272187,-1.018372,195.7703
92803.3,18.79,734.9511,-0.190972,0.115913,0.956563,10.53064,0.382817,195.9791
92798.02,18.75,735.4214,-0.199272,-0.064263,1.062031,5.675463,0.070172,193.2776
92782.05,18.73,736.851,0.018013,-0.045708,0.954609,-2.600091,-3.127663,177.6909
92782.05,18.73,736.851,-0.003472,-0.094048,1.026875,-5.264081,-5.453985,171.1512
92779.59,18.72,737.0703,0.091743,-0.175591,0.944844,-6.962596,-9.156131,169.8368
92776.44,18.69,737.353,0.162056,-0.216118,0.963887,-5.583764,-12.98118,173.2682
92767.91,18.66,738.114,0.150825,-0.302056,0.959492,-1.537116,-14.4091,179.637
92772.58,18.63,737.6965,-0.087944,-0.18438,0.933125,14.3085,-9.057718,198.3883
92772.58,18.63,737.6965,-0.530327,0.043647,0.963398,28.10649,-4.498771,214.3369
92818.11,18.58,733.6273,-0.781304,-0.496392,0.850605,35.87438,-10.29673,222.4558
92809.73,18.57,734.3751,-0.528862,-0.362603,0.805195,37.4028,-14.47836,221.6873
92852.77,18.6,730.5306,-0.513726,-0.145806,0.834492,36.37911,-9.272348,227.5233
92791.37,18.64,736.016,-0.505913,-0.438286,0.854512,34.25214,-9.393,232.2672
92860.05,18.64,729.878,-0.551323,-0.048149,0.854023,32.81195,-6.611509,236.2712
92860.05,18.64,729.878,-0.564019,-0.183892,0.905781,27.49338,-8.401419,230.1019
92850.16,18.64,730.7605,-0.434624,-0.063774,0.879414,23.69709,-4.810892,224.2913
92811.8,18.65,734.1901,-0.433159,-0.162896,0.943379,20.79826,-7.946169,219.1319
92821.48,18.66,733.3235,-0.332573,-0.183892,0.925313,17.82524,-6.780718,217.7121
92827.33,18.69,732.803,-0.2398,-0.081353,0.936055,15.58757,-4.348791,215.9745
92831.34,18.66,732.4436,-0.31646,-0.072075,0.961445,17.7607,-3.714211,216.6916
92831.34,18.66,732.4436,-0.331597,-0.010552,0.949238,19.40726,-1.096595,218.1988
92833.91,18.62,732.2137,-0.337944,-0.12188,0.954609,18.36132,-5.456125,215.8427
92835.38,18.6,732.0816,-0.290093,-0.117485,0.951191,16.54055,-9.584244,213.9372
92812.39,18.6,734.1373,-0.289116,-0.296196,0.971211,16.00843,-10.6646,211.8074
92831.02,18.6,732.4727,-0.273003,-0.137017,0.951191,15.86887,-7.233523,211.182
92831.02,18.6,732.4727,-0.311577,-0.07647,0.963887,16.56649,-6.33776,212.1882
92836.9,18.59,731.9468,-0.260796,-0.213677,0.949238,14.83726,-11.21463,210.6458
92809.83,18.58,734.3672,-0.227593,-0.231255,0.953145,12.80359,-13.79171,209.0229
92794.95,18.57,735.6962,-0.215874,-0.231255,0.961445,12.11775,-13.61856,208.1476
92806.71,18.56,734.6447,-0.116753,-0.227837,0.950215,11.24143,-11.9212,208.3412
92811.22,18.59,734.243,-0.224175,-0.213188,0.98293,13.03811,-11.5141,207.1253
92811.22,18.59,734.243,-0.286675,-0.122368,0.960469,17.41219,-7.504051,208.244
92825.47,18.6,732.9694,-0.297905,-0.116997,0.94875,16.96017,-7.542364,207.9325
92826.29,18.58,732.8954,-0.236382,-0.208306,0.940938,14.32724,-11.3869,207.1653
92816.4,18.58,733.778,-0.284722,-0.129692,0.966816,14.31844,-11.08895,206.967
92811.64,18.56,734.2034,-0.250054,-0.287896,0.924336,14.53282,-15.88408,206.1727
92754.53,18.53,739.3109,-0.318413,-0.258599,0.922383,18.00647,-16.19314,205.3907
92754.53,18.53,739.3109,-0.336968,-0.301079,0.946797,17.94536,-18.05938,203.3235
92720.22,18.58,742.3785,-0.273979,-0.274712,0.927754,14.53824,-17.38329,202.9782
92364.11,18.61,774.2867,-0.245171,-0.361626,0.929219,14.15533,-18.85359,202.2151
92478.75,18.65,764.0056,-0.252983,-0.299614,0.943867,12.0008,-19.42351,200.9178
92494.04,18.67,762.6342,-0.125054,-0.447075,0.918477,7.364728,-22.15757,198.4492
92494.04,18.67,762.6342,-0.104058,-0.408013,0.949238,5.080946,-23.13634,197.1377
92549.53,18.63,757.6615,-0.048394,-0.354302,0.954609,2.940599,-20.12751,197.2099
92766.41,18.57,738.2487,-0.072319,-0.348931,0.961445,4.203271,-18.76717,197.7883
92781.44,18.49,736.9037,-0.087456,-0.325981,1.005391,4.579051,-18.196,198.3887
92785.7,18.46,736.5233,-0.181206,-0.241509,0.974629,6.229928,-14.18409,199.2416
92790.9,18.45,736.0582,0.021919,-0.241021,0.988301,4.458175,-11.82105,196.622
92790.9,18.45,736.0582,-0.014702,-0.142388,0.923848,4.449495,-10.42708,196.2242
92787.55,18.48,736.3594,-0.002495,-0.289849,0.982441,3.642089,-12.8664,194.5755
92779.56,18.5,737.0729,0.023872,-0.387017,0.96584,2.142395,-14.31786,195.8005
92783,18.55,736.7637,-0.028862,-0.205864,0.984883,1.521838,-12.02667,198.1642
92787.17,18.58,736.3912,-0.127007,-0.209282,1.048359,0.908157,-11.00173,198.9526
92781.42,18.59,736.9064,-0.019097,-0.209771,0.930195,0.098403,-12.47451,196.0033
92781.42,18.59,736.9064,-0.101616,-0.242485,0.995137,4.685773,-14.34857,193.1189
92770.75,18.58,737.8603,-0.152886,-0.276665,0.973164,8.058589,-16.49568,193.6638
92770.89,18.49,737.847,-0.137749,-0.301079,0.935566,8.320296,-18.01716,196.0153
92774.84,18.38,737.4957,-0.090386,-0.349419,0.953633,9.396447,-20.00675,197.2405
92773.28,18.29,737.6331,-0.152397,-0.349419,0.965352,8.298434,-19.87051,197.5888
92773.28,18.29,737.6331,-0.154839,-0.305474,0.947773,8.160564,-18.77442,197.7083
92779.19,18.22,737.1072,-0.169487,-0.327446,0.993184,9.308907,-17.89233,198.588
92771.52,18.18,737.7916,-0.167046,-0.32354,0.970723,8.802809,-17.03292,198.4219
92773.94,18.16,737.5749,-0.117729,-0.318169,0.966816,6.224998,-17.38577,198.4943
92771.39,18.13,737.8021,-0.121636,-0.235649,0.971699,6.065481,-14.19953,198.9604
92769.77,18.13,737.9474,-0.064019,-0.278618,0.96877,5.188233,-12.56328,200.3772
92769.77,18.13,737.9474,-0.033745,-0.202935,0.880391,2.433146,-10.71659,202.381
92769.52,18.14,737.9713,-0.013237,-0.033989,1.074238,2.771497,-8.049834,205.6259
92786.22,18.14,736.4783,-0.03521,-0.076958,0.985859,1.390659,-9.095149,204.502
92782.16,18.12,736.8403,0.034126,-0.195122,0.939473,0.799925,-8.299701,205.3739
92779.06,18.11,737.1178,0.043403,-0.179009,0.943867,1.094938,-6.221285,205.9496
92783.89,18.1,736.6844,-0.022515,-0.160454,1.000508,0.996722,-8.655891,208.2715
92783.89,18.1,736.6844,0.021919,-0.173638,1.006367,-0.16538,-9.273384,212.9892
92786.25,18.1,736.4731,0.017524,-0.122856,1.002461,-0.432127,-7.259596,218.298
92784.48,18.09,736.6316,0.032173,-0.105767,1.037617,-1.351679,-5.774578,222.7432
92785.2,18.1,736.5682,0.040962,-0.136528,0.989766,-0.58591,-6.719434,229.8891
92263.56,18.08,783.3127,0.067817,-0.118462,1.021016,-0.546337,-5.052818,242.225
92778.05,18.04,737.2076,-0.100151,-0.240532,0.984883,0.180894,-4.77117,253.822
92778.05,18.04,737.2076,-0.130425,-0.048149,1.076191,0.853376,-3.008486,260.2668
92781.72,18.01,736.88,-0.027397,-0.13897,1.040059,0.912414,0.808502,264.6019
92776.14,18.01,737.3794,0.045356,0.052925,0.972676,-1.883855,1.823558,267.1821
92775.16,18.01,737.4666,0.022896,-0.09356,0.988789,-3.045883,-5.207924,273.8205
92772.43,18,737.7097,0.124946,-0.137505,0.958516,-4.447802,-5.108611,283.262
92772.43,18,737.7097,0.04145,-0.026177,1.022969,-4.790631,-4.527683,289.2237
92766.85,17.96,738.209,0.083442,-0.180474,1.023945,-4.723521,-9.384393,291.6535
92767.97,17.94,738.1086,0.114204,-0.146294,1.060078,-5.054824,-8.285338,292.2168
92766.16,17.92,738.2698,0.127876,-0.160454,0.962422,-6.187335,-6.82658,295.1049
92763.23,17.89,738.5314,0.201118,-0.143853,0.968281,-7.69461,-5.738738,296.0065
92759.75,17.84,738.8432,0.124946,-0.103325,1.016621,-8.130807,-5.557894,294.3801
92759.75,17.84,738.8432,0.163032,-0.065728,0.996602,-9.580532,-4.15443,295.4208
92762.41,17.77,738.6054,0.202095,-0.051567,1.004902,-10.41262,-2.338014,296.6887
92765.69,17.74,738.3121,0.206978,-0.012017,0.970234,-10.35449,-0.039758,297.7668
92764.47,17.75,738.4204,0.163521,0.03144,0.96584,-9.745211,0.593396,298.485
92765.88,17.76,738.2963,0.131294,-0.09063,0.998555,-9.049891,-2.003773,298.6454
92763.66,17.77,738.4944,0.153755,-0.007134,0.981953,-8.809818,-0.500589,300.8323
92763.66,17.77,738.4944,0.151313,-0.081841,0.981953,-9.133957,-1.898992,303.1434
92763.52,17.75,738.5076,0.177192,-0.017876,0.986836,-9.652408,-0.690603,304.4084
92762.6,17.76,738.5895,0.216255,-0.049614,0.988301,-9.909444,-0.496043,304.3034
92768.77,17.75,738.0373,0.174263,-0.085747,0.96584,-10.06965,-0.735109,302.8645
92769.45,17.76,737.9766,0.085396,-0.009087,1.011738,-8.154029,-0.459831,301.0221
92769.45,17.76,737.9766,0.14936,0.011421,1.007832,-8.669289,0.742199,302.3015
92769.98,17.74,737.929,0.164009,-0.038384,0.989766,-8.874303,-0.367963,304.4382
92769.13,17.72,738.0056,0.164497,0.040718,0.999043,-8.541715,0.548385,305.5904
92768.38,17.71,738.0717,0.197212,-0.035454,0.987324,-9.87995,-0.361401,306.8497
92771.06,17.72,737.8312,0.187935,0.045601,0.964863,-9.162917,0.869906,306.6639
92766.3,17.7,738.2593,0.155708,-0.05938,1.012227,-9.008773,-1.417484,306.8749
92766.3,17.7,738.2593,0.142524,-0.00811,1.001484,-7.66489,-0.557395,307.0618
92763.41,17.67,738.5182,0.137642,-0.02813,0.984883,-7.858874,-1.720969,307.1883
92771.64,17.64,737.781,0.129341,0.003608,0.998555,-8.097274,-0.918335,306.6031
92769.17,17.63,738.0003,0.228462,-0.021782,0.887227,-9.523204,0.036035,309.9212
92767.63,17.6,738.1404,0.046333,-0.276177,0.935078,-9.962355,-3.581521,309.3149
92766.67,17.57,738.2249,0.115669,-0.135063,0.952168,-10.14417,-4.086881,310.4591
92766.67,17.57,738.2249,0.179146,-0.11895,1.013691,-10.11563,-4.956316,309.3319
92764.97,17.56,738.3782,0.184517,0.007515,0.943379,-10.72743,-3.244172,306.145
92767.23,17.56,738.1747,0.101509,-0.176079,1.033711,-10.1151,-8.282276,301.3621
92769.59,17.57,737.9633,0.181099,-0.061821,0.951191,-9.752177,-6.126419,300.2262
92763.66,17.56,738.4944,0.215767,-0.139458,0.996602,-9.4456,-6.494606,300.1826
92763.66,17.56,738.4944,0.182563,-0.204399,0.95998,-9.422825,-5.368809,300.4499
92763.29,17.56,738.5287,0.188911,-0.127739,0.97707,-10.93905,-5.971673,298.9186
92767.09,17.55,738.1879,0.074165,-0.053032,1.004902,-8.65428,-6.069624,299.6302
92768.86,17.53,738.0294,0.214302,-0.074028,0.989766,-9.105139,-5.297231,298.8355
92767.64,17.5,738.1377,0.117134,-0.079888,1.019063,-8.450065,-6.189423,298.0159
92767.8,17.49,738.1245,0.154243,-0.118462,1.003926,-8.651404,-6.411271,298.1521
92767.8,17.49,738.1245,0.189888,-0.039849,0.975117,-10.25308,-2.061619,299.1572
92769.27,17.47,737.9924,0.189399,0.007026,0.983906,-10.61588,0.286357,300.7827
92769.66,17.44,737.958,0.195259,-0.049126,0.974629,-11.63934,-0.721104,299.6333
92772.64,17.41,737.6912,0.302192,-0.15313,0.956563,-14.43832,-5.07867,291.0084
92776.78,17.37,737.3212,0.241157,-0.003716,0.964863,-14.73376,-1.290254,289.1543
92777.7,17.33,737.2393,0.060005,-0.020806,1.032246,-12.1862,-2.981834,291.588
92777.7,17.33,737.2393,0.203071,-0.061821,0.980488,-11.04017,-4.058953,297.8524
92790.02,17.31,736.1375,0.227974,-0.017388,0.963887,-8.641984,-4.054467,302.2722
92788.08,17.32,736.3119,-0.01812,-0.149712,1.038105,-7.997523,-10.06153,301.7681
92776.28,17.32,737.3661,0.07856,-0.168267,1.020527,-8.082361,-11.92138,295.8329
92772.2,17.3,737.7308,0.139106,-0.098442,0.981953,-5.555096,-11.46252,292.7184
92772.2,17.3,737.7308,0.23188,-0.234185,0.996113,-6.604488,-13.8258,289.6761
92775.34,17.29,737.4507,-0.079155,-0.1502,1.013203,-3.027819,-12.52664,286.2029
92770.53,17.27,737.8788,0.026313,-0.183892,0.997578,-0.437066,-12.67955,286.7216
92777.41,17.23,737.2657,0.004341,-0.163872,0.999043,0.820704,-8.685153,284.9241
92771.34,17.22,737.8074,-0.03228,-0.209771,1.013203,1.134755,-10.42683,285.1566
92775.63,17.22,737.4243,-0.148491,-0.129204,0.967305,5.274463,-8.387397,286.3831
92775.63,17.22,737.4243,-0.175347,-0.339165,1.035176,7.225812,-8.637921,286.973
92793.69,17.22,735.8099,-0.133843,0.152046,0.990742,2.442017,0.101524,283.1486
92773.63,17.21,737.6039,0.160103,-0.21856,1.025898,4.006676,-1.833348,284.5214
92786.42,17.22,736.4598,-0.167534,0.163765,0.953633,2.494764,2.142817,287.0001
92775.63,17.22,737.4243,-0.092827,-0.063774,0.932148,3.631809,2.288025,292.6098
92783.62,17.2,736.7109,-0.226616,-0.014458,1.019063,3.12423,1.003567,291.2123
92783.62,17.2,736.7109,-0.026421,-0.12188,0.940449,0.090602,-1.916425,289.3603
92770.34,17.18,737.8973,0.068306,0.028022,0.976094,-4.514477,1.155186,286.1797
92785.48,17.19,736.5417,-0.060601,-0.024712,1.039082,-5.018015,2.35599,282.0569
92813.47,17.17,734.0422,-0.014214,-0.035942,0.996602,-2.975598,1.094301,280.1693
92820.58,17.16,733.4054,0.074165,-0.102349,1.036152,-4.333549,-0.753945,278.6126
92820.58,17.16,733.4054,0.039497,-0.080864,0.980977,-4.087762,0.100383,278.2052
92823.95,17.17,733.1042,0.099067,-0.086724,0.981953,-1.511462,0.135727,276.9267
92816.74,17.17,733.7489,-0.024956,-0.055474,1.01125,1.166002,2.583772,274.5505
92818.21,17.15,733.6168,-0.041069,0.005562,0.995137,0.627652,1.291093,271.6754
92832.72,17.13,732.3194,0.177681,0.075874,0.895527,0.759975,3.979222,270.7565
92831.27,17.11,732.4489,0.019966,0.027534,0.979512,1.654562,4.511804,271.6327
92831.27,17.11,732.4489,0.043892,0.140327,0.898457,-0.818864,6.9557,271.6501
92837.94,17.09,731.8544,0.0102,-0.102837,1.016133,-0.079095,6.444341,268.6619
92831.84,17.07,732.3987,0.037544,0.232612,0.959492,1.028156,10.9367,265.0854
92830.2,17.07,732.5466,-0.072808,0.120308,0.958027,3.421291,10.42976,265.1205
92823.72,17.08,733.1253,0.033149,0.236519,0.933613,3.520821,10.55509,265.0789
92812.06,17.09,734.1664,-0.117729,0.124214,1.004902,6.465266,7.902048,264.4271
92812.06,17.09,734.1664,-0.194878,0.248726,0.982441,6.35202,10.90799,265.4788
92808.63,17.11,734.4755,-0.031792,0.277046,0.979512,2.62141,12.29146,266.9198
92821.5,17.12,733.3235,0.066353,0.233589,0.939473,-0.155524,7.437508,266.1272
92830.72,17.12,732.4991,-0.031792,0.022651,0.997578,2.01528,0.889688,269.1329
92820.59,17.12,733.4054,-0.020073,-0.025688,1.021016,0.782155,-1.709128,269.3868
92820.59,17.12,733.4054,0.040962,-0.097954,0.972188,-0.322914,-5.317636,269.8132
92818.92,17.12,733.5533,0.129829,0.129097,1.035664,0.006746,-5.543084,271.1091
92818.23,17.12,733.6168,0.039985,0.181831,1.013203,-0.689769,-2.658017,271.4872
92822.35,17.1,733.2469,-0.149468,-0.078911,0.998066,1.074183,-6.388211,270.5073
92812.94,17.08,734.0871,-0.127495,-0.194146,1.089863,2.7416,-11.05833,272.2181
92809.48,17.06,734.3962,-0.278374,-0.044243,1.110371,6.902037,-9.026006,272.3733
92809.48,17.06,734.3962,-0.232476,-0.278618,0.971699,6.752639,-8.844848,269.9111
92807.78,17.06,734.5495,-0.019097,-0.248345,0.942891,4.94235,-10.65503,268.3925
92809.48,17.06,734.3962,0.056587,-0.26104,0.993672,4.958742,-10.5984,267.7591
92804.51,17.06,734.8428,-0.058159,-0.059868,1.004414,4.447993,-10.14373,268.5966
92795.59,17.05,735.6381,-0.176323,-0.229302,0.958027,6.978799,-12.59531,267.3869
92792.12,17.06,735.9499,-0.077202,-0.057915,0.990254,5.818236,-10.24174,267.2823
92792.12,17.06,735.9499,-0.043999,-0.263481,0.933125,4.260391,-11.77162,266.2324
92788.88,17.07,736.2405,0.035103,-0.180962,1.020527,1.778741,-9.732826,269.0662
92780.61,17.06,736.9777,-0.036187,-0.222466,1.020039,2.674861,-6.842587,267.2908
92775.73,17.06,737.4138,-0.115288,-0.134087,0.947773,5.960223,-9.00328,268.2508
92789.53,17.07,736.1798,-0.208062,0.001655,1.089375,3.680638,-10.87087,267.5614
92789.53,17.07,736.1798,0.088325,-0.196587,1.043965,4.860373,-10.78045,264.1551
92799.13,17.04,735.3237,-0.014702,-0.126763,1.027852,2.301805,-11.48533,261.1549
92814.2,16.98,733.9761,-0.105034,-0.341606,0.970234,6.548241,-14.99799,256.6416
92807.86,16.9,734.5416,-0.012749,-0.126274,1.035664,3.860294,-9.298448,256.6255
92808.52,16.84,734.4835,-0.060112,-0.120903,1.017109,2.344525,-7.388844,255.7733
92829.03,16.79,732.6497,0.04731,-0.152153,0.999531,-1.151738,-7.055543,254.6537
92829.03,16.79,732.6497,-0.021538,-0.106743,1.026387,0.33169,-6.313945,251.7148
92835.27,16.76,732.0922,-0.016167,-0.16436,0.986348,0.158969,-7.572065,250.5301
93183.79,16.73,700.9926,0.029243,-0.129692,0.995625,-1.630859,-7.175861,250.7605
93057.9,16.75,712.2144,0.028267,-0.146782,0.99709,-1.425789,-8.000424,249.5238
92867.26,16.78,729.2333,0.018501,-0.129204,0.998555,-1.131464,-7.207922,249.116
92817.94,16.8,733.6406,0.02729,-0.114067,1.004902,-1.440541,-6.611277,248.9532
92817.94,16.8,733.6406,0.025337,-0.125298,1.002949,-1.772576,-6.914784,248.4064
92731.56,16.81,741.3666,0.004341,-0.13897,1.001484,-0.130068,-7.78261,247.9202
92593.53,16.79,753.7192,0.019966,-0.114556,1.004902,-1.232908,-6.339847,247.7716
92449.2,16.8,766.6531,0.016548,-0.134575,1.00832,-1.014982,-7.484674,247.9192
92531.47,16.81,759.2786,0.049263,-0.124321,0.989277,-2.500636,-7.272924,248.8802
92531.47,16.81,759.2786,-0.001519,-0.079888,1.003926,-1.697577,-5.015892,250.386
92539.33,16.81,758.5757,-0.046929,-0.134575,1.03127,0.861241,-5.742856,250.2285
92416.58,16.82,769.5807,0.02436,-0.061821,0.986836,-0.861551,-3.795648,251.4319
92281.57,16.84,781.6982,0.031196,-0.051567,1.023945,-0.416602,-2.661748,254.2025
92597.28,16.88,753.3836,0.02729,-0.141411,0.964375,0.573224,-4.604806,256.2075
92650.26,16.9,748.6407,0.053657,-0.035454,1.013691,-0.846231,-3.455049,257.0046
92650.26,16.9,748.6407,0.020942,-0.040825,0.99416,-1.646939,-4.178942,258.2887
92613.86,16.9,751.8987,-0.091851,-0.112114,1.037129,-0.174852,-4.036874,258.9922
92805.38,16.88,734.7635,0.062935,-0.042778,0.986836,-2.798614,-2.629252,259.9296
92787.2,16.9,736.3912,-0.026909,-0.128228,0.992207,-1.242803,-4.915538,260.3257
92593.66,16.91,753.7086,-0.013726,-0.039849,1.021504,-0.972093,-2.732234,259.6446
92510.48,16.91,761.1599,0.027778,-0.034966,1.001973,-1.734388,-2.436165,258.6711
92510.48,16.91,761.1599,0.01313,-0.075981,1.009785,-0.875408,-4.570311,258.2577
92506.16,16.9,761.5456,0.000435,-0.054985,1.021992,-0.735996,-3.119885,257.6114
92399.38,16.9,771.1212,0.001899,-0.065728,1.004414,-0.776174,-2.924917,257.1606
92366.72,16.91,774.0541,0.006782,-0.05645,1.007344,-0.639457,-3.081392,256.6964
92394.45,16.94,771.5651,-0.009819,-0.074028,1.015156,0.478323,-4.377286,255.5544
92394.45,16.94,771.5651,0.012642,-0.083306,1.000508,-0.821396,-4.050058,254.4333
92308.27,16.97,779.2991,0.031685,-0.048149,1.02248,-2.147749,-2.803614,254.442
92235.99,16.98,785.7911,0.018989,-0.044731,1.001973,-1.122748,-2.884196,254.5585
92327.09,16.99,777.6107,-0.009819,-0.067192,1.00832,0.223193,-4.138453,255.5288
92524.02,16.99,759.947,0.003364,-0.077935,1.006367,0.437637,-4.872091,255.5629
92649.7,17.01,748.691,-0.000542,-0.057915,0.99123,0.398578,-3.558922,255.7236
92649.7,17.01,748.691,-0.040581,-0.095024,0.990742,2.129351,-5.071215,256.4985
92803.97,17.03,734.8904,-0.030327,-0.05938,1.017109,1.456541,-3.333968,256.2966
92616.78,17.03,751.6371,-0.012261,-0.067192,0.991719,0.579624,-4.031322,255.9395
92557.14,17.03,756.9797,-0.001519,-0.034966,1.025898,0.508093,-2.770589,255.8206
92591.74,17.04,753.8804,0.028267,-0.077446,0.992207,-0.715345,-4.013966,255.6961
92714.84,17.03,742.8621,-0.011284,-0.063286,1.00832,0.462413,-3.692234,255.9596
92714.84,17.03,742.8621,0.006294,-0.053032,0.998555,-0.243939,-3.344433,255.8553
92851.3,16.99,730.6601,0.007271,-0.061333,1.010762,-0.870477,-3.638583,256.0547
92854.06,16.9,730.4144,-0.011772,-0.051079,1.007832,0.947257,-2.369695,256.3529
92846.35,16.82,731.1013,-0.00396,-0.069634,0.999043,0.198603,-4.065607,256.3329
92852.12,16.77,730.5861,-0.011772,-0.060356,1.007344,0.414496,-3.061221,256.4464
92852.12,16.77,730.5861,-0.023003,-0.074028,1.00002,1.295924,-4.410344,256.3564
92530.28,16.72,759.3869,-0.018608,-0.02813,1.025898,0.767098,-2.777043,255.7323
92379.97,16.72,772.8651,-0.02105,-0.0877,0.992207,0.518325,-3.289228,255.6601
92434.56,16.74,767.9664,-0.015679,-0.031548,1.016621,0.89133,-1.78229,255.2525
92847.88,16.74,730.9666,-0.012749,-0.059868,0.994648,0.757755,-2.997363,255.4709
92784.47,16.69,736.6343,-0.023003,-0.046685,1.005879,1.331849,-2.498386,256.2365
92784.47,16.69,736.6343,-0.004448,-0.052544,1.003926,0.385146,-2.952776,256.7212
92414.19,16.67,769.7948,-0.023979,-0.075981,1.002949,1.576875,-3.11518,257.3636
92559.16,16.69,756.7974,0.009224,-0.054985,0.990254,1.165088,-3.606813,257.4746
92562.02,16.75,756.5411,-0.024956,-0.053032,1.02541,1.494124,-3.209197,257.1859
92604.67,16.79,752.7231,-0.014702,-0.083794,0.987324,1.132745,-5.000155,256.8558
92498.59,16.83,762.2247,-0.009331,-0.065239,1.011738,0.781164,-3.423349,256.6739
92498.59,16.83,762.2247,-0.002983,-0.075493,0.995137,0.312738,-4.292046,256.5411
92500.45,16.85,762.0582,-0.022026,-0.056938,1.006855,0.866105,-3.01866,256.7112
92516.77,16.88,760.597,-0.008354,-0.060356,0.999531,0.333406,-3.624094,256.8203
92541.54,16.9,758.3775,-0.031792,-0.066704,1.001973,1.366268,-3.903504,256.7765
92513.6,16.93,760.8798,0.011177,-0.073052,0.992207,-0.284237,-3.929732,256.606
92513.6,16.93,760.8798,-0.038628,-0.022759,1.029805,1.320731,-2.153182,256.7691
92509.7,16.97,761.2285,-0.017144,-0.067681,0.986348,0.880758,-4.312057,256.8711
92592.85,16.99,753.78,-0.01812,-0.012017,1.028828,2.154427,-2.669142,257.5549
92704.81,17.02,743.7578,-0.022026,-0.051079,0.98,2.013728,-2.856759,257.6685
92627.42,17.04,750.6859,-0.02105,-0.060356,0.979512,1.901425,-3.17785,257.6746
92567.66,17.06,756.0365,-0.009819,-0.023735,1.028828,1.758078,-1.786292,258.0081
92567.66,17.06,756.0365,-0.094292,-0.033501,1.043477,1.628723,-1.726635,258.1606
92596.5,17.1,753.4523,-0.045952,-0.055962,0.992695,2.879119,-3.365081,257.6815
92598.5,17.13,753.2753,-0.058159,-0.050591,0.997578,3.489934,-3.226365,257.7143
92467.36,17.16,765.0255,-0.01519,-0.047173,0.97707,1.744453,-2.660368,257.5123
92414.53,17.19,769.7631,-0.038628,-0.036919,0.987813,2.282069,-2.092168,257.6956
92407.41,17.23,770.4025,-0.158257,-0.083306,1.027363,3.071032,-1.484199,257.6968
92407.41,17.23,770.4025,-0.061089,-0.032524,0.993184,3.054416,-1.283524,257.6889
92402.38,17.26,770.8544,-0.044976,-0.007134,1.003438,2.636791,-0.230975,257.9249
92365.96,17.29,774.1202,-0.025933,0.013862,1.005391,1.583246,0.474986,257.9023
92383.52,17.31,772.5454,-0.025933,-0.019829,0.988789,1.871777,-0.843146,257.5376
92387.58,17.32,772.1808,-0.036675,0.00019,0.999531,2.392356,-0.147019,257.0887
92387.58,17.32,772.1808,-0.00103,-0.003716,0.993672,0.311055,0.831751,257.1204
92404.98,17.36,770.6192,-0.036675,-0.007134,1.001973,1.66763,0.906346,257.2607
92531.05,17.38,759.3182,-0.044976,-0.013481,0.997578,2.697467,0.092984,257.4482
92548.25,17.4,757.7751,-0.029839,0.038765,1.010273,1.542336,2.693824,257.5446
92560.16,17.41,756.7076,-0.01519,0.043159,1.00002,0.859539,2.422387,257.3904
92556.84,17.44,757.0062,-0.036675,0.026069,1.005879,1.810289,2.218271,257.3618
92556.84,17.44,757.0062,-0.030815,0.038765,0.998066,1.73998,2.2921,257.3569
92522.31,17.46,760.1003,-0.035698,0.010933,1.005879,1.93873,0.502992,257.3155
92424.55,17.49,768.8647,-0.012261,0.06855,0.990254,2.328805,0.100512,257.4252
92403.48,17.52,770.754,-0.04937,-0.004692,1.002949,2.473086,-0.479664,257.6353
92418.58,17.55,769.4011,-0.04937,-0.0252,0.985371,3.015073,-1.760976,257.6269
92448.16,17.6,766.7482,-0.06353,0.007515,1.018086,4.078207,-1.094582,257.8429
92448.16,17.6,766.7482,-0.06353,0.004585,1.004414,3.358196,-0.209314,257.918
92466.44,17.62,765.1074,-0.058159,-0.012505,1.00002,3.087903,-0.767878,257.9204
92466.81,17.66,765.0757,-0.061577,-0.040337,1.001484,3.545785,-2.090352,257.9018
92523.09,17.69,760.0289,-0.046929,-0.041313,0.994648,2.767099,-2.088584,257.8134
92649.37,17.72,748.72,-0.083062,-0.048638,0.983418,3.793916,-2.528697,257.6987
92649.37,17.72,748.72,-0.074272,-0.024712,1.000508,4.559702,-2.137446,257.6555
92782.7,17.74,736.7928,-0.078667,0.046577,0.999531,6.465141,-1.881842,257.2315
92821.36,17.76,733.3367,-0.097222,-0.033013,1.00002,5.362773,-1.920323,256.6944
92785.11,17.78,736.5761,-0.056694,-0.041802,0.984395,3.592853,-2.325048,256.2685
92847.67,17.81,730.985,-0.098687,-0.047173,1.013203,5.738247,-2.862837,255.8307
93981.53,18.77,630.1586,-0.003853,0.005273,0.994531,0.251003,0.392019,180.0114
94076.72,18.78,621.7402,-0.002388,-0.01377,0.999414,0.114004,-0.788701,180.0404
94070.17,18.81,622.3189,0.000054,-0.015723,0.98916,0.02591,-0.601371,180.0294
94058.2,18.83,623.3759,0.005425,-0.008398,0.993066,-0.424932,-0.705498,180.0408
94095.92,18.82,620.0413,0.005425,0.000391,0.999902,-0.302525,0.181973,180.1605
94031.67,18.81,625.7248,0.00396,-0.013281,0.993066,-0.120748,-1.113876,179.9447
94149.31,18.81,615.3248,-0.010688,-0.005469,0.998926,0.846844,-0.27475,180.0686
94252.05,18.82,606.2512,-0.002876,-0.018164,1.000391,-0.158496,-0.780403,180.2676
94275.9,18.86,604.1454,0.029839,-0.012305,0.986719,-1.625637,-0.578361,180.3304
94276.42,18.91,604.0978,-0.009224,-0.009863,1.011133,-0.639552,-0.936179,180.1286
94306.66,18.94,601.4318,0.009331,-0.031348,0.991113,-0.208198,-1.453661,179.972
94358.83,18.96,596.8289,0.00689,-0.004004,1.010156,-0.244621,-0.568266,180.1419
94447.15,19,589.0421,-0.01313,-0.028906,1.008203,0.542279,-2.158488,180.3439
94559.96,19.03,579.1046,-0.001899,-0.03623,1.002832,-0.246663,-1.629912,180.7279
94545.73,19.05,580.357,-0.001411,-0.019141,1.011621,0.166818,-1.053109,180.8941
94516.38,19.07,582.9411,-0.001899,-0.017676,1.005762,0.279841,-0.913716,180.9383
93627.83,19.6,661.5065,-0.008789,0.017749,0.996963,0.281938,0.616248,179.9476
93593.65,19.58,664.5398,-0.005859,0.001147,0.999893,-0.190728,0.644676,180.1081
93615.75,19.55,662.5766,-0.003418,-0.000806,1.001846,0.345459,-0.457546,180.1211
93555.72,19.54,667.9087,-0.005859,-0.010083,0.997451,0.66344,-0.450638,180.0632
93393.59,19.51,682.317,-0.01709,-0.009595,1.010635,-0.158928,0.271393,179.9616
93352.13,19.48,686.0057,0.000977,-0.001294,0.995986,0.11238,-0.360131,179.9572
93350.11,19.47,686.1853,0.004395,0.00896,1.00624,-0.508381,0.841462,180.0564
93491.56,19.51,673.6055,0.006836,0.014331,1.000381,-0.359577,1.125392,180.1468
93534.25,19.53,669.8138,-0.014648,0.018726,1.008193,0.833258,1.026012,180.1897
93508.38,19.51,672.1125,-0.013672,0.007983,0.996475,1.237964,0.358837,179.8097
93369.81,19.47,684.4308,0.019043,0.014819,1.000381,-1.188197,0.874014,179.6351
93228.16,19.45,697.0398,-0.003418,0.005542,0.998916,0.236294,0.160453,179.5557
93359.23,19.43,685.3715,-0.013184,0.014819,1.004775,0.362121,0.875548,179.3588
93306.14,19.42,690.0985,-0.000488,0.003101,0.992568,-0.271603,0.193933,178.9998
93255.09,19.41,694.6432,-0.019531,-0.001294,0.996963,1.40659,-0.370854,178.4934
93226.4,19.4,697.1957,0,-0.016431,0.994521,0.287541,-0.369845,177.9976
93247.72,19.4,695.2985,0.004395,-0.012036,0.99501,-0.578077,-0.803473,177.8567
93305.5,19.39,690.154,-0.022949,-0.004712,1.000869,1.076236,-0.270081,178.3416
93445.83,19.37,677.6719,-0.016113,-0.000806,0.995986,0.654568,0.122032,178.6756
93378.36,19.37,683.6725,-0.015137,0.000171,1.004287,0.79202,0.004538,178.3405
93332.53,19.36,687.7496,-0.006348,0.003589,0.990615,0.499726,0.446005,178.0928
93265.73,19.36,693.6946,0.003906,0.007495,0.991592,-0.340218,0.294711,177.9632
93339.77,19.36,687.1049,-0.028809,0.021167,1.015518,1.317181,1.111307,178.0163
93361.77,19.36,685.1469,-0.011719,0.019214,1.010635,0.69178,1.111395,177.7611
93361.77,19.36,685.1469,-0.016602,-0.028149,0.988174,1.02881,-1.478434,177.7021
93486.77,19.36,674.0335,-0.029785,0.004077,0.998916,1.677035,0.137122,177.8758
93539.77,19.36,669.325,-0.027344,-0.021802,0.998428,1.473503,-0.756284,177.795
93460.72,19.35,676.3481,-0.017578,-0.000806,1.001846,0.993853,0.03224,177.3552
93355.09,19.35,685.7414,-0.016602,-0.012524,0.998428,0.966043,-0.957842,176.9896
93355.09,19.35,685.7414,-0.012695,-0.01106,1.003311,0.804374,-0.486306,176.618
93357.22,19.33,685.5511,-0.032227,-0.003735,0.989639,1.801726,-0.191212,176.9596
93339,19.32,687.1735,-0.010254,-0.023755,0.990127,1.507487,-0.045931,176.7421
93247.23,19.31,695.3408,-0.021484,-0.002271,1.011123,0.876399,-0.593771,176.4671
93339.32,19.31,687.1445,-0.010254,-0.051099,0.982314,0.481226,-1.277775,176.6018
93447.31,19.32,677.5398,-0.041504,-0.010571,0.996963,1.077413,-0.763674,177.353
93814.81,19.33,644.9236,-0.012695,-0.029614,0.990615,0.722049,-1.785104,177.5865
93946.04,19.33,633.3002,-0.015625,-0.021802,1.002822,0.922915,-1.316075,177.5507
93903.23,19.32,637.0919,-0.012695,-0.020825,0.98915,1.087464,-0.977176,177.5732
93721.31,19.33,653.2124,-0.025879,0.005542,1.019912,1.100753,-0.044376,177.6626
93630.74,19.31,661.2476,-0.008301,-0.048657,0.997939,0.277957,-0.366004,178.2743
93803.56,19.33,645.9197,-0.014648,-0.048169,0.981826,-0.550528,-2.095176,180.4166
94643.03,19.34,571.7933,0.033203,-0.080396,0.98915,-0.823652,-3.247225,182.5898
95006.39,19.34,539.8721,-0.006836,-0.015454,1.030166,-0.408615,-2.964363,183.6726
95487.01,19.35,497.8018,-0.006836,-0.058423,0.929092,0.52242,-3.115206,184.0663
95379.52,19.36,507.195,-0.004883,-0.03645,1.013564,-0.774063,-1.692538,183.4561
95028.2,19.38,537.959,0.005859,-0.0677,1.003311,-0.779231,-3.805556,182.9384
94771.96,19.39,560.4554,-0.050293,0.003589,1.084365,-0.685944,-3.346214,184.8508
95062.74,19.4,534.9283,-0.003418,-0.08186,0.967178,0.27167,-3.814076,186.7084
96039.58,19.41,449.6437,-0.015625,-0.026196,1.005264,1.14567,-2.193208,186.7012
95995.69,19.42,453.4618,-0.022461,-0.088208,1.013076,1.02092,-3.127893,185.7324
96011.75,19.44,452.064,0.004883,-0.085767,0.995986,-0.388771,-3.909897,185.791
96011.75,19.44,452.064,0.007324,-0.077466,0.986709,0.050352,-4.386875,185.4279
96172.59,19.45,438.0864,0.057617,-0.061841,1.002334,-2.033344,-3.759243,185.8517
96083.77,19.46,445.8044,0.01123,-0.085278,0.995986,-1.426688,-4.469351,185.9685
96308.78,19.47,426.2648,0.009277,-0.110181,0.997939,-1.286259,-5.145831,185.5397
96557.59,19.48,404.7012,0.039063,-0.05354,1.0121,-1.881262,-5.167194,184.9622
96515.09,19.48,408.3819,-0.03125,-0.05354,1.005752,-2.319455,-4.922756,184.9683
96006.31,19.48,452.537,0.050781,-0.046704,1.0121,-2.627052,-4.289575,185.5164
95922.33,19.48,459.8429,0.060059,-0.093091,0.977432,-2.427686,-5.247227,187.6448
96223.45,19.49,433.6685,0.050293,-0.005688,1.006729,-1.930053,-3.032613,193.6818
96283.45,19.49,428.4606,-0.109375,-0.076978,0.990127,1.177352,-5.068279,198.2504
95946.47,19.48,457.7422,-0.037598,-0.09895,0.987686,2.335845,-5.266779,199.2276
95888.48,19.51,462.789,-0.047852,-0.128735,1.02333,2.371815,-5.76404,199.9251
95870.41,19.53,464.3638,-0.090332,-0.127271,0.99208,5.719792,-7.419725,199.5465
95529.07,19.57,494.1263,-0.112793,-0.09895,0.979385,7.020391,-5.668112,199.6896
95322.98,19.59,512.1414,-0.10791,-0.100415,0.98915,5.987729,-5.935256,199.6094
95516.5,19.61,495.2256,-0.081543,-0.111646,0.98915,4.507766,-6.3562,198.3911
95753.97,19.61,474.5075,0.00293,-0.119458,0.970107,2.716106,-6.43819,196.3214
95949.14,19.63,457.5097,-0.04541,-0.078931,1.003799,2.903791,-5.861912,194.5984
96135.42,19.62,441.3152,-0.04834,-0.078442,0.983291,2.857218,-4.315949,193.0795
96295.45,19.61,427.4221,-0.030762,-0.095532,0.987686,2.438901,-4.839854,190.7907
96423.18,19.63,416.3457,-0.049316,-0.066724,1.005752,2.377518,-4.550679,189.3529
96466.59,19.65,412.5831,-0.072754,-0.047192,1.003311,3.785243,-5.030643,188.3616
96471.41,19.66,412.1656,-0.057129,-0.066235,0.970596,3.482235,-4.495824,187.6006
96495.19,19.67,410.1047,-0.058105,-0.074536,0.967666,3.79807,-3.795192,186.9909
96347.75,19.68,422.8854,-0.029297,-0.059888,0.991592,2.021803,-3.242902,186.3356
96267.44,19.7,429.8504,-0.060059,-0.024243,0.986709,1.777442,-2.900283,185.924
96092.39,19.76,445.054,-0.04541,-0.0677,0.99501,2.781741,-3.206335,186.0828
96092.39,19.76,445.054,-0.080078,-0.069653,0.985732,4.288829,-3.977272,186.5631
96238.13,19.8,432.3949,-0.050293,-0.072095,0.972549,3.97121,-3.323529,186.5998
96229.05,19.83,433.1823,-0.039551,-0.105786,0.972061,3.822194,-3.013837,186.4931
96004.66,19.88,452.6797,-0.085449,-0.037915,0.983779,3.955772,-2.025302,186.0186
96004.66,19.88,452.6797,-0.075195,-0.035474,1.012588,4.168519,-1.485173,185.5852
96200.88,19.93,435.6291,-0.099121,-0.065747,0.988662,4.72394,-1.83618,187.5034
96411.52,19.96,417.3551,-0.087402,-0.032544,0.99501,5.242123,-2.393618,188.7071
96410.94,19.99,417.4053,-0.10498,-0.045728,0.973525,5.630991,-2.791724,188.7887
96562.48,20,404.2785,-0.078125,0.001636,0.986221,6.2934,-1.29065,187.8755
96613.03,20.03,399.9029,-0.136719,0.038257,1.046279,7.057148,-0.426344,187.9228
93150.01,20.05,704.0022,-0.088867,-0.073071,0.959365,6.961911,-1.25197,186.8415
96216.25,20.02,434.2947,-0.123535,-0.05354,0.991592,6.558897,-2.865422,186.2984
96061.48,20.03,447.7386,-0.05127,-0.045728,0.988662,4.245947,-2.448056,186.2735
96201.3,20.05,435.5921,-0.115723,-0.041821,0.970107,6.113205,-2.556,188.4968
96342.5,20.08,423.3398,-0.117676,-0.002759,1.000869,6.599711,-1.159237,188.9134
96615.38,20.1,399.6994,-0.104492,-0.035474,0.97499,6.236136,-1.812495,188.8959
96672.25,20.13,394.7821,-0.102051,-0.018872,0.976943,6.233094,-1.256969,188.6732
96625.05,20.15,398.8645,-0.094238,-0.010571,0.990615,6.31267,-0.214966,188.7484
96697.25,20.2,392.6181,-0.126953,-0.000806,0.992568,7.083039,-0.268769,189.6142
96805.71,20.22,383.246,-0.141113,-0.02229,0.991592,7.3408,-1.049125,190.2711
96967.89,20.26,369.2446,-0.119141,-0.027661,0.965713,7.279088,-1.203363,190.3
92814.91,20.28,733.9127,-0.114258,-0.029614,0.964736,6.567134,-2.01999,189.968
92780.69,20.24,736.9725,-0.12207,0.022632,0.991104,6.915552,0.75884,190.2577
92772.45,20.2,737.7097,-0.110352,0.039233,0.991104,6.183868,2.282646,190.4499
92773.55,20.18,737.6093,-0.120605,0.043628,0.996963,6.936795,2.627037,190.513
92776.96,20.16,737.3054,-0.118164,0.021167,0.99208,7.04203,1.305894,190.3148
92772.92,20.11,737.6647,-0.116211,0.007495,0.978408,6.88518,0.57117,190.2572
92772.92,20.11,737.6647,-0.111816,0.021167,0.973525,6.870587,1.736426,190.5817
92773.84,20.1,737.5828,-0.107422,0.023608,0.991592,5.885172,1.163329,191.259
92778.63,20.08,737.1548,-0.152832,0.044604,0.997939,8.065855,2.198692,192.4879
92777.22,20.08,737.2816,-0.119629,0.025073,0.976455,6.921845,1.483785,192.077
92780.25,20.08,737.0121,-0.102539,0.030933,0.97792,6.115849,2.076413,192.6493
92783.14,20.08,736.7532,-0.121094,0.060229,0.989639,6.998459,3.642885,195.3666
93472.17,20.16,675.3309,-0.15625,0.070972,0.977432,8.54171,3.819994,197.6753
93129.36,20.2,705.8438,-0.17334,0.06853,0.973037,9.685151,4.012328,199.4026
93215.08,20.24,698.205,-0.139648,0.053394,0.970107,9.742667,3.893149,198.6418
93339.13,20.26,687.1603,-0.129395,0.034351,0.991592,7.709631,2.779932,197.7863
93379.48,20.28,683.5721,-0.126465,0.042651,0.983291,6.837306,3.347909,198.094
93222.28,20.31,697.5629,-0.133789,0.054858,0.991104,7.244611,3.136545,199.6408
92953.07,20.33,721.5707,-0.098145,0.108081,0.972061,7.457355,4.660102,202.9449
92846.63,20.36,731.0776,-0.150879,0.096362,0.962295,8.336856,7.376842,210.9559
92805.91,20.38,734.7159,-0.178223,-0.245923,0.977432,10.1278,-3.521285,225.6214
92815.91,20.39,733.8229,-0.094238,-0.010083,0.938369,7.820508,-2.863995,236.7728
92788.02,20.37,736.3145,-0.112305,0.063647,0.972549,8.622385,0.779356,245.6534
92785.84,20.3,736.5127,-0.144043,0.219409,0.99208,8.713858,5.166983,253.4697
92783.95,20.28,736.6792,-0.134277,-0.0677,0.955459,6.172641,1.59905,257.5633
92779.28,20.27,737.0993,0.009766,0.143726,0.978896,3.641342,5.960388,258.154
92781.8,20.26,736.8721,-0.099121,0.141284,0.987197,4.437439,7.663581,258.3621
92783.98,20.24,736.6765,-0.04248,0.160327,0.999404,3.934941,8.838111,259.0266
92778.95,20.23,737.1284,-0.083984,0.147632,0.988662,4.713819,8.859632,259.2746
92781.7,20.21,736.88,-0.107422,0.155933,0.979385,5.108442,9.340893,258.8198
92777.98,20.2,737.2129,-0.095215,0.167163,0.968643,6.015675,9.991242,258.1747
92779.52,20.18,737.0755,-0.080078,0.191577,0.984268,5.068746,11.52405,257.9597
92781.45,20.18,736.9037,-0.104492,0.198413,0.974014,5.787628,11.50499,258.0503
92779.78,20.18,737.0544,-0.094238,0.190601,0.96376,5.320333,11.76463,257.9732
92780.08,20.17,737.0253,-0.08252,0.215503,0.976455,4.427871,12.57388,257.8473
92780.34,20.17,737.0015,-0.087402,0.20769,0.975479,4.922406,11.6222,257.7247
92778.19,20.15,737.1944,-0.093262,0.218433,0.970107,5.57658,12.07979,257.8936
92779.86,20.15,737.0464,-0.094238,0.2448,0.975479,5.495874,13.08794,257.7714
92781.58,20.16,736.8932,-0.186523,0.191089,0.94374,7.547281,12.01215,257.6989
92781.58,20.16,736.8932,-0.175293,0.188159,0.953018,7.466562,11.27549,258.0939
92777.32,20.16,737.2737,-0.096191,0.230151,0.971572,5.774877,12.42491,257.9822
92771.75,20.16,737.7704,-0.127441,0.173511,0.967178,7.093683,12.07357,257.7463
92772.92,20.18,737.6647,-0.116211,0.216479,0.968643,6.401026,13.104,257.5269
92772.92,20.18,737.6647,-0.108887,0.256519,0.964736,6.152818,14.72815,257.4051
92775.92,20.19,737.3979,-0.118164,0.233081,0.955947,6.196811,14.01026,257.2332
92766.55,20.21,738.2355,-0.098145,0.252124,0.971572,5.531806,14.529,257.119
92756.91,20.2,739.0969,-0.108887,0.291187,0.976943,5.774124,14.40332,257.1724
92759.39,20.18,738.8749,-0.07666,0.311206,0.955947,6.652836,14.77742,256.8038
92760.56,20.16,738.7719,-0.108398,0.27312,0.967178,6.451224,15.86473,256.2326
92759.23,20.16,738.8907,-0.10791,0.254077,0.950088,6.503809,14.65854,255.6565
92769.15,20.17,738.0029,-0.084473,0.277515,0.954482,6.515983,15.92973,255.6519
92771.42,20.16,737.7995,-0.126953,0.300464,0.960342,7.184505,17.43984,255.4172
92781.22,20.15,736.9249,-0.060547,0.35271,0.967666,6.352628,18.37778,255.3285
92780.52,20.15,736.9857,-0.164063,0.345874,0.949111,7.596989,19.79563,255.3839
92783.61,20.16,736.7109,-0.124023,0.291187,0.932021,7.822896,18.61295,255.5726
92781.7,20.17,736.8826,-0.150391,0.290698,0.942275,8.462012,17.44694,255.5018
92782.14,20.18,736.843,-0.150391,0.302417,0.944229,9.006565,17.60267,255.2498
92780.53,20.19,736.9857,-0.138672,0.300952,0.940322,8.130469,17.72422,254.9569
92779.91,20.19,737.0411,-0.157715,0.296069,0.928115,9.226275,17.72396,254.7627
92777.27,20.19,737.279,-0.171387,0.306323,0.922256,9.585607,18.60811,254.3848
92782.23,20.19,736.8324,-0.145996,0.317554,0.92665,9.283184,18.72412,253.8082
92780.7,20.21,736.9698,-0.132813,0.512866,0.941299,8.613654,18.94263,253.4775
92776.48,20.21,737.3477,-0.11377,0.314136,0.912002,6.761342,19.12318,253.5776
92766.34,20.22,738.254,-0.175293,0.358569,0.921768,6.51098,20.56054,253.7652
92759.66,20.21,738.8511,-0.080078,0.351245,0.970107,6.901276,17.6557,254.2348
92759.39,20.22,738.8749,-0.074707,0.361987,0.963271,3.623851,18.67262,253.5838
92768.05,20.23,738.1007,0.005859,0.233569,0.925674,1.503617,16.3931,253.4676
92769.63,20.22,737.9607,-0.048828,0.252124,0.958877,2.807961,15.86294,252.4547
92767.75,20.23,738.1298,-0.075195,0.272632,0.961318,4.250747,15.50051,252.0061
92762.21,20.24,738.6239,-0.040039,0.225269,0.976455,3.667659,16.91117,251.371
92762.21,20.24,738.6239,-0.084473,0.247729,0.960342,3.984093,15.92584,251.3172
92760.23,20.24,738.8009,-0.043457,0.268237,0.9496,3.18118,16.42673,251.278
92762.84,20.23,738.5684,-0.069824,0.246753,0.965225,3.433403,14.81924,251.0772
92768.44,20.24,738.0663,-0.108398,0.278979,0.962295,4.140666,15.51174,252.0494
92771.73,20.24,737.7731,-0.09375,0.234546,0.96083,5.540483,13.87923,252.3757
92779.42,20.25,737.0861,-0.068359,0.220874,0.960342,5.259401,14.2323,252.3278
92778.86,20.26,737.1363,-0.073242,0.257983,0.961318,4.705453,14.75793,252.5285
92779.55,20.26,737.0729,-0.086426,0.255054,0.953506,4.705095,14.87895,252.4762
92781.61,20.27,736.8906,-0.083984,0.282886,0.950576,4.924739,16.63713,252.383
92780.56,20.27,736.983,-0.11084,0.265308,0.94667,5.065713,17.38694,252.4212
92783.5,20.26,736.7188,-0.081543,0.254077,0.951553,5.644383,17.92833,252.5616
92779.78,20.25,737.0544,-0.07959,0.343433,0.97499,5.729793,18.10435,252.5038
92780.83,20.26,736.9592,-0.076172,0.298022,0.952041,5.033522,17.89985,252.2706
92780.53,20.26,736.9857,-0.099121,0.285815,0.945693,5.326257,18.3855,252.3843
92778.59,20.27,737.1601,-0.105469,0.268237,0.936416,5.270473,17.44016,252.2456
92776.97,20.27,737.3054,-0.11377,0.282397,0.934463,6.561025,16.90301,252.2449
92778.32,20.27,737.1838,-0.052246,0.312183,0.921279,5.611533,17.53628,252.4274
92776.31,20.27,737.3635,-0.094727,0.319995,0.937881,5.37353,19.19646,252.7182
92776.7,20.28,737.3292,-0.068848,0.306323,0.926162,5.199773,19.82029,253.0313
92775.69,20.27,737.419,-0.101563,0.415698,0.936904,5.281269,20.18743,253.1897
92765.72,20.26,738.3094,-0.121094,0.326831,0.912002,6.726194,20.07744,253.1148
92771.38,20.27,737.8048,-0.082031,0.329272,0.940811,5.90702,20.15767,252.8969
92766.77,20.27,738.217,-0.070801,0.409351,0.948623,5.926499,19.94362,252.3813
92766.77,20.27,738.217,-0.07666,0.279468,0.930557,6.829448,18.84175,252.2532
92767.09,20.27,738.1879,-0.11377,0.338062,0.936416,6.285461,19.84716,252.7354
92763.8,20.27,738.4838,-0.119629,0.311694,0.933975,6.908957,19.86197,252.9965
92769.01,20.26,738.0162,-0.091797,0.351245,0.945693,6.052171,20.32387,252.7577
92769.16,20.24,738.0029,-0.097656,0.310229,0.945693,5.457202,18.91881,252.2963
92774.64,20.23,737.5115,-0.125,0.311694,0.9496,6.387725,17.65174,251.8618
92774.64,20.23,737.5115,-0.110352,0.297046,0.942764,6.809567,17.20062,251.5996
92772.54,20.25,737.6991,0.020508,0.29314,0.952529,6.100698,17.6899,251.5435
92775.2,20.26,737.4613,-0.106445,0.259937,0.923232,6.010252,16.40503,251.4207
92774.81,20.25,737.4983,-0.113281,0.27019,0.952529,6.604714,15.6176,251.2922
92773.31,20.23,737.6304,-0.108887,0.256519,0.952041,6.506588,15.09394,251.0927
92774.21,20.22,737.5511,-0.115723,0.257007,0.959365,7.142393,14.8942,251.0793
92774.13,20.21,737.5591,-0.093262,0.224292,0.972549,6.615093,13.42667,250.7391
92779.57,20.19,737.0729,-0.157227,0.262378,0.968643,7.277243,13.55796,250.597
92775.86,20.18,737.4031,-0.142578,0.220874,0.944229,7.183333,13.38064,250.4346
92775.62,20.19,737.4243,-0.136719,0.272632,0.993057,7.07493,14.96082,250.4926
92779.21,20.19,737.1046,-0.137207,0.228198,0.96083,7.982529,13.28756,250.2153
92777.08,20.17,737.2948,-0.127441,0.232593,0.987686,8.783557,13.33555,249.8608
92772.08,20.16,737.7414,-0.154785,0.219897,0.985732,7.979489,11.82052,249.9628
92774.45,20.17,737.53,-0.142578,0.277026,0.973525,8.226789,12.54053,249.8471
92773.09,20.17,737.6516,-0.157715,0.192554,0.972061,8.874071,11.32348,249.0753
92775.7,20.16,737.4164,-0.139648,0.190112,0.967666,8.211512,10.79342,248.9786
92772.08,20.16,737.7414,-0.154297,0.196948,0.979385,9.056408,11.46111,249.3574
92778.34,20.16,737.1812,-0.16748,0.16521,0.953994,9.639225,9.8908,249.2068
92773.97,20.15,737.5723,-0.16748,0.194019,0.968154,9.545883,11.22487,248.9436
92774.33,20.16,737.5405,-0.151855,0.208179,0.971572,9.460688,10.25937,248.2797
92777.41,20.17,737.2631,-0.01416,0.243823,0.937881,8.67589,10.09489,248.2708
92775.83,20.18,737.4058,-0.179199,0.149097,0.959365,9.797451,9.600461,248.3294
92779.39,20.17,737.0887,-0.14209,0.16814,0.947158,9.685816,10.28695,248.4471
92779.39,20.17,737.0887,-0.111816,0.199878,0.960342,9.523983,10.42997,248.5488
92777.68,20.16,737.2393,-0.163574,0.191577,0.973525,9.63507,11.08369,248.4864
92776.6,20.15,737.3371,-0.055664,0.223315,0.981338,10.04977,11.54088,248.2094
92778.19,20.15,737.1944,-0.149414,0.138354,0.954482,9.860338,11.10545,248.3762
92778.19,20.15,737.1944,-0.205078,0.114917,0.937393,11.04417,9.534121,248.5119
92779.5,20.15,737.0782,-0.209961,0.155444,0.965713,10.48835,10.09965,248.0218
92778.84,20.15,737.1363,-0.191895,0.151538,0.96083,10.7765,9.686591,247.5239
92778.28,20.16,737.1865,-0.232422,0.213062,0.985732,12.72686,10.58924,247.7189
92779.3,20.16,737.0967,-0.174316,0.142749,0.965225,11.51734,10.2385,247.6595
92783.28,20.16,736.7399,-0.272949,0.153979,0.969131,12.8816,9.487176,248.1635
92778.37,20.17,737.1786,-0.206055,0.205249,0.971572,12.11976,9.808552,248.4125
92781.09,20.18,736.9355,-0.174316,0.158374,0.956924,11.20248,10.05759,248.3183
92782.14,20.18,736.843,-0.312012,0.132495,0.962783,11.93055,10.07548,248.2051
92782.14,20.18,736.843,-0.21582,0.115894,0.974502,11.52971,10.04175,247.8301
92783.55,20.19,736.7162,-0.168457,0.126147,0.9496,11.45894,9.390505,248.0275
92786.39,20.18,736.4625,-0.230957,0.200366,0.943252,12.36536,9.321675,247.9451
92779.33,20.16,737.094,-0.215332,0.189624,0.956924,13.89837,9.790842,248.7444
92784.39,20.18,736.6395,-0.342285,0.141284,0.950088,13.97148,9.220741,249.8618
92783.43,20.18,736.7267,-0.285156,0.109058,0.961807,11.47824,9.123243,249.3347
92779.23,20.19,737.1019,-0.226563,0.151538,0.974014,12.40871,8.355813,248.8381
92785.65,20.21,736.5286,-0.201172,-0.012524,0.941787,13.1821,7.61325,248.4178
92781.7,20.21,736.88,-0.222656,0.169604,0.964248,12.03502,7.938807,248.2081
92781.45,20.22,736.9037,-0.165527,0.169116,0.978896,9.777005,8.769588,248.2429
92781.45,20.22,736.9037,-0.164063,0.137378,0.951064,9.415732,8.508476,247.3335
92779.88,20.22,737.0438,-0.219727,0.081226,0.947646,10.63299,7.620106,247.234
92784.52,20.23,736.629,-0.172363,0.134937,0.956436,10.13831,7.67277,247.4794
92781.31,20.24,736.917,-0.19043,0.147144,0.957412,10.45808,8.221648,248.0998
92782.27,20.24,736.8298,-0.130859,0.120288,0.957412,9.933729,8.340701,247.6069
92780.95,20.24,736.9487,-0.177734,0.079272,0.946182,9.525281,7.775753,247.3832
92782.98,20.24,736.7664,-0.118164,0.198413,0.98085,8.782209,9.669076,247.3966
92782.98,20.24,736.7664,-0.166992,0.194019,0.97792,8.849014,9.016105,247.2955
92788.08,20.26,736.3119,-0.196289,0.177417,0.963271,10.02675,9.465317,247.1144
92795.92,20.29,735.6091,-0.17627,0.171558,0.986221,10.02492,8.78331,246.8752
92798.53,20.32,735.3765,-0.142578,0.122729,0.928115,9.876003,7.558813,246.8765
92798.53,20.32,735.3765,-0.132324,0.140796,0.975967,9.388032,8.582036,246.3628
92797.06,20.35,735.5087,-0.181152,0.158862,1.006729,10.20989,8.662463,246.4538
92803.63,20.38,734.9221,-0.172363,0.110034,0.948623,11.02241,6.526248,245.5936
92801.14,20.4,735.144,-0.051758,0.064624,0.8871,10.19071,7.46398,245.6842
92797.64,20.41,735.4558,-0.20752,0.118335,0.976943,11.97513,6.666793,245.9825
92797.64,20.41,735.4558,-0.157227,0.112476,0.948135,11.39728,7.071889,245.6713
92795.09,20.46,735.683,-0.233887,0.09978,0.99208,13.12947,5.582344,245.3162
92795.22,20.47,735.6725,-0.145508,0.088062,0.92958,12.40987,7.737653,245.0295
92780.03,20.47,737.0306,-0.268555,-0.030103,0.956436,11.65053,7.001542,244.5357
92785.42,20.45,736.5471,-0.141602,0.191577,0.955947,10.63515,7.442831,244.3087
92780.06,20.44,737.028,-0.218262,0.104663,0.949111,10.16749,8.670299,243.4761
92780.3,20.42,737.0068,-0.192383,0.077319,0.963271,9.147019,10.17622,243.4363
92780.3,20.42,737.0068,-0.17627,0.042651,1.023818,8.289063,12.60085,242.5617
92773.63,20.41,737.6039,-0.260254,0.106616,0.951064,10.11233,10.26621,243.0292
92778.53,20.41,737.1653,-0.145996,0.209155,0.952529,10.46208,11.56675,243.0357
92780.3,20.42,737.0068,-0.121094,0.088062,0.937393,10.76581,9.971102,243.146
92781.68,20.43,736.8826,-0.162598,0.173022,0.960342,10.25788,9.381747,243.3079
92775.63,20.42,737.4243,-0.189941,-0.120435,0.908584,10.50826,8.810533,243.4613
92778.53,20.41,737.1653,-0.188965,0.130542,0.9579,11.27664,7.738453,242.3981
92780.98,20.39,736.946,-0.288086,0.135913,1.02626,12.54069,6.505473,241.1627
92778.89,20.38,737.1337,-0.206543,0.135425,0.955947,12.60527,6.757926,240.9423
92780.48,20.37,736.991,-0.200195,0.086597,0.995986,12.37238,5.079894,240.1157
92775.39,20.35,737.4454,-0.311523,0.060718,0.930068,12.8479,4.000103,239.411
92778.68,20.35,737.1522,-0.260742,0.046069,0.993057,14.50649,2.879855,238.9181
92780.51,20.34,736.9883,-0.13623,0.058276,0.913955,13.14117,1.178293,238.8337
92779.07,20.32,737.1152,-0.217285,0.032886,0.953018,12.93625,1.040303,239.2866
92780.09,20.32,737.0253,-0.259277,0.014331,0.977432,12.66116,-0.347587,239.3185
92775.9,20.34,737.4005,-0.186035,0.017749,1.00624,13.0158,0.321795,239.4217
92783.53,20.34,736.7162,-0.133789,0.008472,0.965713,11.22697,0.396044,238.9748
92778.77,20.32,737.1442,-0.194336,0.014819,0.984268,11.32904,1.019897,238.4105
92782.06,20.32,736.8483,-0.247559,-0.018384,0.986221,11.92353,-0.622692,238.2616
92782.16,20.33,736.8403,-0.209473,0.009448,0.991592,12.6128,0.358366,238.176
92779.77,20.33,737.0544,-0.27832,0.021167,0.982803,14.18599,2.319138,238.3649
92779.94,20.31,737.0385,-0.124023,0.017749,0.970596,13.05859,2.157152,238.2362
92779.94,20.31,737.0385,-0.254883,0.035327,1.011123,12.152,1.100103,237.9469
92779.81,20.29,737.0518,-0.261719,-0.045728,0.958877,13.61705,0.730229,238.7084
92780.03,20.28,737.0306,-0.222168,-0.012036,1.007217,11.56187,0.065592,238.8663
92784.81,20.23,736.6025,-0.039551,0.039233,0.952041,10.17207,2.959338,238.6618
92784.81,20.23,736.6025,-0.145508,0.164233,0.983291,8.736173,5.606666,238.3852
92786.37,20.21,736.4651,-0.13623,0.101733,0.941299,8.443435,6.534693,238.4517
92785.05,20.25,736.5814,-0.046387,0.121265,0.950088,7.444241,7.776757,238.9672
92785.8,20.26,736.5154,-0.097168,0.129565,0.987197,6.74673,8.761764,238.2397
92786.7,20.29,736.4335,-0.102051,0.224292,0.983779,6.656226,10.36969,237.9574
92786.61,20.32,736.4413,-0.126953,0.111011,0.972549,6.621003,8.76321,237.6225
92782.94,20.35,736.7717,-0.15918,0.161304,0.993545,7.909758,8.074244,237.4785
92786.08,20.37,736.489,-0.118164,0.097339,0.967666,8.344434,5.967185,237.9907
92790.18,20.39,736.1243,-0.233887,0.056812,0.946182,9.810141,4.747614,239.229
92778.59,20.38,737.1601,-0.144531,0.120288,0.973037,9.11158,6.574786,239.8331
92778.05,20.36,737.2076,-0.129883,0.142261,0.961318,9.876475,7.980894,239.9544
92775.59,20.34,737.4269,-0.124023,0.077808,0.962295,8.550331,7.335529,239.8215
92778.2,20.33,737.1944,-0.147949,0.094409,0.970596,8.372107,6.207581,239.4937
92788.8,20.34,736.2458,-0.168945,0.123706,0.990127,8.974277,7.272011,239.4777
92777.84,20.37,737.2261,-0.149902,0.150562,0.979873,8.056266,7.6492,239.4696
92776.86,20.37,737.3133,-0.133301,0.091479,0.959854,8.39583,6.669218,239.399
92777.84,20.37,737.2261,-0.133301,0.141284,0.986221,7.964056,7.659858,239.5302
92774.88,20.37,737.4904,-0.170898,0.128101,1.004775,8.469851,6.707134,239.3949
92778.23,20.38,737.1918,-0.139648,0.122729,0.979873,7.762279,6.394411,239.3867
92777.3,20.38,737.2737,-0.119141,0.072925,0.969131,7.422926,4.582864,239.1577
92775.69,20.39,737.419,-0.122559,0.091968,0.97792,6.99493,5.310729,239.2368
92779.38,20.39,737.0887,-0.13916,0.048511,0.97792,8.214722,4.865746,238.9447
92779.38,20.39,737.0887,-0.187012,0.10564,0.989639,9.329116,5.258974,237.7248
92780.72,20.4,736.9698,-0.137695,0.061694,0.979873,8.924392,4.170618,236.6982
92781.73,20.4,736.8773,-0.044922,0.080737,0.927627,9.275685,4.923365,236.8931
92779.46,20.4,737.0808,-0.148926,0.036792,0.958389,9.998928,3.641886,236.583
92784.38,20.4,736.6422,-0.183105,0.06853,0.974502,10.5099,3.679081,237.3688
92785.39,20.4,736.5524,-0.224121,0.028003,0.939346,10.98895,3.088175,236.924
92780.12,20.4,737.0226,-0.231934,0.036792,0.970596,10.99374,2.468158,237.057
92780.12,20.4,737.0226,-0.188477,0.087573,0.981338,10.93803,3.354678,237.0478
92779.41,20.4,737.0861,-0.176758,0.063647,0.982314,10.35379,2.582665,237.0041
92776.26,20.41,737.3688,-0.182129,0.044116,0.98085,10.61488,2.335316,237.0256
92777.58,20.41,737.2499,-0.220703,-0.085278,0.948623,10.31991,0.797149,236.9615
92777.58,20.41,737.2499,-0.158203,0.015308,0.94374,11.00727,0.808011,237.3999
92774.02,20.42,737.5696,-0.151855,0.028979,0.96083,8.735783,0.575727,237.7451
92777.06,20.43,737.2948,-0.144531,0.050952,0.994521,8.299354,2.047242,237.6814
92780.45,20.44,736.9936,-0.119141,0.058765,0.976943,7.089897,2.749575,237.4723
92775.63,20.46,737.4243,-0.096191,-0.053052,0.966201,6.163396,1.169331,237.6468
92776.98,20.46,737.3027,-0.109863,0.015796,0.964736,7.159057,1.549306,238.0525
92782.25,20.46,736.8324,-0.086426,0.073901,0.965713,6.974358,0.94527,238.1787
92777.7,20.47,737.2393,-0.086426,0.006519,0.992568,4.659407,0.952371,238.7715
92780.36,20.47,737.0015,-0.166992,-0.016919,0.997451,4.439113,1.209942,238.8723
92775.72,20.47,737.4164,-0.112305,-0.058423,1.005264,5.118496,-0.031741,239.2959
92772.78,20.47,737.678,-0.135254,-0.056958,0.988662,4.646306,0.74601,239.642
92779.1,20.48,737.1125,-0.131836,-0.053052,0.991104,5.607624,1.093499,239.5544
92775.81,20.48,737.4084,-0.16748,-0.040356,1.005752,7.726134,-0.48992,239.7036
92782.52,20.49,736.8087,-0.196289,0.006519,1.028213,8.741926,-0.4898,240.4978
92780.12,20.48,737.0226,-0.094727,-0.02522,0.979873,8.216064,-0.180378,240.8662
92780.12,20.48,737.0226,-0.245605,-0.056958,0.998916,8.428097,-0.578334,240.5816
92785.6,20.47,736.5339,-0.172363,0.003589,0.959854,9.065988,0.153752,240.0754
92787.84,20.46,736.333,-0.171875,-0.038403,0.956924,9.119954,-0.211828,239.9569
92787.84,20.46,736.333,-0.133301,0.036304,1.016494,8.472975,-0.444662,240.0331
92781.59,20.46,736.8906,-0.135254,0.024097,0.984268,8.460512,0.055454,240.291
92784.02,20.47,736.6739,-0.141602,-0.067212,0.962783,6.57201,1.391273,240.1207
92781.77,20.48,736.8747,-0.104492,0.017749,1.016006,6.529139,1.194173,239.6981
92786.83,20.49,736.4229,-0.196777,0.014819,1.023818,7.138369,0.489923,239.8839
92787.22,20.5,736.3885,-0.145996,-0.027173,0.984756,7.883164,0.111727,239.4348
92789.88,20.5,736.1507,-0.194336,-0.05354,0.978896,8.486864,-0.256046,239.5662
92791.53,20.5,736.0027,-0.043457,-0.058423,0.9496,6.086085,0.509443,239.7445
92794.16,20.5,735.7676,-0.036621,0.049487,0.986221,2.044379,2.903025,239.3878
92791.86,20.5,735.9737,-0.202148,-0.00813,1.001846,5.328139,1.593835,239.7786
92791.56,20.51,736.0001,-0.056641,0.053882,0.983291,4.555231,1.311221,239.4638
92789.38,20.52,736.1956,-0.104004,-0.032056,0.970596,5.564451,0.341756,239.2065
92788.72,20.52,736.2538,-0.093262,0.021167,1.008193,5.827599,0.749226,238.9006
92791.71,20.52,735.9869,-0.103027,-0.020337,0.97499,6.04977,-1.408958,238.8207
92796.56,20.51,735.5536,-0.108398,-0.024731,0.978896,6.13904,-1.535506,238.7848
92792.28,20.51,735.9367,-0.11377,-0.029126,0.987686,6.387107,-2.021648,238.7172
92793.92,20.51,735.7888,-0.138672,-0.018872,0.985244,7.75475,-0.726638,239.1878
92796.92,20.52,735.5192,-0.11377,0.000659,0.975479,7.505106,-1.154412,240.352
92793.63,20.52,735.8151,-0.045898,0.020679,0.987197,6.677213,0.293961,240.44
92796.89,20.51,735.5219,-0.108398,0.064624,0.983291,7.549942,0.27197,240.8344
92794.44,20.5,735.7411,-0.179199,-0.00813,0.998428,8.802355,-0.11734,241.2871
92790.06,20.49,736.1349,-0.186035,-0.034497,0.979385,9.57432,-0.327552,241.8949
92792.7,20.49,735.897,-0.402832,-0.11604,1.024795,9.59933,-0.9438,242.641
92788.45,20.49,736.2775,-0.211426,-0.005688,0.970596,10.22208,-0.692116,243.1047
92790.16,20.5,736.1243,-0.147949,-0.033032,0.975967,8.388921,-1.582273,243.3051
92789.59,20.51,736.1771,-0.140625,-0.038892,0.922744,8.740273,-2.436673,243.5769
92789.95,20.47,736.1428,-0.149902,-0.037427,0.958389,8.840831,-2.521002,244.0895
92789.95,20.47,736.1428,-0.246094,-0.021802,0.976455,9.926296,-2.010733,244.5946
92792.88,20.47,735.8812,-0.148438,-0.010083,0.995498,9.484559,-1.006327,244.6731
92792.64,20.48,735.9023,-0.210449,-0.053052,1.007705,10.07386,-0.856372,244.6907
92791.38,20.49,736.016,-0.085449,0.024097,0.981338,7.891029,0.27897,244.6656
92791.83,20.5,735.9763,-0.044434,0.029468,0.981826,4.067152,1.764579,244.0126
92791.83,20.5,735.9763,-0.090332,0.009937,0.976943,5.234824,1.553637,243.3619
92796.17,20.51,735.5879,-0.066895,0.026538,0.981338,4.394408,1.604911,242.8828
92792.85,20.5,735.8839,-0.070313,0.022632,1.010635,4.808008,1.323406,242.7238
92796.53,20.51,735.5562,-0.067871,0.015308,0.994521,4.754966,0.712579,242.8796
92790.91,20.51,736.0582,-0.086426,-0.004224,0.986221,5.973168,-0.134746,243.1865
92794.2,20.51,735.765,-0.064453,0.06853,0.9496,3.955729,1.764639,243.9367
92796.56,20.51,735.5536,-0.024902,0.028491,1.000869,4.751409,2.763517,244.3509
92790.72,20.52,736.0741,-0.129395,-0.187817,0.962783,5.093765,0.884054,244.207
92796.8,20.54,735.5324,-0.153809,0.029468,0.986709,7.220897,1.493299,243.5547
92798.16,20.54,735.4109,-0.091797,0.064136,1.001357,7.439002,1.182148,243.2669
92797.55,20.55,735.4637,-0.070801,0.035815,0.981338,5.751621,1.916207,243.0025
92797.28,20.56,735.4875,-0.16748,0.011401,0.980361,7.220752,0.241605,243.5274
92792.97,20.55,735.8733,-0.101074,0.029468,0.997451,5.878381,1.378419,243.1235
92790.16,20.53,736.1243,-0.106934,0.004077,0.989639,6.315731,0.203268,243.3395
92793.36,20.52,735.8389,-0.094727,-0.004224,0.976455,5.373447,-0.100911,243.7347
92794.77,20.53,735.7147,0.010254,-0.041333,0.976455,3.251741,-0.478699,243.7954
92796.14,20.54,735.5906,-0.047363,0.04314,1.019424,3.358936,0.17211,242.5025
92796.09,20.53,735.5958,-0.096191,-0.02229,0.989639,4.666761,-0.728782,242.4484
92796.05,20.53,735.5985,-0.073242,-0.04231,0.979873,4.187613,-1.750063,242.2671
92798.99,20.53,735.3342,-0.061523,-0.013013,0.998428,3.529621,-0.6766,242.1795
92796,20.52,735.6038,-0.084961,-0.001294,0.98085,5.024975,-0.181906,242.1358
92797.1,20.54,735.5034,-0.095703,-0.013013,0.995498,5.672108,-0.926548,241.975
92795.52,20.54,735.6461,-0.090332,0.012378,0.995986,5.039727,-1.107029,241.88
92795.3,20.56,735.6672,-0.082031,0.051929,0.991592,4.174745,-1.126317,241.8391
92794.94,20.55,735.6962,-0.063477,-0.093091,0.99208,4.41559,-1.252276,241.6664
92794.94,20.55,735.6962,-0.114258,-0.001782,0.988174,5.221524,-1.273948,241.8182
92792.88,20.54,735.8812,-0.09668,-0.051587,0.973037,5.208832,-1.447699,241.9
92796.27,20.55,735.58,-0.095215,-0.0677,1.005752,5.837569,-1.861007,242.492
92795.64,20.56,735.6355,-0.134766,-0.01936,0.972549,5.980198,-1.047723,243.2829
92793.36,20.56,735.8389,-0.020996,0.065601,1.008193,5.805745,1.466784,243.5615
92793.36,20.56,735.8389,-0.07666,0.044116,0.984756,4.352549,2.412678,243.7015
92798.42,20.57,735.3871,-0.095703,0.00896,1.021865,4.942444,1.233662,243.69
92799.47,20.58,735.292,-0.159668,-0.013989,0.953994,6.174439,-0.195586,243.4613
92798.23,20.59,735.403,-0.114258,0.007495,0.983291,6.699774,0.125772,243.5111
92796.95,20.6,735.5166,-0.093262,0.014819,0.99501,6.578835,0.134315,243.4112
92799.29,20.6,735.3079,-0.115234,-0.010571,0.955459,6.558798,-0.484947,243.6746
92796.3,20.6,735.5773,-0.085938,-0.03938,0.949111,5.438941,-1.457376,244.1823
92798.33,20.6,735.395,-0.053223,0.039722,0.981338,3.686328,0.433755,244.5741
92796.47,20.62,735.5615,-0.146484,0.018726,0.961318,5.810249,1.155654,244.7373
92795.91,20.63,735.6117,-0.143555,0.018237,0.972549,6.675778,1.726481,244.4159
92797.84,20.62,735.4373,-0.094727,0.038745,0.97792,5.375105,2.494872,244.7259
92800.16,20.62,735.2312,-0.064453,0.046558,1.001357,3.50871,2.768245,245.5013
92797.88,20.63,735.4347,-0.024902,0.02312,0.988662,1.437221,1.120954,245.8789
92797.61,20.63,735.4584,-0.029785,-0.031567,1.013076,1.641586,0.382808,246.3256
92797.91,20.63,735.432,-0.010742,-0.007642,0.990615,1.941588,-0.519834,246.2766
92798.98,20.64,735.3342,-0.039063,-0.018384,0.987197,3.43438,-2.04681,246.7256
92799.02,20.64,735.3316,-0.080078,-0.044751,0.987197,2.982369,-1.468605,246.736
92791.14,20.65,736.0371,-0.053711,-0.054028,0.990127,0.980551,-0.595413,246.4456
92792.22,20.66,735.942,0.029785,0.036304,1.004287,1.258389,1.121175,246.2971
92796.2,20.66,735.5853,0.010254,0.039233,1.007217,0.856993,2.045895,246.2536
92788.95,20.66,736.2326,0.029297,0.024585,1.015029,0.098478,0.52015,246.1345
92785.36,20.66,736.555,0.010254,0.028979,1.008193,-0.41875,1.422078,245.6038
92785.38,20.67,736.5524,-0.001465,0.022632,1.015518,-0.726798,1.869835,245.4897
92790.09,20.68,736.1322,-0.000977,0.028979,0.987197,-0.087439,1.731021,245.2384
92787.45,20.68,736.3674,-0.052734,0.032397,0.995986,0.690996,1.590387,244.8218
92787.45,20.68,736.3674,-0.086426,-0.05061,0.968643,1.81458,-0.047896,244.6638
92784.45,20.68,736.6343,-0.109863,-0.055005,0.971084,2.47881,-0.286059,244.3005
92784.64,20.66,736.6184,0.023926,0.084155,0.994033,0.941844,-0.367336,244.2466
92784.22,20.68,736.6554,0.012207,0.008472,1.015518,0.977046,1.087407,244.212
92786.94,20.69,736.4123,0.044434,0.060718,0.992568,-0.366158,1.863476,244.2493
92777.71,20.69,737.2367,-0.040039,-0.104321,0.9496,0.602255,-1.075869,244.809
92776.34,20.69,737.3609,-0.061523,-0.005688,1.024795,0.303974,-1.35658,245.3308
92779.13,20.67,737.1125,-0.051758,0.03728,0.969131,-0.182276,-1.124915,245.5771
92774.36,20.65,737.5379,0.01709,0.010913,1.036514,-0.411018,0.752784,244.9721
92775.38,20.65,737.4454,-0.006348,0.029956,1.014053,-1.707469,0.473389,245.0953
92770.98,20.64,737.8391,-0.097656,0.018726,1.076064,-1.290717,1.297028,245.1817
92772.92,20.64,737.6647,-0.024414,-0.062329,0.999404,-1.936235,1.088805,245.5559
92769.54,20.63,737.9686,-0.020508,-0.061353,0.993545,0.738378,0.036261,246.0828
92767.92,20.63,738.114,-0.051758,-0.000317,0.99208,2.976851,0.668294,246.036
92768.91,20.63,738.0241,0.047852,-0.014966,1.0121,3.048364,-0.790322,246.2661
92767.66,20.64,738.1377,-0.058594,-0.030103,1.001357,3.687186,-3.298363,245.739
92770.41,20.65,737.892,-0.070801,-0.05647,0.993057,4.079409,-3.35722,245.4673
92766.09,20.65,738.2778,-0.003906,-0.033521,1.020889,0.871638,-3.275314,245.6534
92770.98,20.64,737.8391,-0.018555,-0.057935,1.028213,0.877876,-3.494261,245.4302
92770.38,20.65,737.8946,-0.024902,-0.072583,1.000869,1.530695,-3.599849,245.1753
92768.7,20.64,738.0426,0.038086,-0.021802,1.001846,0.11411,-2.232456,245.2128
92769.63,20.64,737.9607,0.04834,-0.061353,0.997451,-2.098598,-2.341362,245.4325
92771.7,20.65,737.7757,0.03125,-0.007642,0.994033,-2.254273,-0.21814,245.09
92771.7,20.65,737.7757,0.032227,-0.002271,1.008682,-3.156269,0.410805,245.3067
92771.97,20.64,737.752,0.118164,0.02312,1.026748,-4.712327,1.086644,245.281
92777.75,20.62,737.2341,0.056641,0.056323,0.986709,-1.618632,0.485354,244.4418
92778.95,20.61,737.1284,0.045898,0.019702,0.984268,-1.866473,1.078352,243.528
92776.22,20.6,737.3715,-0.022461,-0.023267,0.986221,1.902226,-0.541168,243.1457
92783.69,20.59,736.7029,-0.039063,-0.041821,0.992568,1.609265,-2.443731,244.0952
92789.11,20.56,736.2194,-0.084473,-0.043774,0.993057,2.283461,-1.059468,244.2286
92789.11,20.56,736.2194,-0.048828,-0.026685,0.995498,2.574444,-1.251861,244.4327
92793.63,20.59,735.8151,-0.067383,-0.054517,0.993057,2.228678,-0.706919,245.7003
92798.27,20.63,735.4003,-0.069824,0.022144,1.002822,2.78744,-0.080462,244.9981
92798,20.68,735.4241,-0.01709,-0.004712,1.005264,0.740085,-0.21593,243.7676
92798,20.68,735.4241,-0.019531,-0.032544,0.996963,1.141724,-1.812004,243.3629
92784.45,20.71,736.6343,-0.032227,-0.017407,1.008682,1.862288,-0.704359,243.2948
92787.47,20.79,736.3647,-0.035156,-0.033521,0.993057,2.089632,-2.094822,243.6305
92792.27,20.77,735.9367,-0.063477,-0.061841,0.98915,3.190812,-3.387131,243.5021
92818.22,20.77,733.6168,-0.055176,-0.050122,1.007705,3.339189,-2.435724,243.058
92818.17,20.8,733.6221,-0.010254,-0.047681,0.966689,1.582208,-3.558258,243.0168
92826.39,20.83,732.8875,-0.007324,-0.105298,1.053115,-0.284502,-3.293607,242.4352
92827.44,20.88,732.7924,0.022949,-0.110669,0.97792,0.331836,-3.188772,242.3946
92827.4,20.91,732.795,0.03418,-0.057935,0.979385,-0.597596,-3.356584,242.6642
92827.7,20.95,732.7686,0.006836,-0.076001,0.987686,-0.074568,-2.576339,242.6559
92822.63,20.97,733.2231,0.011719,-0.031567,1.027236,-1.37682,-1.781796,241.7005
92824.88,21,733.0223,0.036621,-0.028638,1.016006,-1.345342,-0.305708,242.473
92810.78,21.01,734.2827,0.000488,0.006519,1.004775,-0.43311,-0.851842,243.0011
92807,21.03,734.6182,0.026855,0.000171,0.989639,-1.236171,-0.689463,242.6884
92806.16,21.05,734.6948,0.006836,-0.020337,0.98915,-0.904372,-0.529038,242.5661
92806.45,21.08,734.6684,0.008789,0.005054,0.994033,-0.514587,-0.173257,241.9881
92786.57,21.11,736.4467,0.03125,0.016772,1.003799,-1.301998,0.340411,241.8117
92760.46,21.1,738.7798,0.01416,-0.018384,0.996963,-0.48533,-0.781833,241.9243
92755.86,21.07,739.192,-0.020996,-0.012524,0.993545,0.558659,-0.885834,242.5132
92756.61,21.04,739.1259,0.089355,-0.013989,0.987197,-0.370197,-0.779483,242.0237
92759.73,21.02,738.8458,-0.074707,-0.011548,1.000381,0.305174,-0.423716,241.7287
92757.64,21,739.0334,0.081543,0.085132,0.981826,-1.146547,1.045388,241.5874
92758.45,20.98,738.9595,0.05957,0.0573,1.00917,-1.440486,1.17249,241.4819
92758.45,20.98,738.9595,0.040527,0.038257,0.998428,-1.652394,2.621063,240.9116
92758.48,20.99,738.9568,0.037598,0.034839,0.96376,-1.567328,2.243818,240.6597
92759.26,21,738.8881,0.05957,0.065601,1.014541,-3.427678,3.420352,240.7792
92758.98,21.01,738.9119,-0.020508,-0.021802,0.977432,-1.822114,1.874476,240.9312
92758.98,21.01,738.9119,0.038574,0.066577,1.022842,-3.304521,2.609343,241.2848
92759.7,21.01,738.8485,0.031738,0.049976,0.998428,-2.880213,2.084579,241.1492
92757.73,21.01,739.0255,-0.00293,0.032397,1.004775,-1.871248,2.424797,240.8577
92758.95,21,738.9146,-0.007324,0.047046,1.004287,-0.186699,2.393912,240.9453
92764.23,21,738.4442,0.07373,0.101733,1.03749,-1.057062,2.886635,241.2865
92757.61,21,739.0361,0.026367,0.046069,0.983779,-1.570192,3.024024,240.3199
92759.92,21,738.8273,0.078125,0.061206,0.999893,-1.872498,2.124343,239.178
92759.11,20.98,738.9013,0.030762,0.048999,1.003311,-1.794128,1.736718,238.3594
92765.77,20.99,738.3068,0.023926,-0.027173,0.979385,-1.628768,-0.563476,237.2061
92758.19,20.99,738.9832,0.004395,-0.061353,0.959365,-1.908082,-1.019772,236.5783
92755.55,20.99,739.2211,0.097168,-0.016431,0.994033,-3.628257,-0.438058,236.3324
92758.78,20.98,738.9304,0.103516,0.090991,1.022842,-4.498125,0.317977,236.0066
92760.16,20.99,738.8088,0.046387,-0.07063,0.978896,-3.370287,1.017452,236.255
92757.13,20.98,739.0784,0.061035,-0.013013,1.016982,-4.079981,1.822452,237.3438
92757.38,20.97,739.0573,0.075684,0.099292,1.015029,-4.856764,3.105442,237.5647
92750.19,20.98,739.6993,-0.004395,0.027026,1.040908,-1.690035,2.21398,238.6628
92751.5,20.98,739.583,-0.01709,-0.01106,1.002334,0.641815,-0.313015,240.437
92750.7,20.96,739.6544,-0.014648,0.028491,1.001357,0.798844,0.4744,240.8504
92753.61,20.96,739.3928,-0.004883,0.024585,1.025771,1.224878,1.209589,240.8065
92751.3,20.96,739.5989,0.039551,-0.014966,0.996475,-0.575735,-0.03623,240.8882
92754.18,20.95,739.3426,0.022949,-0.068677,0.976455,-1.564233,-2.077463,241.1264
92750.64,20.96,739.6597,-0.043945,-0.08479,0.965713,-1.20089,-3.179739,241.2327
92753.58,20.95,739.3954,0.043945,-0.088208,1.001357,-2.378111,-4.03147,240.6667
92753.61,20.96,739.3928,0.15332,0.046558,0.993057,-3.035417,-2.597096,239.8806
92752.86,20.95,739.4615,0.077637,0.007007,1.008193,-2.73612,-1.520645,240.254
92753.13,20.94,739.4377,0.049805,0.037769,0.996475,-2.104841,-0.238279,240.7317
92755.77,20.94,739.1999,0.023438,-0.033032,1.017471,-0.628328,-1.994795,241.1097
92751.78,20.94,739.5566,0.109375,-0.04231,1.027725,-0.165539,-3.611949,241.7258
92749.98,20.96,739.7178,-0.053223,-0.07356,0.989639,3.208279,-4.844336,242.7888
92754.27,20.96,739.3347,-0.03418,-0.058423,0.985244,1.857936,-4.555575,243.5854
92751.33,20.96,739.5963,-0.134766,-0.135571,0.984756,1.166199,-3.801928,243.9341
92752.29,20.96,739.5117,0.00293,-0.099438,1.016494,-0.378311,-5.438866,243.7898
92756.6,20.96,739.1259,0.016602,-0.085278,0.993057,-0.951773,-4.943141,243.5271
92754.59,20.96,739.3056,0.035156,-0.031079,1.008682,-0.575307,-2.851635,243.3616
92754.59,20.96,739.3056,-0.036621,-0.045728,1.011611,-0.561176,-1.688423,243.1903
92754.53,20.95,739.3109,0.021973,-0.025708,1.008682,-1.578788,-0.845012,243.2496
92757.26,20.96,739.0678,0.109375,-0.001294,0.990615,-1.561656,-1.251295,243.0009
92757.34,20.97,739.0599,0.080566,-0.141919,0.89833,-0.759609,-0.742729,243.4361
92757.34,20.97,739.0599,0.025391,-0.048169,0.958877,-1.476932,-1.235,243.8388
92754.05,20.97,739.3531,-0.051758,-0.014966,1.000869,-0.402227,-1.247796,243.9598
92754.08,20.97,739.3505,-0.002441,0.01189,0.998428,-0.056328,-0.24555,244.2061
92751.8,20.98,739.5566,-0.01709,-0.017896,1.010146,0.707731,0.524774,244.6398
92757.73,20.98,739.0255,0.017578,0.061694,0.999893,0.292967,1.393351,244.9168
92753.42,20.97,739.4113,-0.064453,0.060229,0.965225,2.123232,0.968436,244.9941
92754.98,20.96,739.2712,-0.023926,0.009448,1.014053,1.371628,0.501661,244.8993
92755.55,20.95,739.2184,0.066406,-0.006665,0.956436,-0.032727,-0.069549,244.6642
92755.25,20.96,739.2474,0.027344,0.097339,0.990615,0.210118,0.271018,244.6022
92751.95,20.96,739.5408,0.01123,0.031421,0.994521,0.050379,1.402823,244.5984
92753.66,20.96,739.3875,0.052246,0.021167,0.961318,0.260062,1.536498,244.526
92752.92,20.95,739.4536,-0.007813,0.007495,1.014053,-0.151967,1.30855,244.5118
92756.88,20.95,739.1021,0.020996,0.016284,0.963271,-0.673963,0.869022,244.6575
92752.29,20.96,739.5117,-0.027832,-0.0052,0.985244,0.598537,-0.147369,245.0889
92752.34,20.96,739.5064,0.003418,0.02312,0.987197,0.825132,1.213364,245.3887
92754.35,20.97,739.3267,-0.037598,-0.003247,1.002334,0.680136,0.524507,245.6074
92750.7,20.96,739.6544,-0.012207,-0.009595,1.000381,0.72845,-0.628263,245.2746
92754.41,20.97,739.3215,-0.041992,-0.041333,1.007705,1.979547,-0.654172,245.2025
92753.12,20.98,739.4377,-0.04834,-0.047192,1.021865,1.788961,-1.642247,244.716
92749.05,20.96,739.8024,-0.051758,-0.045239,1.024307,2.395018,-2.421795,244.3653
92756.33,20.97,739.1497,-0.053223,-0.061353,0.985244,2.253578,-2.319971,243.899
92756.3,20.96,739.1523,-0.113281,-0.033032,0.990615,3.921592,-1.544353,243.6638
92753.39,20.97,739.4139,-0.02832,-0.037915,0.996963,2.087214,-1.671844,243.6686
92755.73,20.97,739.2052,-0.062012,-0.034497,1.002822,2.495624,-1.176614,243.5283
92753.78,20.98,739.377,-0.050293,-0.048169,1.000869,2.07315,-1.723887,243.8998
92751.86,20.98,739.5487,-0.080566,-0.034985,0.992568,2.982594,-1.951924,244.36
92754.8,20.98,739.2871,0.003906,-0.07356,0.956436,3.196046,-2.535925,244.3105
92754.8,20.98,739.2871,-0.050293,-0.034497,0.99501,2.966089,-2.134014,244.5057
92757.16,20.99,739.0757,-0.04248,-0.041333,1.00917,2.772069,-1.587113,244.3651
92754.83,20.98,739.2845,-0.040527,-0.050122,0.992568,2.737371,-2.33248,244.0891
92754.53,20.99,739.3109,-0.057617,-0.031567,1.009658,3.552593,-2.014573,243.8183
92754.53,20.99,739.3109,-0.062988,-0.051099,0.99208,3.729328,-3.215339,243.753
92754.64,21,739.3003,-0.032227,-0.011548,1.001846,3.182405,-1.90894,243.4728
92753.02,21,739.4456,-0.081055,-0.017407,1.007705,3.272243,-1.866448,243.4543
92752.99,21,739.4483,-0.154785,-0.051587,0.995986,3.233981,-1.029703,243.0145
92748.41,21,739.8578,0.008301,-0.034497,0.991104,1.831763,-0.793117,243.1867
92753.41,21.01,739.4113,0.049316,0.040698,1.009658,-1.223502,1.617095,243.7941
92753.77,21.01,739.3796,0.007813,0.05437,0.965713,-0.879165,3.475374,243.6725
92754.88,21.03,739.2792,0.078613,0.065112,0.999893,-2.034461,4.596451,242.9179
92751.88,21.02,739.5487,0.073242,0.033374,0.979873,-2.631132,3.704993,243.077
92751.58,21.03,739.5751,0.020996,0.069507,1.001846,-2.238686,3.746998,243.2221
92754.55,21.03,739.3082,-0.016113,0.072437,1.021377,0.054253,3.137135,243.4978
92755.59,21.04,739.2158,0.009766,0.047534,0.998428,-0.456856,2.503428,244.1112
92752.56,21.03,739.4879,-0.019531,0.047046,1.008193,0.430735,2.819785,244.8282
92753.23,21.03,739.4271,0.027832,0.045581,1.025283,-0.556439,2.295883,244.8412
92750.38,21.04,739.6834,0.000488,-0.021313,0.99501,0.362265,1.548538,244.6627
92753.97,21.04,739.3611,0.016113,0.080249,1.043838,-0.638478,2.971766,243.7975
92751.13,21.05,739.6147,0.018066,0.049976,0.998916,-1.031626,1.514899,244.068
92751.42,21.05,739.5883,0.035645,0.008472,0.992568,-0.462835,-0.383827,244.2612
92754.42,21.05,739.3215,0.000977,0.028979,0.981826,-0.247309,0.764414,244.2741
92752.17,21.06,739.5223,0.039551,-0.01106,0.991104,-0.812186,-0.859366,244.413
92753.88,21.07,739.369,-0.012207,-0.005688,1.021377,0.028431,-0.492404,244.0504
92757.3,21.08,739.0625,0.004395,0.033862,1.00624,-0.73818,0.115293,244.0065
92757.3,21.08,739.0625,0.042969,0.034839,1.005264,-1.080084,1.818215,243.9157
92755.41,21.09,739.2316,0.018555,-0.02229,1.0121,-1.471057,1.358706,243.8424
92755.45,21.1,739.2289,-0.001465,0.000171,0.98915,-0.464183,1.076771,243.2954
92758.13,21.1,738.9885,0.060059,0.015796,0.967666,-0.839961,1.455693,243.4796
92758.84,21.11,738.9251,-0.000488,-0.006665,1.001846,-2.082412,1.074368,243.5181
92762.17,21.11,738.6265,0.024902,0.015308,0.994033,-1.78753,1.087366,243.7624
92755.55,21.11,739.2211,0.052734,0.046069,0.982803,-2.172601,2.422267,244.0683
92755.55,21.11,739.2211,0.050293,0.076343,0.979873,-2.115041,3.737109,244.064
92755.58,21.11,739.2184,0.000977,0.053394,1.008193,-0.324246,3.1686,244.4604
92759.83,21.11,738.8379,0.006348,0.045581,1.006729,-1.076458,2.869159,245.0191
92759.83,21.11,738.8379,0.049316,0.052417,1.027725,-1.188279,2.439831,245.4341
92758.52,21.11,738.9542,0.03125,0.097339,0.99208,-1.302438,3.030846,245.249
92755.27,21.11,739.2448,-0.09668,0.080249,1.004287,1.318751,2.370988,244.6416
92758.02,21.13,738.9991,-0.075195,0.071948,1.011123,3.647381,1.472242,244.49
92758.69,21.13,738.9383,-0.046387,0.018237,0.991104,2.247983,0.927247,244.8473
92762.34,21.13,738.6133,-0.040039,0.01189,1.001846,2.340681,0.832696,245.0394
92769.98,21.14,737.929,-0.043945,0.011401,1.000869,2.102555,0.338933,245.0724
92771.94,21.13,737.7546,-0.071289,0.00603,1.0121,2.90903,-0.553159,245.2381
92790.67,21.13,736.0794,-0.020508,-0.021802,0.978896,1.597606,-1.12969,244.7401
92811.35,21.16,734.2298,-0.04248,-0.034985,0.984756,2.391346,-1.195923,244.8691
92812.55,21.18,734.1241,-0.053711,-0.007642,0.99501,2.446052,-0.875719,245.0836
92798.81,21.19,735.3528,-0.025391,-0.018384,0.986221,2.0623,-1.24958,245.0415
92806.28,21.18,734.6843,-0.045898,-0.016431,1.002334,2.715103,-1.17081,245.1077
92818.69,21.2,733.5745,-0.035645,-0.045728,0.988174,2.001993,-2.249541,244.7316
92801.83,21.24,735.0806,-0.027344,-0.000806,0.990127,1.798233,-1.143619,244.5469
92796.95,21.21,735.5166,-0.046875,-0.023267,0.993545,2.694146,-0.997052,244.5388
92801.54,21.2,735.107,-0.045898,-0.021802,0.994033,2.382585,-0.794681,244.5241
92808.8,21.2,734.4597,-0.040527,-0.012524,0.995498,2.283308,-0.761347,244.4499
92802.97,21.22,734.9802,-0.037109,-0.019849,0.98915,2.231992,-0.875146,244.2996
92815.59,21.27,733.8519,-0.036621,-0.037915,0.994033,2.030237,-1.536495,244.264
92815.59,21.27,733.8519,-0.032715,-0.030103,0.993545,1.860804,-1.726367,244.281
92801.99,21.3,735.0674,-0.036621,-0.023267,1.011611,2.090238,-1.089841,244.2641
92808.91,21.34,734.4491,-0.030762,-0.02522,0.988174,1.753949,-1.305117,243.9252
92801.34,21.34,735.1255,0.038574,0.026538,1.024307,2.253059,-0.134598,243.1292
92801.34,21.34,735.1255,-0.049805,-0.018872,0.996963,2.655508,-0.900681,242.1176
92797.41,21.3,735.4769,0.016113,-0.014966,0.993057,1.097238,-0.838724,241.2831
92797.23,21.28,735.4928,0.015625,-0.038892,0.98085,0.780453,-0.718781,241.1337
92798.16,21.27,735.4109,-0.035156,0.012378,1.001846,1.630195,0.255511,240.8528
92801.07,21.27,735.1493,-0.015625,-0.023267,0.983779,0.720137,0.12883,240.7169
92802.3,21.26,735.0383,-0.015137,0.016284,0.980361,1.099825,0.97352,240.1554
92802.22,21.25,735.0463,-0.098633,0.028003,1.0121,-0.248278,1.243759,240.2026
92799.77,21.23,735.2656,0.02002,0.004565,1.014053,-0.451796,0.946165,240.3027
92803.63,21.22,734.9194,0.049316,0.050464,1.000869,0.174339,1.119372,239.9184
92802.31,21.22,735.0383,0.053711,0.069995,1.003799,0.384508,0.620645,239.3978
92801.84,21.2,735.0806,-0.068848,0.017261,1.012588,1.503131,1.014181,239.7459
92803.07,21.19,734.9696,0.017578,0.001636,0.994521,0.231159,0.237538,239.9309
92798.03,21.18,735.4214,-0.013672,-0.001782,1.004287,0.708478,0.040277,240.7
92796.81,21.15,735.5298,-0.000977,-0.009106,0.982803,0.302229,-0.530567,241.5232
92816.45,21.14,733.7753,-0.013184,-0.016431,0.995498,0.739583,-1.250234,240.8861
92819.8,21.18,733.4741,-0.10498,0.189624,1.042373,3.236513,1.671052,238.0556
92822.28,21.24,733.2521,0.016113,0.022144,0.99501,3.102351,2.694933,232.0144
92823.23,21.27,733.1676,0.114746,-0.112622,0.958877,1.54701,-0.807207,231.5605
92836.51,21.28,731.9812,-0.079102,-0.061353,0.954971,2.818799,-2.442054,240.3123
92821.6,21.31,733.3156,0.004395,0.004077,1.004287,3.257142,-0.599903,244.0029
92812.27,21.34,734.1479,-0.151855,-0.111157,0.933975,6.278061,-0.485166,243.8712
92812.86,21.37,734.095,-0.071289,0.044604,0.99208,3.678431,2.004081,243.2115
92812.86,21.37,734.095,-0.098633,0.087085,1.03749,4.814518,3.358199,243.1835
92815.37,21.39,733.8704,0.025391,0.002612,0.939834,2.533342,1.574505,243.9836
92814.55,21.42,733.9444,-0.013184,0.034839,0.950088,1.614969,1.339234,243.8137
92818.48,21.41,733.593,0.03418,-0.010571,0.986709,0.751451,1.02013,242.3292
92823.77,21.41,733.1201,0.004395,0.084155,1.031631,-1.643856,2.330723,243.0887
92823.77,21.41,733.1201,-0.067871,0.04021,0.98085,1.605042,1.825024,241.7074
92804.71,21.42,734.8243,0.02002,-0.021313,0.970107,3.450793,1.383911,239.3869
92805.73,21.39,734.7318,-0.076172,-0.020825,0.955947,2.324812,1.160173,238.4366
92805.48,21.36,734.7556,0.055664,0.048022,0.863662,4.542194,-0.078663,236.9899
92809.66,21.35,734.3831,-0.015625,0.007983,0.984268,2.712557,1.207582,237.0332
92805.52,21.33,734.7503,-0.070313,-0.030103,0.995498,3.467165,-0.809222,237.4462
92799.55,21.32,735.2841,-0.104004,-0.010571,1.013564,6.707606,-0.398647,237.9914
92800.6,21.33,735.1916,-0.023926,0.025073,0.956924,6.717307,2.525079,238.185
92796.95,21.33,735.5192,-0.052246,-0.040845,0.965225,6.289748,3.092052,237.144
92791.25,21.31,736.0266,0.022461,-0.033032,0.994521,2.753716,-0.256275,241.9095
92803.04,21.3,734.9723,0.037598,-0.023755,0.964736,1.527963,-1.046356,236.2143
92803.25,21.29,734.9538,-0.067871,-0.035962,1.020889,2.495313,-0.045137,232.533
92806.83,21.28,734.634,-0.034668,0.007983,0.98085,2.557727,0.898304,228.2148
92811.17,21.29,734.2457,0.003418,-0.009595,0.971084,2.992883,-0.517745,227.2162
92825.36,21.29,732.9774,-0.089355,-0.034497,0.995986,4.900588,-1.404791,226.2384
92817.2,21.3,733.7093,-0.149414,-0.017896,1.008193,5.914989,-1.091186,226.6665
92819.09,21.29,733.5375,-0.103516,0.000171,1.016494,4.536292,-0.433812,227.3439
92811.26,21.3,734.2404,0.097656,0.007495,0.959365,4.402395,1.22055,228.7434
92812.3,21.31,734.1453,-0.121582,0.122241,0.933975,3.248067,2.902942,226.1938
92812.84,21.29,734.0977,0.036133,-0.072095,1.001357,-0.16581,1.796534,224.7118
92839.54,21.29,731.7117,-0.01416,0.065112,0.981826,0.722727,4.164115,224.9052
92839.54,21.29,731.7117,-0.020508,-0.075024,1.015518,1.049378,1.456146,225.8714
92843.73,21.32,731.3365,-0.009277,0.055835,0.990127,0.362118,3.420553,227.0782
92836.1,21.35,732.0182,0.003906,0.106128,0.968643,0.836887,5.242404,227.4171
92858.64,21.4,730.0048,-0.206055,-0.142896,0.985732,1.748307,3.138407,225.7896
92867.07,21.42,729.2518,0.0625,-0.106763,0.935928,3.178103,-7.078528,229.5764
92841.59,21.45,731.5267,-0.100098,-0.008618,0.98915,6.878924,-1.383428,227.9444
92850.56,21.46,730.7261,-0.132813,-0.339185,0.88417,4.328642,-1.813266,226.6385
92869.66,21.49,729.0192,0.003418,0.104663,1.058975,-1.622681,4.43802,230.3209
92837.33,21.49,731.9099,-0.04541,0.080737,1.016006,-3.811308,4.426286,232.3375
92777.76,21.47,737.2341,0.246094,0.191089,1.001846,-7.051843,0.356111,233.0639
93082.61,21.43,710.0107,0.092773,-0.090161,0.960342,-5.134953,0.090785,232.0259
92894.96,21.44,726.7601,0.198242,-0.077466,1.030166,-6.985086,0.92785,233.2704
92909.45,21.44,725.4654,0.135742,-0.029126,1.011123,-6.234991,0.15365,232.981
92888.64,21.4,727.3229,0.018066,-0.109204,0.98915,-6.501862,-2.759946,235.8423
92915.58,21.38,724.9184,0.036621,-0.128247,1.059951,-8.347185,-4.351958,237.9882
93027.93,21.37,714.8884,0.069824,-0.100415,1.061904,-8.434616,-4.724757,237.6092
92931.41,21.35,723.5048,0.186523,0.066577,1.021377,-12.20325,2.78639,237.1003
92825.31,21.33,732.9826,0.096191,0.418628,0.898818,-6.165967,19.48215,233.6474
92809.42,21.2,734.4016,0.061035,0.66521,0.630752,-1.113816,32.74644,236.5507
92809.42,21.2,734.4016,-0.003418,0.778491,0.671279,1.381401,41.27059,241.9122
92798.98,21.13,735.3369,-0.007813,1.080737,0.923721,-1.968347,33.18035,248.2769
92799.77,21.11,735.2656,0.035156,0.023608,0.755752,-6.303306,3.783356,254.617
92792.23,21.12,735.9393,0.024414,-0.152661,1.001846,-6.169487,-5.115134,255.6318
92817.63,21.12,733.6696,0.254395,-0.222974,0.945205,-5.537817,-1.434847,249.8316
92816.16,21.1,733.8018,0.037598,-0.072095,1.012588,-1.165634,-1.969078,244.8697
92816.16,21.1,733.8018,0.026855,0.013843,0.990127,-2.024543,0.262427,243.132
92811.83,21.06,734.1875,0.046387,-0.016431,1.04042,-4.178111,-1.884177,244.2904
92819.8,21.02,733.4741,0.123047,0.013843,1.051162,-8.334526,-5.842019,246.817
92887.37,20.95,727.4391,0.334961,-0.054517,0.987686,-9.627625,-8.909822,247.5391
92901.75,20.93,726.1523,0.166504,-0.201001,0.979873,-8.267365,-8.58106,245.3333
92869.14,20.94,729.0668,0.001465,-0.10188,1.038467,-2.785445,-5.425207,240.1526
92849.3,20.93,730.8397,0.004883,-0.063794,0.969131,-1.706304,-4.524443,238.3391
92850.41,20.94,730.7393,0.062988,-0.114575,0.987197,-3.679319,-5.640828,239.3885
92858.77,20.96,729.9916,0.193848,-0.038892,1.002334,-7.679503,-4.454137,239.9964
92883.38,20.94,727.7932,0.185059,-0.190259,0.922744,-8.846915,-8.532144,242.3096
92881.5,20.92,727.9623,0.039063,-0.109692,0.967666,-9.085527,-8.153305,243.2816
92874.36,20.89,728.5991,0.126953,-0.089185,0.982314,-8.611368,-6.504761,243.8286
92848.14,20.87,730.9428,0.067871,-0.030103,0.949111,-8.470644,-4.742422,244.5585
92840.35,20.85,731.6377,0.276367,0.018237,0.996963,-10.44296,-3.032199,243.9461
92836.63,20.84,731.9706,0.182617,-0.003735,0.999404,-11.71849,-3.613905,246.1192
92854.83,20.81,730.3456,0.228516,-0.001782,1.028701,-12.29194,-4.16254,245.801
92882.72,20.76,727.854,0.20166,-0.124829,0.986221,-11.97699,-7.768294,248.0866
92882.72,20.76,727.854,0.264648,-0.114575,0.983291,-12.12178,-9.318165,249.7863
92884.64,20.75,727.6796,0.219727,-0.081372,0.987197,-12.3964,-7.3861,250.3181
92885.78,20.73,727.5792,0.165527,-0.270825,0.954482,-12.23132,-10.79247,251.8245
92913.64,20.71,725.0901,0.261719,-0.157056,0.991104,-12.6746,-10.91746,251.3695
92918.41,20.73,724.6647,0.244629,-0.199048,0.964248,-12.84066,-10.77803,250.8777
92918.41,20.73,724.6647,0.159668,-0.180493,0.937393,-11.34147,-11.2781,250.836
92894.02,20.77,726.8446,0.231934,-0.165356,0.971084,-11.39095,-8.210804,250.8772
92843.63,20.77,731.347,0.288086,0.056323,0.972061,-12.31094,-6.302536,251.4111
92878.02,20.75,728.2741,-0.122559,-0.087231,1.137588,-10.8025,-6.715396,250.8251
92841.28,20.73,731.5558,0.125977,0.063159,1.071182,-11.74772,-4.941127,247.0944
92887.01,20.72,727.4708,0.220703,0.01189,1.025771,-12.14964,-5.672767,242.6603
96330.33,20.73,424.3941,0.297363,-0.140942,0.897354,-10.53826,-11.56277,238.2605
94835,20.79,554.9145,0.128418,-0.191235,1.039443,-10.07707,-4.587711,219.7176
96448.89,20.85,414.1157,0.223145,-0.174634,0.980361,-10.26331,-0.146143,200.1273
93839.95,20.91,642.6961,-0.005859,-0.071118,0.99208,-4.273513,-0.256323,184.5328
92037.45,20.93,803.6423,-0.135254,0.015796,0.976943,-3.771518,4.184202,170.245
92845.86,20.91,731.1462,0.085938,0.170581,0.750381,-1.486116,6.192901,155.4222
92829.63,20.87,732.5969,0.33252,0.38103,1.276748,0.691386,10.69666,150.6335
92827.7,20.83,732.7686,0.133301,-0.055493,0.780654,-2.311748,5.299421,151.5333
92834.6,20.72,732.153,0.567383,0.337573,1.264053,1.020283,0.139767,157.2272
92834.6,20.72,732.153,0.263672,-0.110669,0.77333,-0.736414,-1.515613,178.0044
92235,20.7,785.881,0.36084,0.056323,1.144424,-0.519703,-6.58891,215.4881
95920.13,20.65,460.0357,-0.072754,0.159839,0.925186,-4.10422,-5.200038,250.9288
92828.41,20.65,732.7052,0.084473,-0.023755,0.982803,-4.34984,-4.861262,270.7242
92802.13,20.66,735.0542,0.03418,0.105151,1.027725,-1.381599,0.418428,275.8854
92779.98,20.69,737.0333,-0.025879,0.094897,0.998428,0.309044,3.04211,282.3575
92777.95,20.69,737.2156,-0.031738,0.119312,1.021865,1.172967,6.746267,285.4768
92777.95,20.69,737.2156,-0.026855,0.017261,0.991104,0.679469,6.518425,280.501
92783.5,20.68,736.7188,0.015137,-0.000806,1.052139,0.789723,1.43365,282.6142
92781.31,20.65,736.917,-0.126465,-0.076489,0.993057,2.547549,-3.166031,283.9445
92775.68,20.65,737.419,-0.245605,-0.055005,0.942764,8.364699,-0.63435,284.5296
92782.23,20.65,736.8324,-0.122559,0.028003,0.993057,9.05662,2.837155,280.0143
92779.4,20.62,737.0861,-0.319824,0.076831,0.933486,11.49732,3.884681,282.5996
92778.38,20.62,737.1786,-0.295898,0.093433,1.000869,12.20606,4.375606,283.3966
92782.27,20.61,736.8298,-0.226074,0.055347,0.954482,13.23955,3.641213,283.772
92779.61,20.61,737.0676,-0.213379,0.036304,0.96376,12.27338,1.770037,284.2512
92775.75,20.58,737.4138,-0.265137,0.056323,0.96083,13.77985,2.658416,284.8317
92783.69,20.59,736.7029,-0.248047,0.06853,0.9579,13.77306,3.636255,285.3683
92777.27,20.57,737.2763,-0.265625,0.069019,0.9579,13.96529,4.055612,285.6761
92782.03,20.58,736.851,-0.239258,0.041187,0.968643,13.11152,3.783463,285.7843
92780.39,20.59,736.9989,-0.226074,0.06853,0.944229,13.55799,3.869616,286.1671
92778.41,20.59,737.1759,-0.217773,0.043628,0.961318,12.80868,3.81057,286.282
92778.27,20.57,737.1891,-0.242676,0.076343,0.950576,13.38226,4.346478,286.3429
92780.92,20.57,736.9514,-0.244141,0.063647,0.956436,13.27119,4.647455,286.1067
92781.28,20.57,736.9196,-0.235352,0.079272,0.9579,13.50591,4.64406,285.8886
92777.66,20.58,737.242,-0.20459,0.110034,0.956436,12.65565,5.446818,286.7668
92777.19,20.56,737.2842,-0.151855,0.08562,0.944717,10.95865,4.903632,287.2596
92776.02,20.57,737.39,-0.141602,0.08562,0.971572,8.460048,4.590635,287.675
92779.64,20.58,737.0649,-0.135254,0.096362,0.988174,7.787084,4.138921,287.4239
92778.2,20.6,737.1944,-0.033691,0.016284,1.004287,5.28069,4.058664,287.0629
92778.2,20.6,737.1944,-0.047852,0.087085,0.996475,4.402687,3.533225,287.1533
92771.31,20.6,737.8101,-0.008301,0.164722,1.016006,2.619146,3.043917,287.8224
92774.42,20.62,737.5327,0.067383,-0.01936,1.011123,-0.556878,1.069887,288.8369
92778.38,20.58,737.1786,0.080566,-0.163403,0.909072,-4.331319,-0.614522,288.3004
92778.38,20.58,737.1786,0.079102,0.122241,1.010635,-4.395724,3.495217,287.4068
92783.2,20.57,736.7479,0.002441,-0.131177,0.899795,-2.170225,1.646604,288.2778
92784.28,20.54,736.6501,0.119141,0.153491,1.055557,-3.855766,1.506418,289.4059
92782.88,20.53,736.7769,0.047363,0.108569,0.967178,-4.271447,2.989362,288.0699
92784.49,20.53,736.6316,0.072266,0.035815,0.98085,-7.985716,4.442302,286.9677
92794.02,20.52,735.7808,0.186035,0.21062,1.044814,-9.520372,7.725132,284.0337
92796,20.52,735.6038,0.244629,0.159351,1.027725,-10.04863,10.93242,277.6821
92800.37,20.5,735.2127,0.19873,-0.008618,1.019424,-7.121456,7.589537,274.7111
92796.68,20.45,735.543,-0.06543,-0.055981,0.93251,-1.797238,-1.269332,285.4102
92791.77,20.38,735.9816,-0.005859,-0.086743,1.004287,0.055724,-1.577863,292.8806
92791.7,20.34,735.9869,0.061035,-0.038403,0.987197,1.532494,0.805297,297.4869
92786.31,20.32,736.4678,-0.069824,0.073413,0.966689,3.31567,3.432354,304.8758
92785.59,20.32,736.5339,-0.003418,0.097339,1.018447,3.663527,3.109404,308.3815
92785.92,20.31,736.5048,-0.109863,-0.004712,0.991592,3.781628,1.750976,312.616
92787.75,20.34,736.3409,-0.087402,0.021167,0.96083,5.069936,1.22221,315.0209
92785.84,20.34,736.5127,-0.11084,0.006519,0.948623,6.41604,-0.308486,315.3165
92784.16,20.34,736.6607,-0.11084,-0.022778,0.932021,7.29579,-0.599732,315.3442
92782.66,20.32,736.7954,-0.111816,0.088062,1.040908,7.860238,0.640545,315.6943
92783.56,20.27,736.7135,-0.23877,-0.015942,0.951064,10.78932,-0.398232,317.0695
92785.05,20.21,736.5814,-0.22168,0.072437,1.005264,12.89532,0.233585,317.8287
92777.89,20.19,737.2208,-0.226563,-0.055005,0.938369,13.81353,-3.175291,318.0274
92772.53,20.1,737.7017,-0.266113,-0.077466,0.905166,15.63447,-3.422273,318.3
92772.53,20.1,737.7017,-0.254883,-0.047681,0.944229,15.07378,-2.903757,317.545
92772.94,20.07,737.6647,-0.264648,-0.069165,0.941299,15.65008,-3.291048,317.1734
92773.03,20.05,737.6568,-0.253906,-0.076489,0.916396,15.43106,-3.975777,317.0649
92783.17,20,736.7505,-0.189453,-0.153149,0.969131,12.37297,-5.984012,317.1056
92785.05,19.99,736.5814,-0.206055,-0.1302,0.957412,12.4069,-6.168217,317.2217
92783.08,19.99,736.7584,-0.171875,0.058765,1.039932,11.26126,-6.501307,317.1782
92783.31,19.98,736.7373,-0.192383,-0.197095,0.962295,11.00133,-8.781269,315.5702
92785.13,19.96,736.5735,-0.167969,-0.149731,1.000869,10.28985,-8.428801,313.1389
92782.17,19.97,736.8403,-0.120117,-0.272778,0.943252,9.040601,-9.052013,312.1252
92784.2,19.94,736.658,0.003418,-0.033521,1.046279,5.670169,-7.194154,308.134
92786.53,19.9,736.4493,0.069824,-0.076001,1.003311,2.838938,-5.629832,296.278
92780.09,19.88,737.0253,0.095703,-0.080884,0.982314,-0.04542,-3.607504,275.8241
92807.68,19.88,734.5574,-0.031738,-0.151685,1.065811,-1.363972,-1.719923,252.0577
92876.02,19.86,728.4511,-0.004883,-0.157056,0.942764,-0.761889,-4.760054,231.9327
95932.44,19.85,458.963,0.000977,-0.125806,0.933975,1.302847,-6.413313,223.2296
95434.5,19.86,502.3888,0.15625,0.016284,0.975479,-0.723443,-5.904665,214.947
96454.63,19.87,413.6189,0.065918,-0.018872,0.834365,-2.726213,-5.680438,212.0968
97577.94,19.91,316.7452,-0.234375,-0.278638,1.299209,3.25006,-3.030638,216.6761
96818.5,19.97,382.1389,0.057129,0.156421,0.71083,1.528168,-2.072539,218.356
96505.28,20.04,409.2327,-0.026855,-0.072583,1.581436,2.754944,1.215664,213.3371
97071.19,20.09,360.3348,0.038574,-0.05647,0.636611,-3.077773,-3.257606,206.6852
97588.59,20.13,315.831,0.08252,-0.112134,1.010635,-1.601548,-2.933231,206.3756
98753.76,20.21,216.3071,0.04248,-0.102368,0.771865,-5.070942,-6.81513,206.9337
98753.76,20.21,216.3071,0.050781,0.037769,1.02626,-4.937368,-4.117443,202.1485
97827.59,20.24,295.3375,0.07959,0.264331,1.241592,-4.385263,-2.135692,189.8715
95596.13,20.3,488.2737,0.035156,-0.093579,0.750381,-8.30384,-6.118642,184.6622
97983.8,20.33,281.9676,0.592773,-0.614575,1.143936,-5.863837,-6.760166,189.7495
97983.8,20.33,281.9676,0.126465,-0.183423,0.912979,-9.016905,-9.690763,198.5574
99341.17,20.36,281.9676,0.208008,-0.065259,0.850967,-12.88759,-3.467928,203.2485
94567.51,20.39,578.4387,0.166504,-0.157544,0.8871,-13.44909,-2.213372,209.6877
95489.52,20.42,497.5825,0.214844,-0.159497,0.928604,-14.11664,-5.861798,220.1837
92824.92,20.4,733.017,0.31543,-0.319653,1.191299,-8.166673,-7.31797,228.7608
92824.92,20.4,733.017,0.23584,-0.201489,0.666396,-13.4427,-10.45027,228.473
92862.52,20.33,729.6586,0.707031,-0.67854,1.208877,-9.615218,-8.802873,218.1798
100178.9,20.34,729.6586,0.305176,-0.049634,0.689346,-12.45334,-8.259779,212.335
100613.9,20.4,729.6586,0.209473,-0.011548,1.390518,-12.70378,-7.36113,209.6024
100037.8,20.48,729.6586,0.302734,-0.08186,0.908096,-15.52438,-5.959632,205.1753
97380.33,20.51,333.7218,0.326172,-0.023755,0.923721,-17.41725,-3.370353,197.4317
92876.05,20.52,728.4485,0.412109,-0.240063,0.919814,-16.18893,-3.473568,194.038
92830.26,20.49,732.5414,0.360352,-0.051099,0.854873,-18.36536,-3.544073,188.9799
92818.63,20.44,733.5798,0.289063,-0.04231,1.115615,-14.78553,-0.74753,183.6235
92841.69,20.4,731.5188,0.36084,-0.223462,0.863174,-17.98749,-5.291051,187.7086
92850.31,20.41,730.7473,0.213867,-0.130688,0.824111,-18.55275,-5.704232,186.718
92849.5,20.39,730.8212,0.169922,-0.17561,1.402725,-16.41855,-5.176007,187.4206
92851.06,20.38,730.6812,0.118164,-0.048657,0.750381,-14.96971,-5.051448,190.8948
92845.7,20.37,731.1595,0.304688,-0.416333,1.107314,-12.55199,-6.565775,195.7114
92840.73,20.37,731.606,0.241211,-0.249829,0.75624,-16.53239,-10.95698,201.9041
92848.84,20.35,730.8794,0.290527,-0.191235,0.876357,-18.24661,-10.50985,201.576
92849.41,20.34,730.8292,0.305664,-0.01936,1.005752,-16.80576,-7.314891,190.876
92835.93,20.31,732.0341,0.202148,-0.075024,0.777236,-17.68233,-7.682894,183.31
92827.06,20.27,732.8267,0.481445,-0.528149,1.059463,-14.48572,-8.466224,181.7959
93201.28,20.28,699.4337,0.295898,-0.204419,0.775283,-18.69332,-9.006634,173.98
92833.44,20.29,732.256,0.511719,-0.274731,1.0204,-15.46216,-7.919684,165.7341
92833.17,20.29,732.2798,0.297363,-0.067212,0.714736,-18.686,-9.495411,158.1679
92819.97,20.29,733.4609,0.4375,-0.779614,1.185928,-18.64855,-7.628358,162.2943
92829.42,20.28,732.6154,0.369141,-0.253735,0.72499,-24.05017,-11.99819,172.9333
92838.98,20.28,731.7619,0.588379,-0.437817,1.028213,-22.52618,-7.530151,181.3524
92854.33,20.27,730.3906,0.399414,-0.117993,0.725967,-26.09241,-12.26634,187.2236
92969.48,20.25,720.1068,0.230469,-0.496411,1.126357,-21.96879,-11.72531,196.0638
94904.08,20.28,548.8505,0.259766,-0.245923,0.525771,-21.54615,-17.20922,207.391
95647.93,20.33,483.7528,0.814453,-0.548169,0.943252,-19.75104,-12.99643,207.3011
98274.92,20.39,257.0933,0.243164,-0.010571,0.584365,-21.99427,-13.17305,203.0836
96820.59,20.48,381.9592,0.414063,-0.433911,1.510146,-18.81274,-14.41598,202.1622
96820.59,20.48,381.9592,0.200684,-0.113599,0.52626,-20.61328,-15.14756,204.5971
94682.34,20.51,568.3346,0.504883,-0.318188,1.326553,-18.40808,-10.45686,202.9485
97867.38,20.53,291.9316,0.255371,-0.286938,0.595596,-20.15846,-15.18228,202.1497
94711.55,20.53,565.7664,0.48584,-0.371899,1.441787,-16.34667,-15.75211,202.64
94627.02,20.63,573.2017,0.248047,-0.217603,0.549697,-20.76679,-18.95505,205.4408
96594.92,20.66,401.4697,0.677734,-0.407544,1.235244,-19.05772,-13.68069,200.4686
96594.92,20.66,401.4697,0.286621,-0.239575,0.506729,-25.30036,-19.57246,198.9296
94133.65,20.71,616.7067,0.23877,-0.222974,1.381729,-18.9353,-17.84509,201.7057
93625.26,20.74,661.7337,0.271973,0.029468,0.610732,-22.89734,-18.17164,202.9922
96001.02,20.76,452.9967,0.458008,-0.487134,1.139053,-18.78439,-14.8826,203.9977
94825.55,20.75,555.7468,0.393066,-0.08479,0.649795,-24.79019,-19.86361,199.8223
94755.09,20.76,561.9377,0.694824,-0.476392,1.154678,-20.60061,-17.7644,199.1134
96508.88,20.76,408.921,0.215332,-0.278149,0.409072,-26.10211,-19.42479,201.1875
94880.28,20.77,550.9379,0.410156,-0.242017,1.227432,-24.58098,-17.03372,202.8728
96815.75,20.78,382.3767,0.353516,0.048022,1.008193,-24.86404,-13.85271,199.1961
95138.93,20.8,528.254,0.282227,-0.22688,0.773818,-24.56058,-12.52425,198.9887
96917.08,20.82,373.6281,0.211426,-0.103833,0.603408,-24.43793,-16.4318,205.637
95762.2,20.83,473.7888,0.378418,-0.218091,0.698135,-26.59689,-13.8775,209.26
96769.28,20.85,386.3929,0.598145,-0.421704,1.293838,-25.26296,-12.14973,207.7149
95123.47,20.86,529.6068,0.108887,-0.048657,0.462295,-24.40858,-15.73875,211.2723
96263.41,20.85,430.2018,0.156738,-0.403638,1.143936,-20.79159,-20.66898,222.4879
100392.2,20.86,430.2018,0.225098,-0.057935,0.49208,-21.79682,-21.85854,230.9089
99754.95,20.87,430.2018,0.92627,-0.595532,1.323135,-22.00115,-18.54594,226.4553
100760.9,20.92,430.2018,0.273926,-0.151196,0.411025,-22.64852,-18.52962,224.6835
100607.1,20.93,430.2018,0.362305,-0.455884,1.051162,-19.35501,-21.98724,228.8756
100607.1,20.93,430.2018,0.32666,-0.242993,0.57167,-22.91389,-22.00143,232.1901
99709.83,20.93,430.2018,0.748047,-0.180493,1.437393,-23.17777,-18.043,220.4114
98845.55,20.94,208.5071,0.20166,-0.000317,0.570205,-25.7752,-15.77654,215.3427
100094.4,20.97,208.5071,0.146973,0.064624,1.085342,-25.8617,-20.51777,218.282
96471.78,21,412.1339,0.289551,-0.204907,0.548721,-28.81465,-22.22285,221.7558
96471.78,21,412.1339,0.937012,-0.563306,1.234756,-26.42533,-16.64768,217.0262
99904.86,21.02,412.1339,0.195801,-0.180005,0.436904,-29.05268,-24.29605,219.8345
100761.2,21.02,288.7398,0.617676,-0.572583,1.359756,-23.42433,-22.49611,220.9367
100761.2,21.02,288.7398,0.161621,-0.234692,0.431045,-24.44845,-26.18222,226.6807
100320.2,21.04,288.7398,0.672363,-0.380688,1.108779,-23.18438,-20.54781,223.5596
100403.9,21.08,288.7398,0.279297,-0.199536,0.634658,-28.8634,-26.48751,220.8143
99443.66,21.06,226.9132,0.251465,-0.408521,1.301162,-22.45617,-21.16464,219.1295
100391.7,21.06,226.9132,0.500977,-0.22981,0.881729,-27.74955,-26.91685,224.9349
99932.97,21.1,226.9132,0.494141,-0.191235,1.122451,-25.28692,-21.17413,222.4402
98050.52,21.12,276.2603,0.373047,-0.092603,0.826553,-26.33245,-18.35962,216.1501
99863.63,21.11,276.2603,0.405273,-0.306958,1.078018,-21.44779,-15.30116,218.5488
97668.05,21.12,309.0139,0.327148,-0.240063,0.705459,-22.09548,-19.76891,230.4906
99055.01,21.12,190.7299,0.310059,-0.031079,0.782607,-22.76987,-16.7709,233.8087
95753.56,21.1,474.5418,0.245117,0.122241,1.112197,-22.57997,-12.53497,224.3373
100299,21.09,474.5418,0.212402,-0.207837,0.814346,-21.66241,-12.19404,220.8842
96807.28,21.09,383.1086,0.327148,-0.021313,1.072646,-21.67754,-12.59483,224.2022
100206.9,21.1,383.1086,0.143555,-0.018384,0.528213,-21.38011,-17.11482,231.9495
97188.15,21.1,350.2598,0.670898,-0.555981,1.299209,-20.01903,-9.576813,232.6804
95181.35,21.11,524.5363,0.149902,-0.130688,0.546768,-18.61352,-17.47656,250.7341
92861.46,21.08,729.7512,0.18457,-0.144849,1.358779,-14.08998,-15.02989,272.1982
92861.46,21.08,729.7512,0.387207,-0.089185,0.651748,-12.81908,-20.84988,284.5339
92865.14,21.08,729.4235,0.409668,-0.199048,1.457412,-12.65322,-10.5425,275.5941
92891.26,21.09,727.0904,0.196777,-0.021802,0.48915,-17.67904,-11.88011,263.6423
92984.02,21.1,718.8068,0.26709,-0.534497,1.291396,-19.65808,-12.42534,254.9092
97287.26,21.12,341.7279,0.23584,0.013354,0.601455,-19.21587,-11.54634,248.5863
96726.47,21.15,390.0921,0.67041,-0.50813,1.362197,-17.57757,-6.563443,238.045
98753.66,21.16,216.315,0.282227,-0.132153,0.564346,-20.04853,-9.337847,227.4458
99408.16,21.18,216.315,0.362305,-0.424146,1.373916,-19.10887,-11.78041,228.9314
99101.97,21.17,186.748,0.119141,-0.264478,0.487197,-19.99352,-16.64498,232.0601
99007.83,21.18,194.7303,0.569824,-0.033521,1.616592,-17.00224,-11.69771,229.46
99036.92,21.18,192.2651,0.101563,-0.085278,0.60292,-17.53294,-13.35516,225.2303
98444.12,21.18,242.6638,-0.004883,-0.048657,1.638076,-12.80767,-9.00332,226.6259
96414,21.19,417.1411,0.263672,-0.214185,0.746963,-15.80603,-12.24363,232.4564
96680.83,21.19,394.0397,0.147461,0.079272,1.095107,-14.19273,-6.950447,234.5587
96798.33,21.2,383.8828,0.374512,-0.302075,1.059951,-15.42869,-7.971588,227.5542
97307.2,21.22,340.0104,0.243164,-0.196606,0.946182,-12.40014,-6.643087,227.4769
97133.33,21.23,354.9816,0.086426,-0.240552,1.361221,-12.23168,-6.050133,231.0458
96077.95,21.24,446.3091,0.341309,0.039722,0.559463,-16.32543,-2.196525,229.5396
92884.46,21.26,727.6981,0.527344,0.004565,1.266494,-15.67558,0.927027,221.8166
93161.27,21.23,703.0007,0.178223,0.129077,0.709365,-18.32634,-1.349238,219.9341
92635.66,21.24,749.9487,0.023438,0.435718,1.585342,-14.37849,2.421298,221.377
92786.91,21.27,736.415,0.234375,-0.023755,0.741592,-19.22442,-2.572407,224.4065
92643.61,21.29,749.2353,0.208008,0.385913,0.815811,-16.82529,2.540859,223.7611
92723.3,21.31,742.1038,0.426758,-0.11604,0.749404,-17.40334,-8.849627,226.8165
96621.11,21.33,399.2053,0.34082,-0.308911,0.932021,-15.9112,-14.02355,236.3562
96099.64,21.33,444.4225,0.391113,-0.332837,0.879775,-21.9334,-20.66063,243.6934
96262.7,21.33,430.2626,0.336426,-0.298657,0.66542,-21.24247,-17.38091,243.7104
96611.58,21.33,400.0297,0.62793,-0.41145,0.912002,-23.61553,-18.31651,237.2851
99177.9,21.35,180.3141,0.301758,-0.112134,0.513076,-23.63454,-15.57311,230.6749
97402.98,21.34,331.7745,0.107422,-0.170728,1.221572,-25.02722,-16.78605,230.9754
99675.45,21.38,331.7745,0.262695,-0.034009,0.558975,-24.15111,-11.62231,229.3976
97440.79,21.41,328.5245,0.35498,-0.248853,0.992568,-22.2126,-9.422268,225.7859
97440.79,21.41,328.5245,0.314941,-0.299634,0.676162,-27.97631,-15.33996,224.051
99517.89,21.42,328.5245,0.4375,-0.236646,1.590713,-20.19044,-10.2422,234.9586
95974.29,21.44,455.3219,0.199707,-0.179028,0.485732,-17.38429,-16.07496,256.3606
92893.34,21.45,726.9028,-0.07959,-0.444165,1.051162,-15.67981,-11.55109,266.088
92909.17,21.45,725.4891,0.155273,0.029956,0.778213,-17.56973,-15.00149,270.9146
92909.17,21.45,725.4891,0.327637,-0.392896,1.286025,-15.83873,-14.34267,280.3465
92877.89,21.45,728.2847,0.260254,-0.133618,0.645889,-18.50603,-15.88999,269.3232
92949.64,21.43,721.8771,0.126953,-0.217603,1.390029,-14.82599,-7.655283,249.0995
95514.84,21.44,495.3709,0.074219,-0.280591,0.536025,-18.11647,-13.99493,236.8495
96087.3,21.44,445.4953,0.06543,-0.401196,1.849502,-13.24834,-14.00142,237.8448
97187.63,21.48,350.3047,0.275391,-0.419751,0.571182,-14.06636,-19.68395,240.5556
95203.6,21.48,522.5889,0.193359,0.119312,1.851455,-11.18033,-11.5402,238.7955
95931.96,21.46,459.0052,0.128906,-0.17561,0.521377,-14.75889,-14.31532,237.9873
96225,21.44,433.5337,0.074707,-0.233228,1.736221,-8.125669,-11.00717,246.6564
93557.3,21.41,667.7661,0.174316,-0.159985,0.524795,-10.47063,-14.4389,259.4683
92964.34,21.42,720.564,0.352051,-0.007153,1.392959,-9.473112,-7.631129,267.3712
92888.78,21.41,727.3123,0.174805,-0.203442,0.544326,-7.915572,-12.02509,287.2982
92869.59,21.41,729.0272,0.333496,-0.437329,0.935439,-6.960035,-6.492284,313.7138
92858.26,21.39,730.0391,0.274902,-0.218091,1.02333,-16.71247,-13.01604,333.4529
92855.09,21.34,730.3218,0.012695,0.046069,1.288955,-14.34617,-10.91245,344.8062
92855.72,21.21,730.2664,0.473145,0.040698,0.87001,-16.53021,-16.21721,348.2886
92855.72,21.21,730.2664,0.302246,0.035327,0.957412,-17.1338,-11.38623,341.0337
92851.67,21.2,730.6257,-0.040039,0.125659,1.420303,-17.24416,-11.36323,335.596
92852.69,21.21,730.5359,0.122559,-0.139478,0.793838,-13.65893,-7.727466,326.16
92853.83,21.19,730.4355,0.559082,-0.327466,1.114639,-14.42897,-5.726732,322.3596
92858.72,21.18,729.9969,0.157715,-0.158521,0.748428,-12.89332,-8.451998,323.2145
92858.16,21.15,730.0471,0.359375,-0.137036,1.11415,-11.32391,-6.899067,330.9851
92858.16,21.15,730.0471,0.217773,-0.189282,0.823623,-14.2448,-11.23343,343.0678
92855.22,21.08,730.3113,0.322266,-0.187817,0.997451,-14.76148,-12.63603,348.7796
92855.22,21.08,730.3113,0.427734,-0.346997,1.020889,-18.99079,-16.97964,353.5786
92857.51,21.08,730.1052,0.29248,-0.197583,0.88124,-18.86517,-11.45828,349.5441
92852.86,21.07,730.52,0.135742,-0.038403,1.148818,-15.87279,-9.097464,347.423
92855.7,21.06,730.2664,0.093262,0.012866,0.947646,-12.06501,-7.382673,338.4082
92861.83,21.04,729.7194,0.320313,-0.127271,1.036514,-11.5833,-10.63218,330.8506
92865.48,21.04,729.3918,0.354492,-0.243481,0.968154,-12.68882,-15.44835,332.195
92864.19,21.05,729.5081,0.44043,-0.229321,0.844619,-13.33773,-12.58879,335.2123
92857.66,21.05,730.092,0.112793,0.10564,1.174697,-16.38299,-8.664394,344.8422
92855.27,21.05,730.306,0.119629,-0.069165,0.923721,-14.62848,-8.174301,350.7472
92852.23,21.04,730.5755,0.146484,-0.117993,0.965225,-7.176458,-6.023499,343.9067
92856.28,21.01,730.2162,0.235352,-0.124829,0.953506,-7.587987,-6.978459,342.4796
92857.37,20.95,730.1184,0.124023,-0.003735,1.031143,-8.100911,-5.153476,340.9912
92854.52,20.88,730.3721,0.141113,-0.101392,1.016982,-8.207648,-5.013622,341.6896
92852.88,20.85,730.52,0.052246,-0.10188,1.033584,-6.25107,-4.147355,341.2883
92854.91,20.82,730.3377,-0.075684,-0.142407,0.956924,-0.155879,-7.600756,345.6663
92850.97,20.78,730.6891,-0.126465,-0.129712,0.948135,5.097142,-7.052818,348.6704
92850.97,20.78,730.6891,-0.095703,-0.134595,0.924697,6.176372,-8.970713,349.4164
92860.88,20.75,729.804,-0.026855,-0.173169,1.043838,4.674285,-8.226451,349.8129
92862.02,20.69,729.7036,-0.114258,-0.076489,0.969619,7.055713,-6.683397,349.9466
92862.55,20.6,729.6534,-0.098145,-0.169751,0.958877,6.668591,-6.898401,349.306
92862.55,20.6,729.6534,-0.095215,-0.104321,1.002334,5.61109,-6.468551,349.4052
92859.73,20.54,729.907,-0.150879,-0.102856,0.969619,6.9116,-6.615343,350.7281
92852.27,20.48,730.5729,-0.027832,-0.216626,1.045303,5.675909,-7.058937,351.1588
92849.16,20.46,730.8503,-0.137207,-0.064282,0.971084,6.302173,-4.323134,350.9769
92851.13,20.43,730.6759,-0.052246,-0.093091,0.99501,3.257319,-3.034008,349.999
92850.05,20.41,730.7711,-0.014648,0.034839,0.969619,0.853654,0.512667,350.1019
92853.19,20.4,730.491,0.035156,-0.089673,0.974502,0.895887,0.803116,349.6738
92853.69,20.38,730.446,0.035156,-0.051587,0.978408,1.157519,-0.02215,346.9323
92854.2,20.36,730.4011,-0.034668,0.020679,1.002334,1.015931,-0.055105,346.9501
92856.98,20.34,730.1528,-0.032227,0.010913,0.991104,1.755659,0.400812,347.3997
92854.46,20.32,730.3774,0.000977,-0.03645,0.999893,1.320682,-0.548006,347.4619
92853.86,20.29,730.4329,-0.030273,-0.007153,1.00917,1.721996,0.194193,347.5093
92853.94,20.26,730.4249,-0.020996,-0.026196,0.996963,1.022618,-1.632811,347.48
92857.23,20.22,730.1316,-0.011719,-0.023267,0.989639,0.668891,-1.136075,347.1992
92853.72,20.2,730.4434,-0.024414,0.00896,0.992568,1.46094,-0.035792,347.049
92857.04,20.16,730.1475,-0.030762,0.028491,1.003799,1.438774,1.0393,346.9899
92853.23,20.14,730.4883,-0.058105,-0.029126,0.997451,1.175184,-0.372734,347.1621
92851.94,20.11,730.6019,0.012695,-0.054517,0.983291,-0.520116,-2.593445,348.6443
92852.68,20.08,730.5359,0.033691,-0.037427,0.995498,-1.693843,-2.057414,351.3004
92850.13,20.06,730.7657,0.026367,-0.067212,1.013076,-2.054545,-2.437866,353.6247
92855.15,20.03,730.3166,0.022949,0.029468,0.969131,-1.989156,-0.188621,355.835
92855.5,19.99,730.2849,0.091309,-0.004712,0.999404,-4.368833,0.596489,356.1105
92855.4,19.95,730.2928,0.082031,0.058765,1.004775,-4.829024,3.371875,355.9846
92857.13,19.92,730.1395,0.075684,0.036304,1.009658,-4.531631,2.280435,356.1864
92855.66,19.9,730.2717,0.053223,0.041187,0.989639,-2.845111,2.329464,355.6282
92854.2,19.85,730.4011,0.060059,0.028003,1.016494,-3.081226,1.87655,355.2502
92858.02,19.84,730.0603,0.035156,0.05144,0.99501,-2.697147,1.916269,355.0245
92852.44,19.8,730.5597,0.055176,0.028979,1.006729,-2.827718,1.616297,354.4652
92855.91,19.78,730.2479,0.072266,0.017261,1.004775,-3.090856,2.262954,353.8455
92855.66,19.76,730.2717,0.041504,0.02019,0.979873,-2.559667,1.631936,354.1183
92856.13,19.74,730.2294,0.086914,0.042651,1.011611,-2.968436,3.052002,354.0705
92855.34,19.72,730.2981,0.01709,0.059741,1.00624,-2.10029,2.753067,354.6131
92859.47,19.71,729.9308,0.092773,0.034351,1.003311,-4.086823,2.141371,355.5706
92852.67,19.68,730.5385,0.093262,0.057788,1.014541,-4.660261,3.087491,354.715
92857.78,19.67,730.0814,0.074219,0.028491,1.003799,-4.255852,2.289679,353.5334
92853.67,19.65,730.4487,0.052734,0.061206,0.981826,-3.248863,3.619755,353.0587
92854.92,19.64,730.3377,0.079102,0.048022,1.000381,-4.031568,3.657501,352.6011
92850.19,19.63,730.7578,0.072754,0.071948,1.010146,-4.107702,4.176503,352.3112
92854.05,19.62,730.4144,0.0625,0.014819,0.997451,-3.125171,2.752366,352.335
92853.83,19.59,730.4355,0.025879,0.044604,0.993545,-1.582396,2.522764,352.2009
92855.41,19.59,730.2928,0.043457,0.004077,1.005264,-2.227977,1.382098,352.4028
92855.65,19.58,730.2717,0.049805,0.033862,0.996475,-2.688664,2.194618,352.5422
92852.89,19.56,730.5174,0.070801,0.03728,1.001357,-3.507919,1.880189,352.6055
92849.47,19.55,730.8239,0.060547,0.030933,1.000381,-3.565053,1.61428,353.0701
92854.02,19.54,730.417,0.080078,0.038257,0.996475,-4.451931,2.259072,353.2431
92847.77,19.54,730.9772,0.053711,0.064624,0.999893,-3.328717,3.02334,353.2191
92850.34,19.54,730.7473,0.071289,0.049976,1.016006,-3.610994,2.705999,353.0989
92854.89,19.49,730.3403,0.033691,0.041187,0.998916,-2.491025,2.526662,352.7725
92854.89,19.49,730.3403,0.046387,0.017749,0.99501,-2.558544,1.233003,352.5872
92853.35,19.47,730.4778,0.043457,0.061694,0.997451,-2.931914,2.593442,352.4683
92851.13,19.44,730.6759,0.059082,0.008472,1.001357,-3.386531,1.22609,352.5695
92854.45,19.41,730.3774,0.071289,0.036304,0.999893,-3.648937,2.412874,352.5179
92854.45,19.41,730.3774,0.070801,0.032397,1.004287,-4.04888,1.537503,352.6796
92856.45,19.38,730.2003,0.049805,0.027026,0.995986,-3.718764,2.160487,352.933
92856.63,19.36,730.1844,0.083496,0.060229,0.999893,-4.450479,2.040813,353.283
92854.03,19.33,730.417,0.070313,0.046069,1.001357,-3.941959,2.556234,353.6053
92852.62,19.32,730.5412,0.066895,0.034351,0.979873,-3.90895,1.979524,353.5768
92854.11,19.3,730.4091,0.072266,0.035327,0.993545,-3.729328,2.511814,352.3251
92857.59,19.29,730.0973,0.053711,-0.006665,0.999893,-3.353284,1.65306,350.207
92857.3,19.29,730.1237,0.052734,0.001636,0.998428,-3.134501,-0.158607,349.9441
92856.16,19.27,730.2267,0.039063,0.029956,0.996475,-2.781111,0.911408,351.1249
92853.95,19.25,730.4222,0.101563,0.012378,1.027725,-4.681681,1.748756,351.9846
92853.97,19.22,730.4222,0.051758,0.077808,0.98915,-2.872452,2.780569,353.3046
92856.38,19.19,730.2083,-0.003906,0.066577,1.004287,-0.786208,3.112418,354.1431
92853.39,19.15,730.4725,0.058105,0.030444,1.008682,-1.572979,1.249525,355.2221
92850.17,19.13,730.7605,0.006348,-0.04231,0.985244,-1.872062,0.196198,357.0154
92854.36,19.12,730.3879,0.045898,0.067554,1.000869,-2.801619,2.068451,359.3186
92848.02,19.11,730.9534,0.115234,0.018726,1.018936,-4.559895,1.224427,358.7642
92854.66,19.08,730.3589,0.083496,-0.01106,1.002334,-5.202554,0.749941,355.9829
92852.17,19.06,730.5834,0.097656,0.02019,1.009658,-4.834922,0.845472,355.4852
92854.8,19.06,730.3483,0.054688,0.100757,0.985244,-4.841327,1.881022,356.1034
92852.6,19.04,730.5438,0.080078,0.014819,1.00624,-4.674726,1.367135,355.4252
92854.88,19.03,730.3403,0.034668,0.010913,0.990127,-2.556394,0.48102,354.785
92854.77,19.02,730.351,0.102051,-0.025708,0.984756,-4.000479,-0.148164,354.8963
92854.77,19.02,730.351,0.05957,0.000659,1.011123,-2.958532,0.141352,355.0459
92853.26,19.04,730.4857,0.078125,0.042163,0.992568,-4.096557,0.750254,354.6964
92850.92,19.03,730.6944,0.084473,-0.002271,0.999404,-4.61948,0.741418,353.9744
92854.77,19.02,730.351,0.067871,0.034351,0.997451,-3.373649,1.307973,353.0618
92854.77,19.02,730.351,0.056641,0.029468,1.001357,-3.235117,1.544924,352.7379
92853.55,19.03,730.4593,0.019531,-0.004224,0.992568,-1.728638,-0.021577,352.3671
92851.84,19.03,730.6125,0.05957,-0.00813,0.987197,-2.489118,-0.608662,353.4307
92849.22,19.03,730.845,0.057129,0.057788,1.013564,-2.179921,1.741409,354.1929
92852.6,19.04,730.5438,0.064941,0.012866,0.998916,-2.967439,1.087017,354.8621
92853.66,19.04,730.4487,0.077637,0.053882,1.013076,-3.544708,1.41172,354.4904
92857.06,19.06,730.1448,0.032227,0.036304,0.975967,-2.092768,3.512735,351.687
92852.17,19.06,730.5834,0.039063,0.003589,1.011611,-1.700156,3.616658,348.041
92850.59,19.07,730.7235,0.016602,0.048999,0.992568,-0.882063,3.092801,346.427
92849.02,19.08,730.8635,-0.010742,0.060229,0.989639,0.004177,3.318735,346.0441
92849.47,19.09,730.8239,-0.001465,0.075366,0.989639,-0.03526,4.218934,345.7524
92851.08,19.09,730.6786,-0.011719,0.059253,0.999404,0.826572,3.472224,345.8959
92855.29,19.08,730.3033,0.008301,0.031909,0.983291,-0.080249,2.497468,346.6623
92854.27,19.08,730.3959,-0.006836,0.072925,1.001846,0.207495,3.126741,348.3109
92857.75,19.1,730.084,0.004883,0.067554,0.994521,-0.456776,3.967684,349.6727
92851.44,19.09,730.6469,0.030273,0.075854,1.010146,-2.057999,4.425695,349.5139
92852.27,19.07,730.5729,0.015137,0.046069,0.999893,-1.033168,3.493251,349.1116
92853.09,19.05,730.4989,0.013184,0.062671,1.007217,-0.78244,3.478296,350.1223
92855.39,19.06,730.2955,0.009277,0.049487,0.993057,-0.836706,3.594965,352.1419
92854.44,19.06,730.38,0.012207,0.080737,0.999404,-0.683616,4.822556,352.9711
92856.8,19.07,730.1686,-0.003418,0.090503,1.006729,-0.280661,5.775098,350.7211
92857.37,19.06,730.1184,0.022949,0.079272,1.007217,-1.248623,4.674204,347.8562
92854.44,19.06,730.38,-0.004883,0.065112,0.985244,0.25683,4.045876,346.4044
92853.48,19.06,730.4645,-0.05127,0.039233,1.037002,-1.338763,6.110771,348.1648
92858.88,19.08,729.9836,0.200684,0.32439,0.848037,-10.57542,18.07494,353.5948
92865.51,19.08,729.3918,0.351074,0.461597,0.795303,-18.68604,26.36822,354.384
92868.17,19.09,729.1514,0.351563,0.392261,0.894912,-16.28917,21.65648,353.4351
92866.11,19.08,729.3363,0.12793,0.155444,0.917373,-3.483034,9.399665,349.3401
92857.66,19.09,730.092,-0.139648,-0.233228,0.923721,7.093653,-3.897383,343.7283
92857.66,19.09,730.092,-0.313965,-0.364575,0.937393,12.6075,-12.09145,338.6268
92857.92,19.08,730.0682,-0.180176,-0.142407,0.962783,7.291401,-3.179664,345.0119
92854.63,19.08,730.3615,0.007324,0.140796,0.906631,-4.000293,11.57831,350.598
92865.15,19.08,729.4235,0.319824,0.565112,0.840225,-14.09798,24.35756,350.8439
92865.15,19.08,729.4235,0.422852,0.624194,0.874404,-15.58047,23.26249,352.8257
92866.56,19.09,729.2967,0.114258,0.222339,0.875869,-1.155114,7.541934,353.3669
92854.82,19.1,730.3456,-0.212891,-0.126782,0.996475,6.387817,-2.563416,350.9825
92848.39,19.04,730.919,-0.043457,0.067554,0.993545,2.874814,2.485044,351.6401
92850.7,19.05,730.7129,0.009766,0.094897,1.036514,-0.557597,5.989999,352.1628
92850.7,19.05,730.7129,0.016602,0.045581,0.988662,-0.648099,3.774777,350.9583
92848.48,19.05,730.9111,-0.04248,0.057788,1.001846,1.112568,5.04618,352.4743
92854.92,19.08,730.3377,0.005371,0.141284,1.001846,1.660315,6.168484,352.8166
92853.58,19.07,730.4566,0.01416,0.101733,0.999893,0.946245,6.957575,352.787
92853.58,19.07,730.4566,-0.027344,0.112476,1.000869,0.643691,6.097633,352.3301
92853.17,18.99,730.4936,0.001953,0.086597,0.993057,0.21408,5.316143,352.2969
92853.17,18.99,730.4936,-0.014648,0.158374,0.985244,0.008162,6.048723,351.9973
92854.75,18.99,730.351,0.033203,0.130542,1.00917,-1.322584,6.209803,351.1981
92853.98,19.01,730.4196,0.03418,0.087573,1.033096,-1.83939,4.703048,350.6801
92853.98,19.01,730.4196,0.004395,0.112964,1.0121,-0.719067,4.660588,351.2623
92855.04,19.02,730.3245,0.015137,0.08855,1.004287,-1.044554,4.63659,351.6252
92851.19,19.03,730.6707,0.016602,0.104175,0.989639,-1.041247,5.807097,351.445
92856.19,19.03,730.2241,-0.001953,0.122729,0.985732,-0.690475,5.925781,351.1566
92853.09,19.05,730.4989,0.098633,0.079761,1.014541,-0.519555,4.991429,350.0235
92853.31,19.08,730.4804,0.004395,0.046069,1.00624,-0.270969,2.885772,349.6903
92853.91,19.07,730.4276,-0.061035,-0.009106,0.973525,1.905069,2.667321,347.1685
92851.45,19.06,730.6469,-0.00293,-0.020337,0.985732,-0.059121,3.078302,344.3694
92851.81,19.06,730.6152,0.128418,-0.061841,0.996475,-2.611517,2.040027,342.3845
92853.61,19.08,730.454,0.071777,0.078296,1.019912,-4.44107,2.974963,341.4508
92851.44,19.09,730.6469,0.078613,0.062671,1.000381,-4.577463,3.566415,341.1572
92853.31,19.08,730.4804,0.105957,0.038257,1.019424,-5.944223,2.559186,341.3839
92853.31,19.08,730.4804,0.098633,0.081226,0.995986,-6.664027,3.935984,340.9822
92853.35,19.08,730.4778,0.121094,0.057788,1.000381,-7.186541,4.203044,340.6318
92850.55,19.1,730.7261,0.11377,0.067554,0.991104,-8.143996,4.621936,340.4927
92856.08,19.09,730.2321,0.191895,0.077808,0.97792,-9.414161,5.50095,339.5911
92856.08,19.09,730.2321,0.180176,0.097339,0.989639,-10.51751,5.85487,339.4157
92852.49,19.1,730.5544,0.172363,0.101245,0.995986,-9.873846,5.416213,339.4436
92849.77,19.09,730.7975,0.164551,0.087573,0.998428,-9.722084,5.009545,339.4193
92849.54,19.06,730.8186,0.162109,0.099292,0.982314,-9.361035,6.1216,339.0701
92849.54,19.06,730.8186,0.161133,0.11687,0.997451,-9.386744,5.363277,339.0359
92848.48,18.98,730.9111,0.13623,0.069019,1.015029,-9.471406,4.802959,338.9126
92847.76,18.94,730.9772,0.13623,0.078784,0.979385,-9.652348,4.25256,338.3826
92844.94,18.92,731.2281,0.230469,0.067554,0.994521,-10.22696,5.527544,337.0748
92848.88,18.92,730.8768,0.174316,0.091479,0.99501,-9.826905,5.635215,337.3019
92848.41,18.94,730.919,0.15918,0.095874,1.000381,-8.850848,5.290357,337.2259
92846.18,18.95,731.1172,0.140625,0.083179,0.986221,-8.347734,4.982342,337.1407
92848.31,18.96,730.9269,0.154785,0.099292,1.007705,-9.137439,5.341247,337.1542
92849.78,19.23,730.7949,0.018491,-0.024814,1.012593,-0.195566,-0.405305,179.8523
92849.52,19.23,730.8186,0.022886,-0.019443,1.00771,-0.926349,-0.012097,179.507
92848.05,19.22,730.9507,0.003843,-0.043369,1.01894,0.573139,-3.828066,182.6777
92849.3,19.21,730.8397,-0.100649,-0.25626,0.957417,3.75285,-10.8887,186.1173
92860.16,19.21,729.8701,-0.055728,-0.25333,0.949116,3.46256,-12.43169,186.4079
92855.55,19.21,730.2796,-0.007388,-0.214756,1.009663,2.484586,-12.71092,185.2432
92856.59,19.22,730.1871,-0.075259,-0.264072,0.958882,4.387949,-14.82797,183.7544
92861.69,19.23,729.7327,-0.064517,-0.260166,0.993062,3.526054,-14.41117,182.3705
92852.84,19.24,730.5227,-0.090396,-0.248936,0.978413,5.421988,-14.09532,180.7999
92853.03,19.26,730.5042,-0.112856,-0.20499,0.97939,6.401464,-10.61135,177.2115
92855.4,19.26,730.2928,-0.090396,-0.113682,0.998921,4.570866,-5.390723,174.2137
92850.11,19.26,730.7657,-0.030337,-0.029697,0.993062,3.155313,-0.392261,172.3368
92851.02,19.25,730.6838,-0.069888,0.011807,1.004292,4.352139,0.682194,171.3752
92850.11,19.26,730.7657,-0.12311,0.048916,1.005269,7.017776,1.484898,171.2292
92852.41,19.26,730.5623,-0.132876,0.018643,0.99062,8.40481,1.048884,170.5463
92845.7,19.25,731.1595,-0.158755,-0.037021,0.995015,9.784225,0.598681,169.05
92851.09,19.26,730.6786,-0.119692,0.025967,1.041401,9.503266,0.738821,168.3525
92850.3,19.28,730.7499,-0.193423,-0.113193,0.944722,11.16926,-1.605589,169.3799
92847.66,19.28,730.985,-0.233462,-0.14542,0.986226,12.55813,-5.916366,172.1912
92876.9,19.28,728.3719,-0.214419,0.013271,1.005757,13.52865,-3.819892,172.7183
92875.72,19.29,728.4775,-0.222231,-0.044834,0.99648,13.71958,-1.233182,172.0001
92875.72,19.29,728.4775,-0.25397,-0.007725,0.984761,14.80571,-0.321736,171.9762
92873.38,19.29,728.6863,-0.243716,-0.039951,0.965718,14.85651,-1.954931,171.4353
92895.73,19.32,726.6914,-0.251528,-0.080479,0.967671,15.41434,-3.651465,170.5874
92904.5,19.35,725.9066,-0.263247,-0.08292,0.969136,15.51904,-4.978413,169.9862
92901.58,19.35,726.1682,-0.279849,-0.093662,0.970112,16.11286,-5.725377,168.3118
92900.52,19.34,726.2633,-0.256899,-0.045811,0.999897,15.53104,-4.623663,166.7252
92897.57,19.34,726.5276,-0.276431,-0.07999,0.977437,15.90005,-4.481835,165.6275
92895.78,19.36,726.6861,-0.276919,-0.061436,0.98769,15.88802,-3.617534,165.0678
92896.89,19.38,726.5857,-0.273013,-0.070713,0.971577,15.59266,-4.220235,163.3888
92893.7,19.39,726.871,-0.274478,-0.058506,0.983784,15.78666,-2.907282,163.1439
92891.01,19.38,727.1115,-0.273989,-0.070713,0.975483,16.15382,-4.041492,161.4621
92894.85,19.4,726.7706,-0.283755,-0.072178,0.955952,16.10088,-3.417285,160.6695
92888.8,19.43,727.3097,-0.284243,-0.029697,0.987202,16.25551,-1.468894,160.187
92870.17,19.44,728.9743,-0.223696,0.137295,1.022358,14.61615,3.210718,159.9142
92854.48,19.45,730.3747,-0.258853,0.05917,0.963276,15.34322,3.441525,159.5887
92859.47,19.46,729.9308,-0.217349,0.184658,1.012105,16.0282,3.099079,160.9679
92886.55,19.47,727.5105,-0.33063,-0.158604,0.951558,20.37223,-7.408635,165.7045
92879.23,19.49,728.1631,-0.415103,-0.289951,0.876362,22.42796,-8.90647,169.2679
92880.78,19.56,728.0258,-0.48981,-0.221104,0.890034,25.73557,-9.687193,178.2929
92880.78,19.56,728.0258,-0.503481,-0.207432,0.897847,29.05421,-12.89828,182.8799
92886.31,19.55,727.5316,-0.508364,-0.240146,0.884175,29.3377,-14.23934,181.5431
92891.7,19.56,727.0507,-0.476138,-0.197666,0.86855,28.4133,-14.51813,179.8333
92896.33,19.6,726.6385,-0.480044,-0.344639,0.87978,28.52562,-18.45331,177.5028
92899.91,19.63,726.3188,-0.510317,-0.337803,0.859272,29.49356,-18.12608,179.3072
92899.91,19.63,726.3188,-0.533267,-0.341221,0.828022,31.30694,-18.03351,183.1602
92922.93,19.67,724.2605,-0.59479,-0.268467,0.835347,34.73917,-18.7805,185.1442
92933.66,19.72,723.3013,-0.652407,-0.391025,0.744526,37.33574,-23.02994,182.5056
92946.45,19.75,722.1599,-0.636782,-0.337314,0.753315,38.50856,-26.19898,179.4489
92960.89,19.79,720.8731,-0.630923,-0.409092,0.72646,39.14256,-30.1098,175.2527
92971.74,19.82,719.9034,-0.694399,-0.390537,0.718647,37.86648,-33.03324,170.643
92992.63,19.87,718.0406,-0.567446,-0.502353,0.706929,36.24154,-34.21657,166.8449
93021.36,19.88,715.4749,-0.600649,-0.536533,0.705464,34.96595,-37.38815,163.0684
93046.36,19.92,713.2449,-0.613833,-0.588291,0.676655,34.6268,-37.40237,163.0319
93035.46,19.95,714.2172,-0.616274,-0.515537,0.708394,34.62231,-37.25218,162.0992
93012.14,19.99,716.2993,-0.631411,-0.508213,0.694722,35.39806,-35.91155,162.1091
93016.94,20.01,715.8687,-0.636782,-0.447666,0.725483,36.63334,-33.66575,163.9463
93019.13,20.03,715.6731,-0.602603,-0.473057,0.699605,34.92185,-34.2361,161.8332
93007.11,20.05,716.7458,-0.463442,-0.550205,0.755757,30.245,-31.82565,155.7249
92936.63,20.04,723.0371,-0.48688,-0.470615,0.793355,27.7991,-29.63725,152.0057
92925.42,20.04,724.0385,-0.447817,-0.448643,0.823628,25.45186,-28.31369,149.2656
92912.82,20.03,725.1641,-0.348208,-0.464268,0.832417,21.97131,-27.57127,144.0724
92912.91,20.01,725.1562,-0.447329,-0.543857,0.82314,22.96571,-30.01916,143.7857
92913.27,20.01,725.1245,-0.351626,-0.474521,0.846577,21.2216,-29.75203,142.9648
92914.41,20.03,725.0241,-0.374087,-0.485752,0.850483,20.89577,-29.84706,141.8919
92920.63,20.02,724.4666,-0.451724,-0.471592,0.818745,22.40265,-29.86628,141.7424
92920.52,20.05,724.4772,-0.40729,-0.463779,0.824116,22.7952,-28.9666,140.284
92913.89,20.08,725.069,-0.362856,-0.426182,0.85439,20.22601,-25.77346,140.0828
92906.56,20.1,725.7243,-0.304751,-0.40665,0.898335,19.50378,-25.19145,139.7205
92909.51,20.14,725.4601,-0.386782,-0.443271,0.849995,21.09278,-26.51635,138.528
92911.05,20.16,725.3227,-0.338442,-0.407139,0.870015,19.98732,-26.24549,137.9767
92908.5,20.17,725.5499,-0.328188,-0.452061,0.85439,19.23336,-25.74576,135.6398
92906.89,20.21,725.6953,-0.306216,-0.405186,0.897358,18.27929,-25.08754,134.5717
92906.89,20.21,725.6953,-0.363833,-0.411533,0.873433,20.07805,-25.30573,133.567
92912.91,20.22,725.1562,-0.375063,-0.424717,0.86855,21.26401,-25.88799,133.393
92914.16,20.25,725.0452,-0.361392,-0.448154,0.860737,19.73356,-26.55099,131.2908
92894.64,20.28,726.7891,-0.31354,-0.393955,0.892964,16.85583,-24.16364,128.3672
92894.64,20.28,726.7891,-0.324282,-0.433506,0.933491,17.35558,-24.31499,125.3574
92894.16,20.3,726.8314,-0.269595,-0.314854,0.954487,16.80042,-21.92824,125.4859
92900.23,20.28,726.2871,-0.286196,-0.385654,0.899312,18.00816,-23.85181,125.9661
92904.19,20.28,725.9357,-0.340396,-0.442295,0.882222,18.14292,-24.76022,125.4173
92893.32,20.28,726.9054,-0.215884,-0.349521,0.923237,15.99751,-21.98111,124.8226
92888.38,20.28,727.3467,-0.306216,-0.266514,0.930073,16.99121,-18.08719,124.7454
92887.63,20.27,727.4153,-0.302798,-0.305576,0.946675,18.37037,-19.59045,122.7856
92892.66,20.28,726.9636,-0.280337,-0.205479,0.993062,19.02694,-19.56803,122.1643
92892.06,20.29,727.019,-0.289126,-0.370518,0.95937,17.31775,-20.52678,121.2853
92890.77,20.25,727.1353,-0.3902,-0.373936,0.838765,18.00199,-21.68553,119.4874
92892.67,20.21,726.9636,-0.299868,-0.319248,0.907124,18.18991,-20.41973,119.085
92893.65,20.17,726.8763,-0.28522,-0.370029,0.91689,18.27604,-21.85577,117.9109
92894.09,20.15,726.8367,-0.337954,-0.365146,0.912983,19.25481,-21.14398,116.921
92892.59,20.13,726.9714,-0.34479,-0.345127,0.903218,19.51702,-20.68496,115.6611
92890.8,20.15,727.1326,-0.292544,-0.336826,0.93398,17.17129,-19.3016,114.5211
92890.36,20.17,727.1696,-0.288638,-0.290928,0.943257,17.05617,-18.90602,113.2748
92892.38,20.14,726.9899,-0.270083,-0.290439,0.972065,17.217,-18.74213,112.1189
92885.36,20.09,727.6161,-0.325747,-0.332432,0.908589,18.17506,-19.39726,110.5335
92887.36,20.06,727.4391,-0.302798,-0.321689,0.907124,17.06933,-19.15383,109.2783
92891.95,20.02,727.027,-0.305239,-0.328037,0.913472,17.43602,-18.39043,108.0321
92885.94,20.01,727.566,-0.285708,-0.3129,0.95644,15.56885,-18.24475,105.9486
92883.9,20,727.7483,-0.276431,-0.303135,0.930562,15.65188,-17.87902,103.7767
92884.72,20.02,727.6743,-0.285708,-0.263584,0.946675,15.29134,-16.50118,102.8752
92884.45,20.03,727.6981,-0.259341,-0.304111,0.922261,15.28233,-17.59308,101.4955
92885.7,20.02,727.5871,-0.288149,-0.338779,0.938862,15.13996,-17.45744,99.64848
92881,20.01,728.0072,-0.283267,-0.261143,0.951558,15.81688,-17.34999,98.74713
92881.03,20.01,728.0046,-0.252505,-0.259678,0.971089,15.99012,-17.3317,97.48943
92882.47,20.03,727.8751,-0.275454,-0.269932,0.958882,16.14921,-17.29609,96.26433
92884.02,19.98,727.7377,-0.280825,-0.317783,0.941792,15.64159,-16.7051,95.62557
92884.02,19.98,727.7377,-0.292056,-0.29874,0.939351,16.50893,-17.36343,94.26862
92884.63,19.9,727.6823,-0.286196,-0.297275,0.946187,16.24231,-16.81837,93.33508
92881.97,19.87,727.92,-0.273501,-0.272373,0.949605,16.09611,-17.49308,91.89896
92880.48,19.81,728.0521,-0.286685,-0.294346,0.934956,16.3269,-17.25765,90.70275
92880.48,19.81,728.0521,-0.297915,-0.289463,0.939351,17.00555,-17.13035,88.87482
92886.48,19.78,727.5157,-0.28229,-0.282139,0.93398,16.52633,-17.97215,87.67478
92883.52,19.71,727.78,-0.298403,-0.308994,0.931538,17.22427,-18.33795,86.30411
92877.62,19.68,728.3085,-0.270571,-0.320225,0.929585,15.68768,-18.72348,84.51334
92872.67,19.67,728.7497,-0.274966,-0.306064,0.941792,15.38688,-18.09279,83.45209
92867.82,19.72,729.183,-0.249575,-0.330967,0.939351,14.38012,-17.71299,80.35303
92862.32,19.73,729.6745,-0.254946,-0.292881,0.958394,14.06357,-16.90015,77.72549
92860.75,19.7,729.8172,-0.279849,-0.285557,0.964741,16.12014,-16.46928,73.9251
92859.47,19.71,729.9308,-0.297427,-0.260654,0.939351,17.06266,-15.153,71.67199
92859.11,19.7,729.9625,-0.275942,-0.287998,1.00478,16.57323,-15.64533,70.09468
92869.62,19.88,729.0245,-0.287661,-0.2421,0.95937,17.0731,-14.31575,70.36504
92864.74,19.89,729.4578,-0.270571,-0.276768,0.946675,15.59611,-15.90761,68.28997
92865.1,19.89,729.4261,-0.260806,-0.231846,0.963276,15.41168,-15.35735,66.98262
92865.88,19.91,729.3574,-0.270083,-0.272373,0.954976,15.51134,-15.82196,65.58117
92867.98,19.92,729.1699,-0.280337,-0.277256,0.936909,15.79329,-16.50664,64.04972
92867.09,19.93,729.2491,-0.252017,-0.25333,0.965718,15.37813,-15.31219,63.3093
92864.88,19.94,729.4473,-0.266177,-0.263584,0.955952,15.08749,-15.75697,61.69123
92867.73,19.96,729.1936,-0.249575,-0.25626,0.957417,14.73899,-15.08664,60.7924
92868.88,19.98,729.0906,-0.264712,-0.276768,0.944233,15.21126,-16.43505,59.42772
92864.75,20,729.4578,-0.259341,-0.244541,0.953999,14.82023,-14.43607,59.23859
92863.52,20.01,729.5688,-0.253481,-0.287021,0.954976,14.85313,-15.58433,57.87403
92864.66,20.02,729.4658,-0.27106,-0.30167,0.944233,15.12584,-15.1302,56.48194
92862.72,20.03,729.6401,-0.257876,-0.262119,0.960835,14.58813,-14.86374,55.65958
92862.81,20.04,729.6322,-0.263735,-0.232822,0.957417,14.60292,-14.63476,54.48511
92866.08,20.03,729.3389,-0.226138,-0.28165,0.969136,14.13225,-15.63952,52.86644
92864.84,20.04,729.4499,-0.249575,-0.288486,0.941792,14.10683,-16.77783,51.36024
92866.02,20.07,729.3442,-0.235415,-0.280186,0.956929,13.5107,-16.57761,49.93217
92863.16,20.07,729.6005,-0.250063,-0.244053,0.943745,13.18766,-16.39744,48.76248
92862.97,20.09,729.6164,-0.228579,-0.308506,0.943745,12.82391,-17.5433,47.28033
92865.52,20.08,729.3892,-0.225161,-0.251377,0.945698,12.79096,-16.57312,46.01733
92870.25,20.09,728.9664,-0.187563,-0.363682,0.955952,11.42093,-19.33904,43.70647
92865.47,20.11,729.3944,-0.223208,-0.344639,0.943745,11.57701,-19.02472,42.48712
92842.13,20.34,731.4792,0.011021,0.020869,1.011489,-0.398496,0.719485,179.8539
92845.13,20.34,731.2123,0.026646,0.036006,1.022231,-0.389023,1.718799,180.1964
92848.09,20.34,730.9454,-0.122769,0.053584,1.008071,3.596755,3.012453,183.8427
92849.38,20.34,730.8318,-0.133022,0.119502,1.030532,6.787004,5.743018,186.1823
92848.32,20.29,730.9269,-0.144253,0.124873,1.054458,7.874974,6.719106,188.4432
92847.84,20.24,730.9692,-0.192593,0.118525,1.030532,9.395631,6.691952,189.6507
92844.17,20.2,731.2969,-0.198452,0.081904,1.035903,10.61194,5.087779,192.005
92844.17,20.2,731.2969,-0.217495,0.155635,1.05104,10.69229,7.640304,194.1428
92848.72,20.19,730.89,-0.228237,0.143428,1.047134,11.68752,7.223678,194.6988
92846.89,20.17,731.0538,-0.205776,0.129268,1.065688,11.38882,7.341086,195.9584
92845.91,20.21,731.1436,-0.229214,0.131709,1.042739,12.07518,7.325211,196.8605
92888.5,20.08,727.3361,0.039766,-0.004517,0.840991,-4.355931,-1.320881,179.2489
92907.16,20.28,725.6714,0.011445,-0.085083,1.136401,-17.44654,-1.894359,168.3927
92900.45,20.3,726.2686,0.120332,0.153198,0.94646,-20.18211,-0.666004,166.5574
92893.3,20.31,726.908,-0.04666,0.116577,0.92644,-20.9338,-0.763521,165.8393
92896.41,20.33,726.6306,0.124727,-0.052856,1.034839,-22.45727,-1.202694,169.8459
92161.38,20.42,792.4972,-0.200469,-0.022095,1.107593,-26.65505,-7.993306,172.1405
91768.16,20.65,827.9063,0.237031,-0.20813,0.969897,-30.6403,-3.582308,157.6003
91930.97,20.66,813.2311,-0.019316,-0.251587,1.047534,-31.17022,2.677531,143.4692
91901.3,20.66,815.9051,0.000215,-0.123169,0.830737,-31.19051,0.813145,144.283
91997.09,20.65,807.2755,0.067109,0.167358,1.149097,-33.60542,11.75048,137.3324
92884.57,20.63,727.6875,-0.095,-0.183716,0.971362,-36.91216,8.969617,138.1716
92710.77,20.61,743.2267,0.131074,0.079956,1.006519,-39.5831,11.93369,134.9019
92893.17,20.6,726.9186,-0.033965,-0.282349,0.939136,-40.95971,18.10432,131.8035
92883.02,20.6,727.8276,0.198457,-0.028442,1.035815,-36.45812,19.35538,125.2468
92903.98,20.63,725.9542,0.307832,0.19812,1.115405,-35.4791,21.94052,120.1319
92882.98,20.64,727.8302,0.004121,-0.056274,1.23894,-36.71684,20.46628,121.9776
92869.56,20.65,729.0298,0.083223,-0.327271,0.869312,-38.71704,18.31934,118.6177
92889.67,20.68,727.233,0.286348,-0.108032,1.047046,-32.15028,36.06788,93.02911
92831.7,20.58,732.4119,0.682832,0.340698,1.315112,-6.707839,54.21756,56.92133
92831.67,20.57,732.4146,0.101777,0.411987,0.939136,-2.671813,55.53275,60.30157
92833.14,20.55,732.2824,0.121797,0.542847,1.218921,2.020596,62.06761,63.25182
92737.55,19.11,740.8302,-0.006841,0.000762,0.998638,0.552424,0.067039,180.013
92728.05,19.11,741.6783,-0.004399,-0.003145,1.001079,0.54956,-0.288072,180.0379
92735.59,19.11,741.0046,0.012202,0.011016,1.001079,-0.492894,0.535833,180.0202
92734.84,19.1,741.0706,0.000483,0.002715,1.002056,-0.091596,0.10838,180.0779
92735.5,19.1,741.0125,0.009761,0.002227,1.004009,-0.740258,0.213545,180.0159
92736.6,19.11,740.9147,0.001948,-0.005098,1.000103,0.210527,-0.387224,180.0342
92732.2,19.1,741.3084,0.006343,0.005645,1.004497,-0.544861,0.584505,179.979
92727.7,19.11,741.7101,-0.009771,-0.00998,1.00352,0.399123,-0.491608,180.0184
92739.23,19.11,740.6796,0.006343,0.007598,0.997661,-0.302277,0.379128,179.9822
92735.16,19.1,741.0442,-0.002446,-0.003633,0.997173,0.082539,0.281689,179.9642
92736.13,19.1,740.957,0.004878,0.000273,0.999614,-0.196549,0.318396,180.0067
92731.88,19.1,741.3375,0.005366,0.003691,1.000591,-0.25133,0.324962,179.9712
92736.24,19.11,740.9465,0.005366,-0.006074,0.998149,-0.383097,-0.36793,179.9354
92736.9,19.11,740.8883,0.004878,0.000273,0.999614,-0.458183,0.037494,179.9391
92733.25,19.1,741.2133,0.001948,-0.001191,0.999614,-0.152505,-0.020366,179.8861
92733.25,19.1,741.2133,0.007808,0.001738,1.004009,-0.132073,0.024586,179.8416
92733.19,19.1,741.2213,0.002925,-0.00168,0.997173,0.070082,-0.003993,179.8441
92732.53,19.1,741.2794,0.002437,0.005645,1.002056,0.276383,0.34745,179.8631
92735.95,19.11,740.9729,-0.001958,0.004668,0.998149,0.075521,0.313972,179.8607
92735.23,19.1,741.0363,0.010249,0.005156,1.001567,-0.591378,0.287564,179.844
92731.88,19.1,741.3375,0.000483,-0.003145,0.999614,0.095764,-0.542107,179.8596
92732.86,19.1,741.2477,0.005366,0.011016,1.003032,-0.28264,0.526722,179.8132
92731.55,19.1,741.3666,-0.004888,-0.004121,1.000103,0.191584,-0.685264,179.8196
92735.5,19.1,741.0125,0.003901,0.008086,1.002056,0.006663,0.39609,179.8665
92729.31,19.1,741.5648,-0.005864,0.000762,0.997173,0.455221,0.295751,179.9042
92731.28,19.1,741.3903,0.010249,0.005645,1.00352,-0.471286,0.168268,179.8704
92729.91,19.1,741.5119,-0.013188,-0.003145,0.998149,0.794149,-0.186265,179.8892
92734.19,19.1,741.1314,-0.003911,-0.003633,0.999126,0.665167,-0.326226,179.9082
92734.45,19.09,741.1076,-0.008794,0.000273,1.000103,0.733493,0.076267,180.0164
92735.16,19.1,741.0442,0.012202,0.001738,0.997173,-0.246984,0.081167,179.9758
92731.88,19.1,741.3375,0.005366,-0.001191,1.000591,-0.258557,-0.089392,180.013
92736.54,19.1,740.92,0.010737,-0.003145,1.001079,-0.27137,-0.140636,179.9443
92731.88,19.1,741.3375,-0.003423,0.000762,1.000103,0.191956,0.152368,179.9969
92733.43,19.09,741.1974,0.005366,-0.000215,1.000591,-0.312646,0.019104,179.9167
92733.43,19.09,741.1974,0.005854,-0.001191,1.000591,-0.355636,-0.001257,179.9779
92732.17,19.1,741.3111,0.006343,0.00418,0.998149,-0.27688,0.133823,179.9277
92731.55,19.1,741.3666,-0.003423,0.008574,1.004985,0.098102,0.13497,179.9708
92732.17,19.1,741.3111,0.00439,-0.003633,1.001567,-0.279179,-0.008255,179.9256
92732.86,19.1,741.2477,0.004878,0.000273,1.002544,-0.259155,-0.023721,179.9335
92732.47,19.09,741.2847,-0.00147,0.00418,0.997173,0.344926,0.698299,179.9421
92733.78,19.09,741.1658,-0.000981,-0.00168,1.000591,-0.021408,-0.403541,179.9716
92733.78,19.09,741.1658,0.003413,0.007598,1.002056,-0.08366,0.283891,179.9507
92734.14,19.1,741.134,0.006343,0.00125,1.001567,-0.448642,0.234964,179.9479
92736.48,19.1,740.9253,0.000972,0.00418,1.003032,-0.114404,0.38341,180.0086
92737.47,19.1,740.8354,-4.882924e-6,-0.002168,1.001079,0.089108,-0.09549,180.0766
92732.83,19.1,741.2503,-0.005376,-0.006563,0.998638,0.130861,-0.347538,180.0973
92732.83,19.1,741.2503,0.000483,-0.003145,1.002056,0.135984,-0.278464,180.1538
92735.07,19.09,741.0521,-0.003911,0.000273,1.000591,0.168988,0.026656,180.1365
92730.86,19.1,741.4274,0.003413,-0.003145,0.998149,-0.344896,-0.110248,180.0346
92731.45,19.09,741.3745,0.000972,0.003691,0.999614,0.061365,0.111016,179.9246
92731.45,19.09,741.3745,0.006831,-0.00168,1.001079,-0.169039,-0.145428,179.8885
92734.09,19.09,741.1393,-0.006353,-0.008516,1.000591,0.623569,-0.864423,179.966
92732.11,19.09,741.3163,0.008296,0.010039,1.002056,-0.568894,0.665789,180.0131
92732.77,19.09,741.2582,0.000483,-0.005098,1.001079,-0.000819,-0.337554,179.9465
92736.05,19.09,740.9623,0.000483,0.002715,1.002544,0.086681,-0.289761,179.9447
92736.42,19.09,740.9306,0.005366,0.00125,0.999126,-0.355084,-0.201748,179.9616
92730.11,19.09,741.496,-0.004399,0.000762,1.000591,0.588535,0.062544,179.9746
92742.6,19.09,740.3784,-0.000981,-0.007539,1.001567,0.028564,-0.399938,179.9145
92733.75,19.09,741.1684,0.002925,-0.006563,0.996196,0.023526,-0.125031,179.9116
92735.66,19.08,740.9993,0.003901,-0.002656,1.001567,-0.26308,-0.027698,179.8745
92738.3,19.08,740.7615,-0.002935,0.003203,1.003032,0.222341,0.408709,179.9289
92731.06,19.08,741.4089,0.002437,0.00125,0.999614,-0.022257,0.288059,179.9565
92737.34,19.09,740.8487,-0.001958,-0.000703,0.999614,-0.160416,-0.170976,179.9613
92734.02,19.08,741.1446,0.005366,-0.003633,0.999614,-0.308812,-0.196953,179.9571
92736.98,19.08,740.8804,-0.00147,-0.000703,1.001567,0.287252,-0.220829,180.0032
92736.38,19.09,740.9332,-0.007817,-0.007539,1.000103,0.243171,-0.224034,179.9685
92738.36,19.09,740.7562,-0.000981,-0.004121,1.001079,0.088744,-0.330523,179.977
92736.68,19.09,740.9068,0.003413,0.00125,0.998149,-0.241337,-0.017852,179.993
92736.68,19.09,740.9068,-0.005376,-0.004121,1.000103,0.34278,-0.21952,179.9791
92736.38,19.09,740.9332,0.00146,-0.006074,0.999614,0.329634,-0.182531,179.9351
92734.98,19.08,741.0601,-0.007329,-0.008027,1.000103,0.267486,-0.430413,179.9551
92732.7,19.08,741.2635,0.003413,-0.004121,1.002056,-0.17311,0.128602,179.9206
92735.93,19.08,740.9755,-0.000493,0.00418,0.998638,-0.127269,0.152037,179.9163
92730.73,19.08,741.4379,0.006343,0.000273,1.001567,-0.328568,-0.036241,179.8926
92731.33,19.08,741.3851,0.000483,-0.004609,1.002056,-0.505533,-0.426293,179.9208
92735.93,19.08,740.9755,0.00146,0.001738,0.999126,-0.203543,0.454473,179.9719
92733.96,19.08,741.1499,-0.000493,-0.002168,0.999126,0.000865,0.174314,179.9723
92733.96,19.08,741.1499,-4.882924e-6,0.005645,1.002544,0.066885,0.235224,179.9715
92734.98,19.08,741.0601,-0.002935,0.00125,1.004009,0.173122,0.07017,179.9372
92734.98,19.08,741.0601,0.002925,-0.000215,0.999614,-0.200422,0.026345,180.0204
92732.44,19.09,741.2873,0.001948,0.002715,1.001567,-0.010129,0.086452,180.0401
92733.03,19.08,741.2344,-0.002935,-0.00168,0.999614,-0.021992,0.049379,179.9872
92734.98,19.08,741.0601,0.00146,0.002227,1.000103,-0.081127,0.060715,179.9855
92735.99,19.08,740.9702,0.003413,0.002227,1.001079,-0.153448,0.041012,180.0091
92736.95,19.08,740.8831,0.005366,0.00125,1.000103,-0.305033,0.062229,180.0633
92732.64,19.08,741.2688,0.003413,-0.012422,0.997173,-0.266127,-0.779683,180.0419
92734.91,19.07,741.0654,0.000972,0.005156,1.001567,-0.056589,0.378471,180.0462
92735.63,19.08,741.002,-0.002935,0.002715,0.997661,-0.019771,0.42294,180.0451
92735.63,19.08,741.002,0.000483,-0.002656,1.001079,-0.02338,-0.14711,180.0161
92739.28,19.08,740.6743,-0.004399,-0.006563,0.997661,-0.099572,-0.342049,180.0383
92733.93,19.07,741.1525,-4.882924e-6,0.005645,0.998149,-0.432909,0.060392,180.0832
92729.92,19.07,741.5119,-0.000981,-0.002656,1.000591,-0.229066,0.257733,180.1095
92733.36,19.08,741.2028,0.006831,-0.006563,1.001567,-0.464093,-0.829496,180.0725
92734.91,19.07,741.0654,-0.003423,0.004668,1.00352,0.101707,0.190234,180.0348
92735.58,19.07,741.0072,0.003413,0.00418,1.000591,0.139437,-0.133688,180.0191
92737.61,19.08,740.8249,-0.001958,-0.001191,0.998638,0.193229,-0.101469,180.0786
92733.96,19.08,741.1499,0.002925,-0.003145,0.998149,-0.150213,-0.292402,180.1218
92737.91,19.08,740.7985,0.007319,-0.003633,1.001079,-0.135123,-0.20037,180.1327
92735.9,19.07,740.9781,0.013667,0.002715,0.99522,-0.463115,0.214889,180.0432
92737.22,19.07,740.8593,0.00146,-0.005586,1.001567,-0.070581,-0.022652,180.1019
92737.91,19.08,740.7985,0.019038,0.006621,0.986431,-1.193684,0.401006,180.1821
92733.96,19.08,741.1499,0.009761,0.008574,1.010845,-0.339334,0.317079,180.5468
92733.96,19.08,741.1499,-0.01563,-0.007539,1.002544,0.694474,-0.242588,180.3539
92732.34,19.08,741.2952,0.000972,0.002715,1.006938,-0.318778,0.294182,180.3676
92733.6,19.07,741.1843,-0.020513,-0.01584,1.011333,0.732847,-0.427038,180.2586
92730.97,19.07,741.4194,-0.019536,-0.005586,0.990825,1.656135,-0.174021,180.262
92734.91,19.07,741.0654,0.045894,0.01248,1.007427,0.417467,0.363152,180.1491
92735.27,19.08,741.0336,0.039058,0.022246,0.99229,1.170763,-0.400083,180.2269
92736.89,19.07,740.8883,-0.006353,0.006133,1.013774,1.207166,-0.293279,180.1024
92736.89,19.07,740.8883,0.039058,0.012969,0.980571,-0.404332,-0.033886,180.073
92738.86,19.07,740.7113,-0.007329,-0.000703,1.004009,0.890923,-0.234724,179.8129
92738.27,19.08,740.7668,0.013667,0.013457,1.00938,0.018267,0.394527,179.7703
92742.51,19.08,740.3863,-0.021978,-0.01877,0.999614,0.801489,-0.549347,179.6157
92732.28,19.07,741.3005,0.007319,0.011016,0.98936,-0.138138,0.272156,179.603
92737.55,19.07,740.8302,-0.002446,-0.014375,1.005474,0.144908,-0.752103,179.8198
92737.25,19.08,740.8566,0.015132,0.01248,0.996685,-1.189165,1.018221,179.8031
92737.25,19.08,740.8566,-0.017583,-0.010469,1.007915,0.569698,-0.343085,179.7961
92736.89,19.07,740.8883,0.006343,-0.004609,1.000591,-0.419224,0.22186,179.7164
92734.19,19.06,741.1314,0.00146,0.006133,1.000591,-0.397535,0.277503,179.8097
92736.89,19.07,740.8883,0.012202,0.006621,1.008403,-0.564427,0.338902,179.5539
92735.84,19.07,740.9808,-0.000493,-0.006074,1.016704,-0.323991,-0.442605,179.4342
92730.97,19.07,741.4194,0.026362,0.007109,1.010356,-0.255943,0.227242,179.3955
92738.14,19.06,740.7773,-0.014653,-0.00998,0.997173,0.048521,0.022997,179.636
92731.2,19.06,741.3983,0.021479,0.008574,0.98936,0.024681,0.056742,179.7777
92736.2,19.07,740.9491,0.00439,-0.002168,1.004497,-0.19725,-0.202202,179.7567
92738.53,19.07,740.7404,0.004878,0.002227,0.997661,-0.047113,0.124772,179.81
92736.2,19.07,740.9491,0.012202,0.000273,0.995708,-0.132374,-0.157536,179.6909
92733.53,19.06,741.1895,-0.010747,-0.013398,1.004985,0.08501,-0.661651,179.6796
92733.53,19.06,741.1895,-0.00147,0.001738,1.008403,0.20249,0.157989,179.6923
92734.84,19.06,741.0706,-0.001958,-0.001191,1.007915,0.279484,0.011879,179.7186
92733.86,19.07,741.1605,0.00439,0.005645,1.004497,-0.025991,0.338327,179.707
92731.86,19.06,741.3375,-0.002446,-0.002656,0.993267,-0.213001,-0.265736,179.6463
92732.52,19.06,741.2794,0.006343,0.003691,0.997661,-0.224694,0.142195,179.6179
92732.52,19.06,741.2794,-0.010747,-0.004121,1.002056,0.812279,-0.265362,179.6217
92732.91,19.07,741.245,0.003901,0.000273,0.998638,-0.245949,0.18542,179.5854
92733.2,19.07,741.2186,0.002437,-0.001191,0.999126,-0.392033,0.125757,179.5981
92734.84,19.06,741.0706,0.003901,0.008574,0.999614,-0.17261,0.264242,179.573
92734.59,19.07,741.0944,0.00439,-0.000703,0.994243,-0.083729,0.054502,179.5558
92734.48,19.06,741.1024,-0.001958,-0.004121,1.002056,-0.022585,0.0956,179.5724
92735.9,19.07,740.9781,0.006831,-0.000703,0.998638,-0.116596,-0.10967,179.561
92735.84,19.07,740.9808,0.010249,-0.004121,0.997661,-0.516651,0.177475,179.5583
92732.88,19.06,741.2477,0.004878,-0.002168,0.998149,-0.327404,-0.192031,179.5303
92735.18,19.07,741.0416,0.004878,0.008086,1.004009,-0.116222,0.219018,179.5266
92729.27,19.07,741.57,0.00146,0.000273,0.994243,-0.085292,-0.029752,179.5295
92739.84,19.07,740.6241,0.002437,0.003203,1.001567,-0.114224,0.180543,179.5198
92736.5,19.07,740.9227,0.000972,0.00125,1.001079,-0.055501,0.083775,179.5438
92738.47,19.07,740.7483,0.001948,0.004668,1.000103,-0.319505,0.717349,179.5653
92734.43,19.06,741.1076,-0.001958,-0.002168,1.001079,0.280089,-0.146513,179.5589
92734.13,19.06,741.1367,0.008784,-0.005586,0.999614,-0.552515,-0.392858,179.552
92734.48,19.06,741.1024,0.000972,-0.000703,1.000591,-0.532558,0.023511,179.5668
92737.16,19.07,740.8646,0.000483,-0.004609,1.000103,-0.27841,-0.559843,179.5443
92737.78,19.06,740.809,-0.002935,0.001738,1.00352,0.29243,0.342029,179.5348
92734.78,19.06,741.0759,-0.004399,0.000273,1.001079,-0.11597,0.285282,179.5193
92737.48,19.06,740.8354,-0.000493,-0.001191,1.002056,0.025251,0.038894,179.5377
92728.58,19.06,741.6334,0.000483,0.001738,0.999614,0.067041,0.092733,179.5246
92735.14,19.06,741.0442,0.00146,0.00125,0.999614,0.060242,0.049807,179.493
92733.44,19.05,741.1974,0.003413,-0.001191,1.000591,-0.217845,0.080867,179.4964
92733.17,19.06,741.2213,-4.882924e-6,0.003691,0.996196,-0.085479,0.075172,179.502
92733.17,19.06,741.2213,-0.003911,-0.006074,0.997661,0.128775,-0.476294,179.4766
92738.7,19.05,740.7271,0.006343,-0.000703,1.001079,-0.530622,-0.115488,179.487
92734.09,19.05,741.1393,0.00439,0.000762,0.999126,-0.318873,0.006046,179.4957
92738.38,19.06,740.7562,0.00439,0.003691,1.000103,-0.398518,0.174314,179.5095
92738.38,19.06,740.7562,-0.001958,-0.004121,0.998149,-0.087736,-0.208742,179.5227
92737.68,19.05,740.817,0.002925,0.005156,1.000591,-0.369707,0.051461,179.5064
92736.97,19.05,740.8804,0.001948,0.002715,1.000103,0.055164,0.028469,179.5175
92735.45,19.06,741.0178,0.002925,-0.003633,1.001079,-0.338427,-0.462363,179.4818
92736.4,19.06,740.9332,-0.001958,-0.002656,1.000591,0.341702,-0.343299,179.5028
92736.73,19.05,740.9042,-4.882924e-6,0.002715,0.997661,0.153979,0.371781,179.4773
92735.45,19.06,741.0178,0.00146,-0.000703,1.001567,-0.228237,0.299342,179.4711
92735.74,19.06,740.9914,0.00439,-0.00168,0.997661,-0.335144,-0.113854,179.4819
92738.38,19.06,740.7562,0.006343,0.00125,1.002056,-0.322237,0.059815,179.4713
92738.34,19.05,740.7589,0.005366,-0.003633,0.997661,-0.23906,-0.012109,179.4757
92739.3,19.05,740.6743,0.002437,0.002715,0.997661,-0.117992,0.047436,179.481
92737.33,19.05,740.8487,0.002437,-0.003145,0.996196,-0.095752,0.053712,179.452
92741.66,19.06,740.4629,-0.003423,0.002715,1.000103,-0.11339,0.120264,179.4661
92743.3,19.05,740.3149,0.003413,0.007109,1.000591,-0.215144,0.406194,179.4653
92737.02,19.05,740.8777,-0.000981,-0.004121,1.001079,0.177291,-0.684662,179.4883
92738.64,19.05,740.7324,0.002437,0.006133,0.999126,-0.41469,0.593095,179.4936
92737.29,19.04,740.8539,0.00146,0.005645,1.002056,-0.05575,0.268224,179.5027
92737.68,19.05,740.817,0.006343,0.002715,0.997173,-0.386074,0.178875,179.4991
92734.3,19.04,741.1208,-0.002446,-0.002656,1.001079,0.152267,-0.129322,179.5081
92734.3,19.04,741.1208,0.007808,0.004668,0.999614,-0.839234,0.295952,179.4726
92738.64,19.05,740.7324,0.000972,0.000273,1.000103,-0.319308,-0.174833,179.4655
92738.94,19.05,740.706,-4.882924e-6,0.003203,1.004009,-0.363817,0.383714,179.4662
92738.34,19.05,740.7589,-0.000981,0.006621,1.000591,0.074047,0.505605,179.4727
92733.02,19.05,741.2344,0.000972,0.000762,0.999614,-0.337759,0.162308,179.4514
92734.3,19.04,741.1208,-0.000981,-0.000215,0.999126,-0.08168,0.228044,179.4084
92733.44,19.05,741.1974,0.00146,0.001738,0.997661,-0.123578,0.185297,179.4221
92733.44,19.05,741.1974,-0.004399,0.000273,0.998638,-0.217319,0.135102,179.4204
92733.34,19.04,741.2054,-0.00147,-0.000703,1.002056,-0.21627,0.164302,179.413
92734.99,19.05,741.0574,-0.005376,-0.002656,1.002056,0.2845,-0.139883,179.4061
92735.35,19.05,741.0257,0.000483,0.008574,1.000103,0.066735,0.222833,179.4121
92736.3,19.05,740.9412,-4.882924e-6,-0.004609,1.001079,-0.505267,-0.078844,179.4247
92732.69,19.04,741.2635,0.000483,-0.002656,0.999126,-0.288171,-0.60112,179.4457
92734.7,19.05,741.0839,-0.000981,-0.00168,1.002056,0.308299,-0.119971,179.4446
92736.27,19.04,740.9438,-4.882924e-6,0.003691,0.999126,0.220663,-0.248613,179.4312
92734,19.04,741.1473,-0.000493,-0.004121,1.003032,0.004937,-0.534488,179.4199
92731.94,19.03,741.3322,-0.000981,-0.002168,0.999126,0.204936,-0.47761,179.4343
92737.89,19.04,740.7985,0.003413,-0.006074,0.994243,-0.340226,-0.507423,179.4451
92734.92,19.04,741.0654,0.002437,-0.003633,1.002544,-0.109025,-0.515645,179.4306
92729.31,19.03,741.5648,0.005366,-0.002656,1.000103,-0.41111,-0.212089,179.4269
92734.6,19.04,741.0944,-0.002446,-0.003145,0.998638,0.342479,-0.137706,179.4344
92735.52,19.03,741.0099,-0.000493,0.003203,0.998638,0.133993,0.273565,179.4205
92737.89,19.04,740.7985,-0.000981,-0.003145,0.997173,0.405086,0.083625,179.4107
92735.26,19.04,741.0336,0.003901,0.003203,1.003032,-0.610071,0.540897,179.3915
92735.26,19.04,741.0336,0.00146,-0.000215,1.000103,-0.087369,0.03243,179.4064
92732.59,19.03,741.2741,0.002437,0.001738,0.997661,-0.130243,0.094024,179.4018
92732.59,19.03,741.2741,-0.000981,-0.002168,0.998638,0.026709,0.203095,179.4218
92736.24,19.04,740.9465,0.004878,-0.001191,0.997173,-0.187687,-0.174242,179.4169
92730.56,19.03,741.4537,0.000483,-0.001191,0.998149,-0.07271,-0.0855,179.3969
92734.17,19.03,741.1314,0.003413,-0.001191,0.998638,-0.080501,-0.099392,179.3955
92734.86,19.03,741.0706,-0.002446,0.004668,1.003032,0.186026,0.145418,179.4052
92734.83,19.03,741.0733,-0.003911,-0.000703,0.998638,0.062955,0.145539,179.3951
92731.64,19.04,741.3586,0.005366,0.002715,0.996196,-0.049055,0.042609,179.399
92727.91,19.02,741.6916,0.004878,0.000273,0.999126,-0.225594,-0.237244,179.4579
92732.89,19.03,741.245,-0.003423,-0.002656,1.004985,-0.074358,-0.021179,179.4549
92734.2,19.03,741.1288,-0.002446,-0.006074,0.995708,0.287282,-0.071647,179.4582
92732.86,19.03,741.2477,0.005854,-0.001191,0.997661,0.272252,-0.146497,179.5294
92733.52,19.03,741.1895,0.002925,0.000762,0.996196,-0.290611,-0.255663,179.5277
92729.31,19.03,741.5648,0.002437,-0.001191,0.996685,-0.340742,-0.092612,179.5171
92736.45,19.02,740.928,0.007808,0.006133,0.996196,-0.603665,0.646229,179.5152
92730.89,19.03,741.4247,0.00146,-0.003145,1.001567,-0.024863,-0.335126,179.5097
92732.14,19.02,741.3137,-0.003423,-0.003145,1.001567,0.185186,-0.160993,179.5196
92734.5,19.03,741.1024,-0.00147,0.00125,0.998638,0.2335,-0.065677,179.4663
92737.14,19.03,740.8672,-0.000493,0.005156,1.000103,-0.112118,0.822773,179.4933
92735.42,19.02,741.0204,0.006343,0.000762,1.000103,-0.184315,-0.156167,179.4865
92733.25,19.03,741.2133,0.000972,-0.002656,1.001079,0.057638,0.034581,179.4778
92733.52,19.03,741.1895,0.003901,-0.00168,0.999126,-0.200605,-0.155669,179.4356
92737.46,19.03,740.8381,0.013179,-0.000703,0.997173,-0.446158,-0.315524,179.4765
92735.73,19.02,740.994,0.005366,0.001738,0.996685,-0.543579,-0.183727,179.4764
92734.17,19.03,741.1314,0.009761,0.007598,1.001567,-0.381742,0.264408,179.4918
92735.42,19.02,741.0204,0.000483,-0.000215,1.001567,0.02231,-0.03982,179.4786
92735.83,19.03,740.9835,0.005854,-0.003633,0.98936,-0.323687,-0.096975,179.4883
92735.73,19.02,740.994,0.000972,0.003203,1.000591,-0.091106,0.555188,179.5705
92734.83,19.03,741.0733,-4.882924e-6,-0.000215,0.996685,-0.180061,-0.175709,179.5712
92736.48,19.03,740.9253,-0.000493,-0.002168,1.002544,-0.243597,-0.131719,179.4694
92729.88,19.02,741.5145,-0.003423,-0.002656,1.003032,0.4357,-0.464299,179.433
92734.83,19.03,741.0733,0.005366,-0.000703,1.002056,-0.204829,0.286091,179.4448
92736.8,19.03,740.8962,-4.882924e-6,-0.002656,1.001567,0.169003,0.223732,179.4294
92737.76,19.02,740.8117,0.001948,0.004668,1.000591,0.038399,-0.252585,179.4202
92735.16,19.03,741.0442,-0.004399,0.000762,1.006938,0.206359,0.031841,179.43
92735.16,19.03,741.0442,-0.007817,-0.005098,0.997173,0.193647,-0.197472,179.3827
92735.73,19.02,740.994,0.005854,-0.006074,0.997661,0.067498,-0.170312,179.2873
92737.46,19.03,740.8381,0.002437,-0.002656,1.002544,0.153497,-0.085257,179.2856
92736.8,19.03,740.8962,0.005366,0.00418,1.000103,-0.237153,0.02254,179.2953
92733.09,19.02,741.2292,0.000972,-0.000215,0.996196,-0.090127,0.076157,179.3052
92733.09,19.02,741.2292,0.002925,-0.000215,1.002056,-0.120301,0.04885,179.329
92738.72,19.02,740.7245,0.006831,0.005156,1.000591,-0.15154,0.025734,179.2468
92735.83,19.03,740.9835,0.002437,-0.006563,0.997173,-0.27491,-0.405139,179.2482
92736.84,19.03,740.8936,0.005854,-0.002656,0.999126,-0.271568,-0.1732,179.2529
92736.74,19.02,740.9016,-0.004888,0.003691,0.997661,0.265084,0.362406,179.2086
92732.14,19.02,741.3137,0.005854,0.000273,0.998149,-0.502819,0.039153,179.2053
92730.53,19.02,741.4564,-0.004399,0.003203,1.00352,0.344374,0.332029,179.2185
92734.38,19.01,741.1129,0.007319,0.006621,1.004009,-0.367505,0.799048,179.2663
92732.8,19.02,741.2556,0.00146,-0.000703,1.001567,-0.077711,-0.338249,179.2498
92734.41,19.02,741.1103,-0.002935,-0.001191,1.001079,0.118355,-0.03328,179.2532
92731.48,19.02,741.3718,0.005366,-0.009004,0.999614,-0.538099,-0.791781,179.2754
92734.47,19.02,741.105,-0.000493,-0.002168,1.003032,0.234821,0.051869,179.2933
92733.81,19.02,741.1631,0.001948,0.000273,1.000591,0.189723,-0.05766,179.2677
92731.19,19.02,741.3983,-0.00147,-0.004609,1.000591,0.08185,-0.259706,179.2823
92732.44,19.02,741.2873,0.000972,-0.004121,0.996685,0.070379,-0.301182,179.3024
92737.8,19.03,740.8064,0.002925,-0.004121,1.001567,-0.411619,0.102133,179.2933
92734.41,19.02,741.1103,0.000972,0.00418,1.003032,-0.183406,0.372859,179.2771
92736.09,19.02,740.9597,0.00146,-0.000215,1.001567,-0.06925,0.094909,179.2633
92733.06,19.01,741.2318,-0.000493,0.000273,0.997173,0.110186,-0.289406,179.2362
92738.13,19.03,740.7773,0.004878,0.005156,0.998149,-0.642824,0.478032,179.2454
92734.11,19.02,741.1367,-0.007329,-0.004121,1.001567,0.300589,-0.190091,179.2309
92736.14,19.03,740.957,-0.003911,-0.002168,1.00645,0.264796,-0.269909,179.2082
92730.17,19.02,741.4908,-0.000493,-0.001191,1.003032,-0.164657,-0.252106,179.2424
92736.74,19.02,740.9016,0.003901,0.004668,1.004497,-0.431268,0.303774,179.1952
92731.06,19.01,741.4089,0.006343,0.003691,0.995708,-0.467165,0.275069,179.1846
92737.37,19.02,740.8461,-0.000981,-0.003633,0.993267,0.076672,-0.240322,179.1813
92737.37,19.02,740.8461,-0.00147,-0.002656,1.001567,0.059198,-0.146834,179.1777
92736.71,19.02,740.9042,0.006831,-0.002168,0.995708,-0.005651,0.278583,179.1277
92731.78,19.02,741.3455,-0.00147,-0.008516,0.994731,-0.101702,-0.948327,179.0618
92731.78,19.02,741.3455,-0.000493,-0.003633,1.001567,-0.151281,0.113465,179.0328
92735.39,19.02,741.0231,0.032222,0.006133,0.994243,-0.846912,0.218232,178.8615
92732.11,19.02,741.3163,0.024409,0.007109,0.987895,-0.779549,0.101437,178.9413
92731.48,19.02,741.3718,0.004878,0.00125,1.000103,-0.728819,-0.106692,179.2006
92731.78,19.02,741.3455,0.009761,0.00418,1.006938,-0.478242,0.082148,179.226
92733.81,19.02,741.1631,0.009761,0.000762,1.006938,-0.029139,0.154374,179.0514
92733.75,19.02,741.1684,0.00439,-0.00168,1.011821,-0.220052,-0.118845,178.9326
92735.39,19.02,741.0231,-0.000981,0.008086,1.015239,0.092172,0.378485,179.0462
92733.75,19.02,741.1684,0.010249,0.011504,0.994243,-0.982465,0.826599,179.084
92733.16,19.02,741.2239,-0.006353,-0.003633,0.991802,-0.262392,-0.036967,179.0567
92735.73,19.02,740.994,-0.005864,-0.007051,1.002544,0.696026,-0.652691,178.9399
92738.02,19.02,740.7879,0.005854,0.003691,0.996685,-0.192431,0.02705,178.88
92737.04,19.02,740.8751,0.005854,-0.004121,0.997173,-0.239362,-0.234866,178.8693
92734.41,19.02,741.1103,0.019038,0.006133,0.999614,-0.212425,0.00799,178.9099
92733.16,19.02,741.2239,-0.008794,-0.005098,1.008892,-0.097625,0.094817,178.8504
92735.42,19.02,741.0204,-0.013677,-0.004609,1.005474,0.049461,0.250467,178.736
92732.14,19.02,741.3137,-0.017583,-0.013887,1.011333,0.826129,-0.614677,178.8648
92735.78,19.02,740.9887,0.012202,-0.000215,0.990337,0.462725,-0.035273,179.2141
92736.05,19.02,740.965,0.002925,0.003203,1.009868,0.412432,-0.119119,179.1532
92736.05,19.02,740.965,0.00146,0.009062,0.990825,-0.217078,0.659113,179.1113
92734.11,19.02,741.1367,-0.000493,-0.001191,1.007915,0.243608,-0.354549,179.0436
92734.41,19.02,741.1103,0.001948,0.006133,0.993267,-0.182303,0.67184,179.0175
92735.7,19.01,740.9966,0.007319,-0.000703,1.002056,-0.528589,-0.229225,179.0532
92735.7,19.01,740.9966,-0.010259,0.002715,1.004009,0.165218,0.073405,179.0545
92735.99,19.01,740.9702,0.006343,-0.008027,0.998638,-0.264645,-0.91328,179.0301
92737.7,19.02,740.817,0.002925,-0.003633,0.996685,-0.583953,0.064781,178.9774
92733.81,19.02,741.1631,0.000972,0.002715,0.999126,0.392171,0.39633,178.964
92734.08,19.02,741.1393,-0.006353,-0.002168,1.004009,0.666075,-0.154861,178.9634
92735.7,19.01,740.9966,0.003413,-0.000703,1.003032,-0.377118,0.013722,178.9617
92735.34,19.01,741.0284,0.005854,-0.002168,0.998149,-0.101117,0.044925,178.9622
92734.08,19.02,741.1393,-0.004888,0.00125,0.999614,0.680396,0.075007,178.9367
92740,19.02,740.6109,-0.011724,-0.004609,0.985454,0.54817,-0.150235,178.9901
92733.16,19.02,741.2239,-0.009282,0.013457,1.011821,0.311844,0.432937,179.0359
92734.38,19.01,741.1129,0.00439,0.000762,0.999614,-0.73737,0.271611,179.1005
92729.42,19.01,741.5568,-0.010747,-0.006563,1.002056,0.334396,-0.284902,179.0917
92734.67,19.01,741.0865,0.00146,0.00125,1.011333,-0.022287,-0.152701,179.1298
92735.39,19.02,741.0231,0.008296,-0.00168,1.005962,0.041587,-0.282214,179.0642
92733.81,19.02,741.1631,0.001948,-0.004609,1.009868,-0.090146,-0.225853,179.1298
92735.42,19.02,741.0204,0.005854,-0.004609,0.993755,-0.353234,-0.235807,179.1517
92734.77,19.02,741.0786,0.037104,0.027129,1.007427,0.206797,0.565951,179.1058
92738.05,19.02,740.7853,0.027827,0.007109,0.983013,-0.417059,0.025606,179.1719
92736.35,19.01,740.9359,0.023433,0.016875,0.994731,-1.417639,1.015026,179.008
92731.78,19.02,741.3455,0.026362,0.021758,0.996685,-1.269012,0.345715,179.0039
92734.67,19.01,741.0865,-0.020513,-0.003145,1.002056,0.213925,-0.265911,178.9162
92735.42,19.02,741.0204,-0.004399,0.004668,1.002056,0.210219,0.242244,178.931
92733.42,19.02,741.1974,0.016108,0.024687,1.009868,-0.106001,0.218739,178.9101
92736.05,19.02,740.965,0.028315,-0.001191,1.021587,-0.237117,-0.810108,178.8823
92734.08,19.02,741.1393,-0.000981,-0.020723,0.99229,-0.064396,-0.947298,178.871
92735.07,19.02,741.0521,-0.007329,0.000273,1.005474,0.050168,-1.048096,178.8776
92735.07,19.02,741.0521,0.010737,-0.016816,1.008403,-0.521243,-0.942555,178.8729
92734.11,19.02,741.1367,0.050776,0.010527,0.99229,-0.376224,-0.007138,178.8544
92734.73,19.02,741.0812,0.020503,-0.011445,1.00645,-1.098312,-0.123429,178.8249
92737.04,19.02,740.8751,-0.003911,-0.01584,0.998638,-0.529714,0.100168,178.8495
92734.73,19.02,741.0812,0.003901,-0.00998,1.001567,-0.193203,-0.753294,178.8365
92736.62,19.01,740.9121,-0.005864,0.006133,1.001079,-0.075772,0.007894,178.7615
92736.65,19.01,740.9095,-0.00147,0.006133,1.001079,0.510919,0.668778,178.7532
92733.45,19.02,741.1948,0.004878,0.01248,1.005474,-0.280885,-0.240895,178.7482
92738.63,19.01,740.7324,0.005854,0.012969,1.000103,0.004815,0.139478,178.7114
92738.02,19.02,740.7879,-0.000981,-0.003145,0.999126,0.204513,0.062881,178.6987
92735.39,19.02,741.0231,0.007319,-0.002168,0.999126,-0.192113,-0.067757,178.6622
92737.93,19.01,740.7958,0.007319,-0.003145,0.997173,-0.375556,-0.233759,178.655
92734.73,19.02,741.0812,0.003901,-0.002656,0.992778,0.145378,-0.114498,178.6448
92732.44,19.02,741.2873,0.003901,-0.006074,0.996196,-0.492025,-0.585288,178.6803
92734.02,19.01,741.1446,0.003413,-0.008027,0.998638,-0.292815,-0.622763,178.6869
92737.37,19.02,740.8461,-0.005864,0.010527,0.998638,0.326752,0.519486,178.7044
92737.04,19.02,740.8751,-0.003423,0.009551,0.996196,0.202792,0.589603,178.7151
92737.7,19.02,740.817,-0.004888,-0.003145,0.999614,-0.001235,-0.657757,178.7432
92730.44,19.01,741.4644,0.000972,0.009551,1.00352,-0.020087,0.265068,178.7689
92736.98,19.01,740.8804,-0.000981,0.003691,1.002056,0.059667,0.274515,178.7555
92733.42,19.02,741.1974,0.001948,-0.002656,1.003032,0.270991,0.035697,178.755
92734.11,19.02,741.1367,0.003413,-0.007051,0.998638,-0.061107,-0.090191,178.7246
92735.73,19.02,740.994,-0.005376,-0.006074,1.001567,0.296854,-0.345137,178.7303
92735.73,19.02,740.994,0.002437,-0.004121,0.999126,-0.318473,-0.06853,178.7317
92737.37,19.02,740.8461,0.004878,0.000273,1.004497,-0.292563,0.017928,178.7517
92735.99,19.01,740.9702,0.002437,-0.005586,0.998149,-0.16303,-0.349227,178.7347
92735.73,19.02,740.994,0.002925,-0.00998,0.999126,-0.064835,-0.306109,178.7124
92738.36,19.02,740.7562,0.000972,0.003691,1.001079,-0.478499,0.2169,178.7174
92734.73,19.02,741.0812,-0.000493,0.006621,1.002056,0.019328,0.549898,178.7272
92736.09,19.02,740.9597,-4.882924e-6,0.005156,1.001079,-0.05019,0.463792,178.7336
92736.38,19.02,740.9332,0.002437,0.000273,0.999126,-0.092003,0.471407,178.7229
92733.72,19.01,741.1737,-4.882924e-6,0.000762,0.999126,0.202108,0.545967,178.7612
92740,19.02,740.6109,-0.00147,-0.002656,0.998638,0.313542,-0.412722,178.7606
92732.11,19.02,741.3163,-0.002935,-0.003145,1.001567,0.277306,-0.170818,178.7691
92738.36,19.02,740.7562,0.002925,-0.006074,0.996685,0.038615,-0.635915,178.7504
92737.66,19.01,740.8196,0.00146,-0.002656,0.998149,-0.450478,-0.353166,178.7323
92737.37,19.02,740.8461,0.003413,-0.002656,1.000591,-0.166568,0.217704,178.7243
92736.71,19.02,740.9042,0.00439,-0.00168,0.997661,-0.195616,-0.203874,178.7056
92735.7,19.01,740.9966,0.000483,-0.000703,1.001567,-0.019804,-0.23807,178.7125
92733.06,19.01,741.2318,0.000972,0.000762,1.000591,0.039396,-0.00076,178.7245
92735.7,19.01,740.9966,-0.002935,0.00125,1.001567,0.144177,-0.001556,178.7452
92732.38,19.01,741.2926,-0.000493,0.00125,0.998149,0.017004,0.065353,178.7538
92733.06,19.01,741.2318,-0.000493,0.003203,0.997173,0.100643,-0.050007,178.8003
92734.02,19.01,741.1446,0.00439,-0.001191,0.997173,-0.081029,-0.111383,178.7938
92734.38,19.01,741.1129,0.002437,0.003691,1.000591,-0.070742,-0.09848,178.7987
92733.36,19.01,741.2028,-4.882924e-6,-0.002656,0.998638,0.062107,-0.231385,178.8348
92736.05,19.02,740.965,-0.000493,-0.008027,0.998149,0.042256,-0.236781,178.8365
92735.39,19.02,741.0231,-4.882924e-6,0.000273,0.999126,0.200648,-0.125097,178.8375
92735.39,19.02,741.0231,0.003413,-0.004609,1.002056,-0.169108,-0.297658,178.8533
92735.39,19.02,741.0231,-0.00147,-0.006563,0.997661,0.057963,-0.279726,178.8355
92734.38,19.01,741.1129,-0.001958,0.002715,1.002544,0.062586,-0.12944,178.842
92734.67,19.01,741.0865,0.002925,0.003691,1.001079,-0.122726,0.218485,178.8514
92734.67,19.01,741.0865,-0.000981,-0.009004,1.001567,0.230171,-0.330939,178.8717
92734.67,19.01,741.0865,-0.000981,0.006621,0.999614,-0.099912,0.828646,178.8444
92733.36,19.01,741.2028,0.002925,-0.000215,1.000591,-0.303846,-0.249112,178.8454
92730.44,19.01,741.4644,-0.002446,0.00418,0.999126,0.107077,0.432973,178.8548
92731.72,19.01,741.3507,-0.002935,-0.000703,1.002056,0.540772,0.043159,178.8201
92735.03,19.01,741.0548,-0.000981,-0.001191,0.998638,0.431501,0.08166,178.8161
92738.98,19.01,740.7007,0.002437,-0.005098,1.000103,0.19482,-0.101703,178.8182
92736.32,19.01,740.9385,0.001948,-0.004121,1.000591,0.205948,-0.007797,178.8474
92733.72,19.01,741.1737,-0.000981,-0.004121,0.999126,-0.035888,-0.047716,178.8563
92737.7,19.02,740.817,-0.000981,-0.00168,1.000591,0.056275,-0.096456,178.8544
92734.02,19.01,741.1446,0.000483,0.003691,1.00352,0.082039,-0.08288,178.8559
92733.42,19.02,741.1974,0.002925,0.004668,0.999126,-0.376492,0.125793,178.8807
92736.05,19.02,740.965,0.00146,0.007598,0.999614,-0.062783,0.081165,178.8718
92732.77,19.02,741.2582,-0.000493,0.002227,0.998638,0.058893,0.09246,178.8629
92735.03,19.01,741.0548,0.000972,-0.004121,0.996685,-0.0697,0.031134,178.8746
92735.03,19.01,741.0548,-4.882924e-6,-0.001191,1.001079,-0.069266,-0.03134,178.8552
92735.03,19.01,741.0548,-4.882924e-6,0.007109,0.998638,0.080493,0.005472,178.8773
92738.68,19.02,740.7298,0.001948,0.00418,1.000103,-0.435111,-0.026413,178.8785
92735,19.01,741.0574,0.002925,-0.004121,0.998638,-0.142877,-0.450604,178.8885
92735,19.01,741.0574,-0.003911,-0.010957,1.002056,0.183939,-0.491116,178.8549
92733.06,19.01,741.2318,0.00439,-0.003633,1.000103,-0.461542,-0.426066,178.8824
92730.44,19.01,741.4644,-0.005376,-0.005586,1.001567,0.081592,-0.160409,178.8789
92737.01,19.01,740.8777,0.002925,0.001738,0.996685,0.081282,-0.069322,178.8513
92736.05,19.02,740.965,-0.00147,0.000762,0.996685,0.130667,0.016697,178.8314
92734.38,19.01,741.1129,-0.007817,-0.005586,0.999614,0.438222,-0.324486,178.8824
92735.7,19.01,740.9966,0.003901,0.010039,0.999614,-0.178165,0.113224,178.8486
92734.08,19.02,741.1393,-4.882924e-6,-0.000703,1.002056,-0.156473,-0.072212,178.8563
92735.7,19.01,740.9966,0.010249,0.002227,1.001079,-0.557735,-0.006224,178.8374
92734.38,19.01,741.1129,-0.003911,-0.003145,0.999614,0.565757,-0.268753,178.9364
92733.72,19.01,741.1737,-0.00147,-0.006563,1.002056,0.221704,-0.610004,178.8673
92735.66,19.01,740.9993,-0.00147,-0.003145,1.002544,0.04255,-0.407817,178.8377
92736.05,19.02,740.965,0.00439,-0.000703,0.996196,-0.772005,0.004519,178.7924
92736.05,19.02,740.965,-0.004399,-0.006563,0.998149,0.209821,-0.306908,178.7639
92734.02,19.01,741.1446,0.003413,-0.004121,0.999126,-0.597392,0.476454,178.7345
92733.42,19.02,741.1974,0.002437,-0.002168,0.997173,-0.038645,-0.532024,178.8979
92732.02,19.01,741.3243,-0.014165,0.000762,0.998638,0.322842,0.038181,178.9842
92736.71,19.02,740.9042,-0.010259,-0.006563,1.000591,0.255933,-0.269099,179.0423
92734.02,19.01,741.1446,0.00439,0.011016,0.997661,-0.246071,0.646508,178.9838
92735.03,19.01,741.0548,-0.000981,0.001738,1.003032,0.117464,0.582517,179.0063
92730.4,19.01,741.4696,0.000483,-0.000703,1.000591,-0.107846,0.132553,179.008
92734.67,19.01,741.0865,0.000972,-0.000703,1.002056,-0.222925,0.070492,179.058
92732.05,19.01,741.3217,0.002437,-0.004121,0.999614,0.006455,0.010312,179.0243
92731.06,19.01,741.4089,0.013179,-0.006074,1.001567,-0.037504,-0.262577,178.9881
92732.41,19.01,741.2899,0.002925,-0.006074,0.995708,-0.155258,-0.263163,178.9471
92727.45,19.01,741.7338,0.007808,0.001738,1.002056,0.066886,-0.09242,178.9433
92734.38,19.01,741.1129,-0.000981,0.00418,0.997661,0.015059,-0.035942,178.9317
92733.06,19.01,741.2318,0.007808,0.011016,1.004985,-0.14257,0.501328,178.8925
92733.03,19.01,741.2344,0.002925,-0.000215,1.003032,-0.5533,0.080063,178.8723
92732.77,19.02,741.2582,0.002437,-0.000215,1.002544,-0.467496,-0.177142,178.9238
92735.39,19.02,741.0231,-4.882924e-6,-0.004121,0.998149,-0.097789,-0.461978,178.9216
92735.39,19.02,741.0231,-0.003911,-0.007539,1.001079,0.150603,-0.762124,178.8975
92731.75,19.01,741.3481,0.008784,-0.002656,0.999126,-0.827449,-0.044966,178.9087
92730.8,19.02,741.4326,-0.000981,-0.005586,1.000103,0.08068,-0.739029,178.9008
92732.41,19.01,741.2899,0.026362,0.006621,0.998638,-0.591051,0.315196,178.972
92732.41,19.01,741.2899,-0.014653,-0.017793,0.988384,0.314587,-0.52264,179.0355
92731,19,741.4167,0.002925,-0.009492,0.993755,0.075211,-0.346963,179.0148
92737.66,19.01,740.8196,0.000483,-0.002656,1.032329,0.181962,-0.046924,179.028
92734.73,19.02,741.0812,0.013179,0.001738,1.023052,-0.024148,-0.59798,178.9244
92733.69,19.01,741.1763,-0.005376,0.012969,1.021587,0.455835,-0.091678,178.9898
92734.41,19.02,741.1103,-0.002446,-0.006074,0.998638,0.380696,-0.48835,179.0913
92736.71,19.02,740.9042,-0.007817,0.01248,1.008892,0.145163,0.147749,179.1686
92730.8,19.02,741.4326,0.034663,-0.007051,0.985454,-0.51232,-0.333977,179.2502
92727.77,19.01,741.7048,-0.025396,-0.039766,0.996685,-0.308428,0.031388,179.4802
92730.4,19.01,741.4696,0.013667,0.02127,0.99522,-0.842369,0.635658,179.6186
92732.44,19.02,741.2873,-0.007329,-0.01584,1.002056,-0.589627,0.674106,179.5642
92734.67,19.01,741.0865,-0.0127,0.001738,1.00352,0.265381,0.135824,179.6091
92737.04,19.02,740.8751,-0.009282,-0.001191,1.005474,-0.071018,0.242699,179.5673
92734.38,19.01,741.1129,0.00146,0.008574,0.995708,-0.203686,0.309984,179.5774
92733.75,19.02,741.1684,-0.00147,0.007109,0.999614,0.2404,0.646369,179.5495
92738.36,19.02,740.7562,0.010737,0.002227,1.002056,-0.608214,0.13263,179.4485
92736.71,19.02,740.9042,0.001948,-0.011934,0.993267,-0.21342,-1.192751,179.3832
92733.36,19.01,741.2028,-0.003423,0.000762,1.008892,0.108105,-0.107657,179.3182
92734.41,19.02,741.1103,0.005854,-0.008027,0.993755,-0.2516,-0.902171,179.4078
92732.8,19.02,741.2556,0.006343,-0.009004,0.988872,-0.483966,-1.025827,179.506
92734.08,19.02,741.1393,-0.000493,-0.004609,0.997173,-0.31968,0.053279,179.561
92737.66,19.01,740.8196,-0.012212,-0.002656,1.004497,0.946406,-0.462409,179.5163
92736.05,19.02,740.965,-0.019536,-0.002168,1.001567,1.13336,-0.13219,179.5546
92729.48,19.02,741.5515,-0.010747,0.005645,1.005962,1.003619,0.593247,179.5763
92732.44,19.02,741.2873,0.00146,0.01248,1.000103,0.217717,0.554882,179.5406
92737.7,19.02,740.817,-0.002935,0.010039,1.004985,0.17355,0.399232,179.5273
92737.7,19.02,740.817,0.000483,0.007598,1.002544,-0.011472,0.479835,179.5218
92734.41,19.02,741.1103,-0.002446,-0.004609,0.99522,0.499048,-0.002505,179.555
92736.71,19.02,740.9042,0.006343,-0.011445,0.995708,-0.354575,-0.694617,179.5363
92733.75,19.02,741.1684,-0.002935,-0.006563,1.000103,0.201891,0.078838,179.5298
92733.75,19.02,741.1684,0.007808,0.001738,0.997173,-0.684542,0.114611,179.4654
92733.09,19.02,741.2292,0.003901,-0.010957,1.000103,-0.15139,-0.010866,179.4868
92736.05,19.02,740.965,0.009272,0.000762,0.998149,-0.205754,0.144057,179.4954
92731.13,19.02,741.4036,-4.882924e-6,-0.006563,1.001567,0.082687,-0.095061,179.4963
92732.11,19.02,741.3163,0.00146,0.003691,1.004985,-0.318296,0.225416,179.5088
92735.07,19.02,741.0521,-0.009771,-0.001191,1.002544,0.50008,-0.091543,179.554
92738.05,19.02,740.7853,0.000972,0.00125,1.000591,-0.061957,0.094108,179.5388
92733.06,19.01,741.2318,-0.000981,0.007598,0.998638,0.119446,0.157044,179.5541
92731.45,19.02,741.3745,0.000972,0.001738,0.996685,0.10391,0.21006,179.5375
92734.38,19.01,741.1129,0.002437,-0.005586,1.003032,-0.071579,-0.016995,179.5435
92730.8,19.02,741.4326,0.002437,-0.003145,0.999614,-0.384061,-0.683712,179.5497
92731.78,19.02,741.3455,-0.001958,-0.006563,1.004985,0.132316,-0.376621,179.5768
92737.04,19.02,740.8751,-4.882924e-6,-0.006563,1.00645,0.127227,-0.395998,179.6244
92732.11,19.02,741.3163,-0.004888,0.003203,1.007915,0.531696,0.200782,179.6849
92738.05,19.02,740.7853,0.00146,0.003691,0.994731,-0.046848,0.413157,179.6653
92738.36,19.02,740.7562,-0.006353,-0.00168,0.998638,0.525518,-0.15517,179.681
92733.45,19.02,741.1948,-4.882924e-6,0.005156,1.002056,0.39713,-0.209092,179.6266
92735.42,19.02,741.0204,0.01269,0.00418,0.998149,-0.447907,-0.089392,179.6194
92737.04,19.02,740.8751,-0.004888,-0.004609,1.002544,-0.139981,-0.466158,179.6426
92736.74,19.02,740.9016,0.008296,-0.003145,1.000591,-0.537835,-0.120128,179.6416
92732.41,19.01,741.2899,0.001948,0.002227,1.002544,-0.304029,0.527082,179.6405
92730.8,19.02,741.4326,0.006831,-0.003633,0.997661,-0.60353,-0.48564,179.7029
92733.06,19.01,741.2318,0.003413,-0.002656,0.999126,-0.297597,-0.059737,179.6762
92733.06,19.01,741.2318,0.009272,0.002227,0.999614,-0.228236,-0.117796,179.6712
92734.73,19.02,741.0812,0.000972,0.004668,1.001079,-0.250185,0.314962,179.664
92732.44,19.02,741.2873,0.00439,0.002227,0.999614,-0.442185,0.599502,179.6771
92733.09,19.02,741.2292,-0.001958,0.005156,0.999126,0.143663,0.736914,179.6516
92733.42,19.02,741.1974,0.003413,-0.000703,1.001567,-0.110814,-0.387597,179.6497
92731.78,19.02,741.3455,-0.001958,0.002715,1.000591,0.061227,-0.334319,179.6626
92735.42,19.02,741.0204,0.002437,0.00125,1.000591,-0.045321,-0.274191,179.674
92736.05,19.02,740.965,0.000972,-0.008516,1.002544,-0.109163,-0.352628,179.67
92735.42,19.02,741.0204,0.003901,-0.004609,0.998149,-0.231885,-0.362508,179.6877
92735.73,19.02,740.994,0.002437,-0.005098,0.999614,-0.227775,-0.652099,179.698
92735.07,19.02,741.0521,0.005366,-0.000215,0.999614,-0.5454,0.035062,179.7251
92732.11,19.02,741.3163,0.001948,-0.00168,1.000591,-0.314874,-0.271583,179.7546
92735.78,19.02,740.9887,0.005366,0.006621,1.000103,-0.198195,0.278272,179.741
92732.77,19.02,741.2582,0.002925,-0.003145,1.004009,-0.179062,-0.42,179.7427
92732.14,19.02,741.3137,0.000483,0.006133,0.998638,-0.15697,0.600013,179.7439
92733.52,19.03,741.1895,0.00439,-0.001191,1.000591,-0.287237,-0.162238,179.7367
92736.14,19.03,740.957,0.000483,0.002227,1.000591,-0.032104,-0.216112,179.719
92737.4,19.02,740.8434,0.002437,-0.001191,0.998149,0.076084,-0.278123,179.7294
92736.09,19.02,740.9597,0.000483,0.003203,0.998149,0.33316,0.131608,179.7394
92730.83,19.02,741.43,0.002925,-0.000703,1.003032,-0.283716,0.309379,179.766
92736.71,19.02,740.9042,-0.000981,0.001738,1.001079,0.064423,0.193657,179.7875
92731.78,19.02,741.3455,0.004878,-0.00168,0.999614,-0.211409,0.198858,179.787
92734.83,19.03,741.0733,-4.882924e-6,0.000762,1.000591,0.184168,0.077247,179.7907
92735.39,19.02,741.0231,0.004878,0.002715,0.996685,-0.06593,0.479305,179.7662
92734.77,19.02,741.0786,-4.882924e-6,-0.002656,0.999614,-0.426267,-0.234619,179.8106
92731.78,19.02,741.3455,0.003901,0.002715,1.004985,-0.430967,-0.226842,179.7787
92731.78,19.02,741.3455,-0.002935,-0.001191,1.001567,0.186106,-0.080229,179.7896
92732.14,19.02,741.3137,0.004878,-0.000703,1.000103,-0.0754,-0.028665,179.7964
92731.78,19.02,741.3455,-0.000493,0.005156,1.000103,0.067215,0.056197,179.8139
92732.8,19.02,741.2556,0.008784,0.006621,0.999614,-0.50253,0.312982,179.7939
92732.8,19.02,741.2556,-4.882924e-6,0.00125,1.000103,-0.320719,0.535044,179.823
92734.11,19.02,741.1367,0.000972,-0.001191,0.996685,-0.246545,-0.352997,179.8202
92729.81,19.02,741.5225,0.004878,-0.000215,1.004009,-0.465409,-0.074958,179.8158
92734.47,19.02,741.105,-0.000981,0.000762,1.00352,0.29202,0.208658,179.8199
92734.47,19.02,741.105,0.002925,0.005156,0.998638,0.129497,0.282475,179.821
92734.41,19.02,741.1103,0.002925,0.008574,1.000103,-0.147834,0.298268,179.8123
92734.77,19.02,741.0786,0.002437,-0.001191,1.004985,-0.369012,0.132972,179.8186
92732.44,19.02,741.2873,-0.000981,0.000762,0.999614,0.076791,0.085211,179.8256
92733.16,19.02,741.2239,0.001948,-0.000215,1.002544,-0.295446,-0.098285,179.851
92734.11,19.02,741.1367,-4.882924e-6,0.00418,0.998149,-0.103454,0.709323,179.8389
92737.4,19.02,740.8434,-0.00147,-0.00168,1.000591,0.214813,-0.397491,179.8374
92733.75,19.02,741.1684,0.00439,0.001738,0.997173,-0.568228,-0.083368,179.8197
92735.13,19.02,741.0469,-4.882924e-6,-0.003145,1.000591,-0.083111,0.05359,179.8411
92734.17,19.03,741.1314,0.003413,0.001738,1.000103,-0.140587,0.021772,179.8121
92735.13,19.02,741.0469,-0.005864,-0.004609,1.002056,-0.061848,0.068416,179.8195
92735.42,19.02,741.0204,0.007319,0.001738,0.999614,-0.359336,0.049977,179.7868
92734.77,19.02,741.0786,0.005854,-0.002656,1.003032,-0.115265,-0.003948,179.7966
92732.2,19.03,741.3084,0.002925,0.003691,1.000103,-0.310425,0.673188,179.7939
92736.09,19.02,740.9597,0.00439,-0.002168,0.998638,0.198756,-0.006597,179.7961
92736.74,19.02,740.9016,-4.882924e-6,-0.000703,1.001079,0.023943,-0.060343,179.7786
92734.02,19.01,741.1446,0.00439,0.002227,1.000591,-0.525138,-0.205626,179.7754
92734.83,19.03,741.0733,0.00146,0.010039,1.001079,-0.092862,0.628156,179.7636
92734.83,19.03,741.0733,0.003413,0.00125,1.003032,-0.5373,0.339379,179.7614
92734.11,19.02,741.1367,-0.000493,-0.002168,1.001567,-0.13655,0.08136,179.7583
92736.74,19.02,740.9016,0.004878,0.00125,0.997661,-0.157399,0.118818,179.7416
92733.81,19.02,741.1631,0.002437,0.000762,0.99522,-0.142522,0.016887,179.7739
92733.81,19.02,741.1631,0.01269,0.000762,0.999614,-0.15474,0.107218,179.7697
92733.81,19.02,741.1631,-0.006841,0.000273,1.004009,-0.144058,0.05556,179.7652
92734.77,19.02,741.0786,0.007319,-0.000703,0.996196,-0.129017,0.069711,179.7366
92735.07,19.02,741.0521,-0.002446,0.006133,0.998149,0.369915,0.381959,179.7219
92735.07,19.02,741.0521,0.001948,-0.001191,1.002056,-0.118107,-0.0743,179.7016
92733.45,19.02,741.1948,0.000483,-0.001191,1.003032,-0.054939,-0.038595,179.706
92732.05,19.01,741.3217,0.007808,0.008574,1.000103,-0.1762,-0.065422,179.6767
92737.7,19.02,740.817,-0.002446,0.001738,1.001567,-0.334101,-0.027705,179.6714
92733.09,19.02,741.2292,0.000972,-0.006563,1.00352,-0.1725,-0.192696,179.6727
92734.11,19.02,741.1367,0.00146,0.007598,1.002056,0.085048,0.185126,179.6823
92732.11,19.02,741.3163,0.002437,0.002715,1.004985,0.000525,-0.071189,179.6871
92733.75,19.02,741.1684,-4.882924e-6,-0.004121,0.999614,-0.041253,-0.191851,179.7353
92732.44,19.02,741.2873,0.000972,0.00125,1.002056,-0.130634,-0.147478,179.706
92735.16,19.03,741.0442,0.000972,0.014922,0.998638,-0.073161,0.971747,179.7096
92734.11,19.02,741.1367,0.000972,0.006621,1.000103,-0.202261,0.374528,179.703
92740.09,19.03,740.603,-0.003911,-0.00168,1.002056,0.026755,-0.144306,179.7194
92733.45,19.02,741.1948,-0.002935,-0.002168,0.999614,0.161575,-0.113137,179.7601
92736.71,19.02,740.9042,0.006831,0.001738,0.998638,-0.554693,-0.097337,179.7919
92733.52,19.03,741.1895,0.000483,0.00418,1.004985,-0.174902,0.439119,179.7352
92732.5,19.02,741.282,0.003413,0.002715,0.996196,-0.342043,0.181771,179.7212
92735.78,19.02,740.9887,0.00146,-0.002656,1.002056,-0.136708,0.236094,179.7206
92737.14,19.03,740.8672,-0.002935,-0.000703,1.001567,0.071692,-0.093032,179.7322
92727.84,19.02,741.6968,0.003901,-0.000703,0.999614,-0.148755,0.031642,179.6953
92727.84,19.02,741.6968,-0.004399,-0.000215,1.002544,0.175096,0.065841,179.6693
92732.53,19.03,741.2794,-0.005376,0.003691,1.002056,0.170802,0.212733,179.6738
92734.86,19.03,741.0706,0.000972,0.001738,0.996685,0.047975,0.280194,179.6989
92731.13,19.02,741.4036,0.004878,0.003203,0.99522,-0.184965,0.110678,179.672
92730.23,19.03,741.4828,-0.000493,-0.000215,0.996685,-0.080915,0.016963,179.6976
92729.81,19.02,741.5225,-0.000493,0.004668,1.000591,-0.066491,0.190982,179.694
92730.23,19.03,741.4828,0.003901,-0.005098,1.002056,-0.041943,-0.410466,179.6865
92732.86,19.03,741.2477,0.000483,-0.00168,0.998149,0.034673,-0.405569,179.7062
92733.19,19.03,741.2213,0.00146,0.005156,1.002056,0.147312,0.556687,179.6762
92734.47,19.02,741.105,-0.002935,-0.003633,0.997173,0.27156,-0.327362,179.7045
92735.83,19.03,740.9835,0.001948,0.001738,0.998638,-0.115073,0.113622,179.6911
92731.48,19.02,741.3718,-0.001958,0.002227,1.001079,0.115775,0.138683,179.735
92731.48,19.02,741.3718,0.00146,-0.005586,1.000591,0.051303,-0.419179,179.7139
92732.5,19.02,741.282,-0.001958,-0.008027,0.998638,0.088336,-0.3231,179.7345
92732.53,19.03,741.2794,0.00146,0.000762,0.999614,-0.265342,-0.119421,179.6951
92730.23,19.03,741.4828,-0.000493,-0.002168,1.001079,-0.213009,0.205655,179.691
92732.86,19.03,741.2477,-0.002935,-0.001191,0.996685,0.321142,0.188209,179.6919
92733.52,19.03,741.1895,-0.000493,0.000762,1.002544,0.252247,-0.07088,179.7119
92729.58,19.03,741.5436,0.00146,0.004668,1.003032,0.313022,0.012361,179.7074
92731.45,19.02,741.3745,-0.000493,0.002227,0.999614,0.332949,0.13371,179.7092
92727.94,19.03,741.6889,0.001948,-0.001191,0.999126,0.096785,0.277461,179.7132
92731.55,19.03,741.3666,-0.000981,-0.000703,0.997661,-0.104195,-0.458828,179.7211
92728.3,19.03,741.6572,-4.882924e-6,0.001738,1.001567,-0.504425,0.28668,179.7126
92734.86,19.03,741.0706,0.000483,-0.002168,1.000103,-0.119468,-0.420302,179.6968
92737.14,19.03,740.8672,0.003901,0.000273,1.002544,-0.362709,0.015771,179.7081
92734.17,19.03,741.1314,-0.002935,0.001738,0.999614,0.19303,0.150477,179.6876
92734.77,19.02,741.0786,0.005366,-0.005586,0.997173,-0.157417,-0.804191,179.689
92734.11,19.02,741.1367,0.00146,0.003203,1.002056,-0.072753,0.357425,179.6824
92731.19,19.02,741.3983,-0.003423,-0.006074,0.998149,0.372997,-0.306163,179.6848
92734.77,19.02,741.0786,0.001948,-0.00168,0.997173,0.296475,-0.363269,179.6714
92734.77,19.02,741.0786,0.000483,-0.004609,1.002056,0.100497,0.059751,179.6602
92735.48,19.03,741.0151,0.00439,0.003691,1.001079,-0.237745,0.290484,179.6232
92733.84,19.03,741.1605,-4.882924e-6,0.000273,0.998149,0.125523,-0.17665,179.6474
92729.81,19.02,741.5225,0.00146,0.001738,1.000103,0.16668,0.023557,179.6517
92729.81,19.02,741.5225,0.000483,-0.00168,1.001079,0.036992,-0.174343,179.6755
92736.8,19.03,740.8962,-0.000493,0.007598,1.000103,-0.398804,0.562215,179.69
92731.48,19.02,741.3718,-4.882924e-6,0.001738,0.997661,0.166285,0.462651,179.6916
92733.16,19.02,741.2239,0.001948,-0.000215,0.997661,-0.457657,0.191033,179.7034
92732.5,19.02,741.282,-0.004399,-0.000215,0.999614,0.37939,-0.252638,179.6905
92735.13,19.02,741.0469,0.001948,0.002227,0.998149,-0.107401,0.126712,179.6906
92731.88,19.03,741.3375,-4.882924e-6,-0.003145,1.001079,-0.250174,-0.024069,179.7009
92730.56,19.03,741.4537,0.000483,-0.000215,1.002056,0.111441,0.08817,179.7256
92735.16,19.03,741.0442,0.003901,0.002715,0.998149,-0.212865,0.130159,179.7074
92734.2,19.03,741.1288,-0.000981,0.00125,1.000103,-0.175584,0.187903,179.7329
92734.56,19.03,741.097,-0.001958,-0.003633,0.996685,0.443353,-0.423393,179.7723
92739.83,19.03,740.6267,-0.003911,-0.002656,1.001079,0.488724,-0.19239,179.7902
92737.14,19.03,740.8672,0.000972,0.00125,1.004009,0.267071,0.24881,179.7681
92733.81,19.02,741.1631,0.005854,0.002227,1.003032,0.012969,0.580347,179.7655
92733.19,19.03,741.2213,-0.003911,-0.000703,0.998638,0.142719,0.058138,179.7434
92730.89,19.03,741.4247,0.000972,0.007598,0.998638,-0.431717,0.481478,179.6801
92729.58,19.03,741.5436,-4.882924e-6,-0.002656,0.999614,0.188595,-0.357555,179.6566
92728.56,19.02,741.6334,-0.009771,-0.008516,1.000591,-0.018927,-0.176671,179.6571
92729.88,19.02,741.5145,0.003901,0.000762,1.004497,0.016707,0.033455,179.6582
92732.89,19.03,741.245,0.004878,-0.005098,1.002544,-0.108978,-0.29026,179.6679
92733.55,19.03,741.1869,-0.002935,-0.003145,1.001079,0.615293,-0.321553,179.6454
92730.92,19.03,741.4221,0.001948,-0.003633,1.000103,-0.159446,-0.216896,179.6272
92730.56,19.03,741.4537,0.01562,0.007109,1.000591,-0.137264,0.266265,179.5903
92729.25,19.03,741.5727,0.003901,0.006133,1.001567,-0.044219,0.244431,179.6382
92730.92,19.03,741.4221,-0.005376,-0.008027,1.000591,-0.158122,0.090453,179.6255
92733.52,19.03,741.1895,-0.003423,-0.006074,0.998149,0.234596,-0.463742,179.6723
92729.88,19.02,741.5145,0.008296,0.006621,1.002544,-0.464455,0.383802,179.6589
92728.92,19.03,741.6017,-0.000493,0.006621,0.998149,0.225972,-0.346419,179.6747
92732.89,19.03,741.245,0.011226,0.006621,1.003032,-0.644126,0.382996,179.6457
92728.92,19.03,741.6017,0.002925,0.00125,0.996685,-0.234352,0.591708,179.6528
92730.23,19.03,741.4828,0.000972,-0.002168,1.000103,0.244091,-0.21608,179.6281
92730.83,19.02,741.43,-0.000493,-0.000703,0.999614,0.040251,-0.035668,179.65
92734.2,19.03,741.1288,0.00439,-0.000703,1.000103,-0.07218,0.062348,179.6128
92727.84,19.02,741.6968,-0.003423,0.00125,0.999126,0.243274,0.057372,179.6521
92730.89,19.03,741.4247,0.003901,0.002715,0.998638,-0.368207,-0.287567,179.672
92730.56,19.03,741.4537,-4.882924e-6,0.000762,1.000103,0.022956,-0.055202,179.7024
92731.22,19.03,741.3956,0.00146,-0.004121,0.997661,-0.086389,-0.240649,179.6814
92722.94,19.02,742.1381,-0.002935,0.002715,0.999126,0.004164,0.145239,179.6597
92732.86,19.03,741.2477,-0.00147,-0.006074,1.001567,0.028171,-0.232724,179.6534
92729.22,19.02,741.5753,-0.000493,-0.000215,1.000103,0.254691,-0.292688,179.6609
92733.25,19.03,741.2133,0.002925,0.002715,0.998638,-0.518823,0.12855,179.6642
92730.56,19.03,741.4537,-0.005864,-0.004121,0.997173,0.324277,-0.171986,179.6841
92729.52,19.02,741.5489,0.00146,0.005156,1.004009,-0.08754,0.019005,179.6384
92734.17,19.03,741.1314,-0.000493,0.001738,0.998638,-0.221379,0.052894,179.6591
92730.53,19.02,741.4564,0.002437,-0.000215,1.000103,-0.224901,-0.043602,179.6577
92731.19,19.02,741.3983,-0.000981,-0.007051,1.001567,0.09768,0.014977,179.6092
92736.84,19.03,740.8936,0.000483,-0.005098,0.999126,-0.01222,0.147634,179.6209
92730.89,19.03,741.4247,0.002925,-0.002656,0.999126,-0.222095,0.129536,179.6095
92733.09,19.02,741.2292,-0.002935,-0.000215,1.00352,-0.227172,0.131867,179.599
92731.48,19.02,741.3718,-0.000493,-0.000215,1.002544,-0.289261,-0.205987,179.5975
92731.55,19.03,741.3666,-0.006841,-0.000703,0.996685,0.735595,-0.127748,179.6133
92734.17,19.03,741.1314,0.008296,0.00125,1.002056,-0.204669,0.010934,179.6893
92732.8,19.02,741.2556,-4.882924e-6,0.000273,1.000103,-0.386777,0.246106,179.7302
92734.41,19.02,741.1103,-0.005376,0.008574,0.998638,0.26579,0.435368,179.7407
92730.17,19.02,741.4908,0.007319,0.00125,1.004009,-0.332672,0.037618,179.7106
92734.77,19.02,741.0786,-0.000493,-0.005586,0.999126,-0.290678,-0.044627,179.679
92728.2,19.02,741.6652,0.002925,-0.007539,1.001079,-0.273975,-0.481353,179.6443
92735.78,19.02,740.9887,-0.00147,-0.006563,0.999126,0.117071,-0.421801,179.6716
92728.86,19.02,741.607,0.00439,0.000273,1.000103,-0.471817,-0.286947,179.6514
92734.5,19.03,741.1024,0.000972,-0.005586,0.999126,-0.112557,-0.55468,179.6462
92732.14,19.02,741.3137,0.001948,-0.000703,0.997173,-0.336239,-0.011297,179.63
92734.2,19.03,741.1288,-0.000981,0.00125,0.996685,0.062452,0.070493,179.6022
92732.14,19.02,741.3137,0.000972,-0.007539,1.001079,-0.068002,-0.455416,179.621
92731.22,19.03,741.3956,-0.000981,0.000273,1.000591,0.132265,-0.048018,179.6404
92727.55,19.02,741.7259,-0.000981,0.001738,1.000591,0.064428,-0.074599,179.6905
92730.53,19.02,741.4564,0.004878,0.004668,1.002056,-0.382033,-0.056827,179.7095
92730.53,19.02,741.4564,0.000972,-0.001191,1.000591,-0.008217,0.049034,179.679
92730.23,19.03,741.4828,0.00146,0.002715,1.002056,-0.002211,-0.079409,179.6864
92732.86,19.03,741.2477,-0.000981,-0.000215,1.002544,0.062138,-0.006533,179.6969
92728.59,19.03,741.6308,0.005366,0.003691,0.999614,0.168672,-0.061368,179.6536
92729.91,19.03,741.5119,-0.00147,0.005156,1.001567,0.213324,0.277773,179.6546
92728.92,19.03,741.6017,0.006831,0.002715,0.996685,-0.900762,-0.015027,179.6798
92731.84,19.02,741.3401,0.000483,-0.006074,0.99522,0.074523,-0.374006,179.6605
92730.83,19.02,741.43,0.00146,-0.000215,0.999126,-0.223479,-0.227739,179.6819
92726.59,19.02,741.8105,-0.003423,0.000762,1.000591,0.361944,0.090884,179.6739
92729.25,19.03,741.5727,0.006831,-0.002168,0.997661,-0.778352,0.013405,179.646
92730.27,19.03,741.4802,0.003901,-0.002656,1.002544,-0.176671,-0.56604,179.6862
92726.29,19.03,741.8369,-0.006841,-0.001191,1.000591,0.465415,-0.074001,179.5764
92728.56,19.02,741.6334,0.010249,0.007109,0.998149,-0.41401,0.159144,179.6252
92728.56,19.02,741.6334,-0.000981,0.000762,1.000103,-0.326657,0.11138,179.6701
92725.66,19.03,741.8924,0.005854,0.005645,0.996685,-0.264371,0.243027,179.5621
92729.22,19.02,741.5753,-0.005376,-0.002656,0.999126,0.295172,-0.260377,179.6246
92728.56,19.02,741.6334,-0.003911,-0.00168,1.001079,0.353916,-0.195172,179.6448
92726.22,19.02,741.8422,0.00146,-0.00168,0.998638,0.348615,0.044615,179.6224
92727.28,19.03,741.7471,0.005366,-0.002656,0.997173,0.164909,-0.023668,179.6612
92731.88,19.03,741.3375,0.001948,-0.001191,0.999614,0.027292,0.102945,179.6623
92725.63,19.03,741.8976,-0.00147,-0.005098,1.001079,0.240158,-0.5042,179.6979
92725.63,19.03,741.8976,0.003413,0.006621,0.996685,-0.494946,0.180916,179.667
92732.2,19.03,741.3084,0.001948,0.003203,1.00352,-0.094673,0.292383,179.6547
92727.55,19.02,741.7259,0.00146,-0.001191,0.998149,0.113175,0.410438,179.6301
92727.91,19.02,741.6916,0.000972,0.007598,1.001567,0.135016,0.547749,179.6155
92727.19,19.02,741.7576,-0.000493,0.000273,1.002544,-0.431319,0.0909,179.585
92725.86,19.02,741.8739,0.001948,-0.002168,1.004009,0.327546,0.170767,179.5756
92732.44,19.02,741.2873,0.000972,-0.005098,1.000103,0.055255,-0.233397,179.5917
92726.22,19.02,741.8422,-0.006841,-0.006563,0.998149,0.673334,-0.546807,179.6042
92725.92,19.02,741.8686,-0.001958,0.00125,1.001567,0.02444,-0.215865,179.6115
92731.45,19.02,741.3745,0.000972,0.011016,0.999126,-0.000726,0.575345,179.6042
92731.48,19.02,741.3718,0.005854,-0.004609,1.002056,-0.369837,-0.268665,179.5474
92731.48,19.02,741.3718,-0.004399,-0.006563,1.001567,0.202395,-0.265318,179.542
92730.83,19.02,741.43,-0.002935,0.001738,0.998638,0.212419,0.117726,179.528
92730.8,19.02,741.4326,0.000972,-0.005098,1.001567,-0.068542,-0.243371,179.6842
92729.58,19.03,741.5436,-0.014653,-0.006563,0.999126,0.710952,-0.240072,179.7837
92731.45,19.02,741.3745,-0.001958,-0.001191,0.995708,-0.041196,-0.30973,179.7817
92731.13,19.02,741.4036,-0.007329,-0.009492,1.000103,0.276884,-0.264105,179.7697
92728.86,19.02,741.607,-0.000981,0.000762,1.003032,0.371187,-0.000404,179.8264
92728.76,19.01,741.6149,0.005366,0.00125,1.00645,-0.101165,-0.416694,179.8445
92728.86,19.02,741.607,-0.003911,-0.003145,0.999614,-0.126246,-0.382823,179.8647
92726.19,19.02,741.8448,-0.00147,0.005156,1.002544,0.399344,0.502922,179.7992
92731.13,19.02,741.4036,0.00146,-0.003145,0.999614,-0.582124,-0.439497,179.7872
92731.13,19.02,741.4036,0.000483,0.000273,1.001079,0.286672,0.051279,179.8156
92734.11,19.02,741.1367,-0.003423,0.001738,1.000591,0.283617,0.10576,179.8327
92728.82,19.02,741.6097,-0.003911,0.000762,0.997661,0.310747,0.113625,179.8649
92732.11,19.02,741.3163,0.006831,0.006621,0.999126,-0.593119,0.655361,179.8509
92731.75,19.01,741.3481,0.004878,-0.002168,1.001079,0.085911,-0.284204,179.8682
92737.04,19.02,740.8751,0.002437,-0.003633,1.001567,0.02573,-0.155222,179.8433
92734.41,19.02,741.1103,-0.003911,-0.002656,1.00352,0.054724,0.052255,179.8071
92735.39,19.02,741.0231,0.000483,-0.002656,0.999126,0.121348,-0.013314,179.8121
92729.16,19.02,741.5806,-0.000981,-0.004609,1.002544,-0.071135,-0.168777,179.779
92726.45,19.01,741.821,-0.002935,0.000273,1.002544,-0.2201,0.06806,179.7662
92733.75,19.02,741.1684,-4.882924e-6,-0.008027,0.998149,-0.313073,-0.532534,179.7595
92734.38,19.01,741.1129,-0.000981,0.00125,0.999614,-0.009566,0.226665,179.7772
92733.06,19.01,741.2318,0.005854,-0.005586,1.000591,-0.626139,-0.669641,179.8048
92730.08,19.01,741.4987,0.00146,-0.004121,0.997661,-0.117082,-0.162819,179.8303
92735.34,19.01,741.0284,-0.000981,0.000762,1.002544,-0.090828,-0.159186,179.7985
92733.36,19.01,741.2028,0.003413,-0.005098,0.996685,-0.177089,-0.650872,179.7849
92731.45,19.02,741.3745,-4.882924e-6,-0.004609,0.998149,-0.323098,-0.520784,179.8083
92732.77,19.02,741.2582,0.002925,0.00125,0.996196,-0.336596,0.215157,179.8091
92731.45,19.02,741.3745,0.002925,0.001738,1.004009,-0.239758,0.258174,179.7745
92733.36,19.01,741.2028,-4.882924e-6,0.003203,0.997173,-0.116011,0.340256,179.7675
92730.8,19.02,741.4326,0.001948,0.00125,0.997173,0.054165,0.313995,179.7481
92726.48,19.01,741.8184,-0.000493,-0.000703,1.000591,-0.040712,-0.028596,179.7326
92730.44,19.01,741.4644,0.00439,-0.000703,0.999126,0.123682,-0.049537,179.7289
92727.11,19.01,741.7629,0.00146,-0.003145,0.997661,0.198169,-0.13671,179.7279
92729.77,19.01,741.5251,-0.002935,0.000273,1.000103,0.158237,0.018907,179.7201
92735.39,19.02,741.0231,-0.000981,-0.00168,1.001567,0.125034,-0.331258,179.7257
92731.09,19.01,741.4062,0.002437,-0.00168,0.997661,-0.212348,-0.296142,179.7156
92731.09,19.01,741.4062,0.003413,-0.001191,0.998149,-0.296464,-0.385693,179.7025
92728.73,19.01,741.6176,0.000972,0.006621,0.997173,-0.103078,0.619062,179.7058
92730.08,19.01,741.4987,-0.000981,-0.002656,1.001079,0.23809,-0.417347,179.7108
92730.08,19.01,741.4987,0.00439,0.00125,1.000103,-0.296715,-0.256865,179.718
92734.08,19.02,741.1393,-0.000981,0.000273,0.995708,-0.077575,0.561445,179.7431
92731.45,19.02,741.3745,0.002437,-0.000703,1.002544,-0.336198,-0.382285,179.7487
92734.08,19.02,741.1393,-0.000981,-0.000703,0.997173,-0.256852,0.257364,179.7376
92734.73,19.02,741.0812,0.00146,0.00125,1.000591,0.143768,-0.176883,179.7372
92729.48,19.02,741.5515,-0.007329,0.000273,1.001079,0.418987,0.010901,179.7413
92735.39,19.02,741.0231,-4.882924e-6,-0.005098,0.998638,0.012619,-0.331636,179.7195
92735.42,19.02,741.0204,0.00146,0.004668,0.999614,0.235644,-0.000364,179.7231
92730.8,19.02,741.4326,0.000972,-0.002656,1.000591,0.320813,-0.095516,179.7278
92731.72,19.01,741.3507,-0.002935,-0.009492,0.999126,0.100507,-0.422838,179.7088
92732.7,19.01,741.2635,0.006831,0.00125,1.001079,-0.505361,0.043932,179.6939
92727.77,19.01,741.7048,-0.00147,0.000762,0.998149,-0.298564,0.246819,179.7505
92735.7,19.01,740.9966,0.004878,0.007109,1.000103,-0.214489,0.308632,179.7645
92730.08,19.01,741.4987,0.000483,-0.003633,0.997661,0.266985,0.025079,179.7502
92727.41,19.01,741.7365,0.003413,0.002715,0.999614,-0.004522,-0.218893,179.744
92732.41,19.01,741.2899,-0.006353,-0.003633,1.001079,0.009983,-0.08134,179.7604
92731.09,19.01,741.4062,0.002925,0.005156,0.999126,-0.377516,0.166468,179.7177
92729.12,19.01,741.5833,-0.004399,-0.007051,1.000591,0.284047,-0.45869,179.7285
92733.72,19.01,741.1737,0.001948,-0.002168,0.996196,-0.56032,-0.37216,179.7373
92733.72,19.01,741.1737,-0.00147,-0.002656,1.001567,0.374241,-0.456412,179.7305
92729.74,19.01,741.5278,0.005366,-0.000215,0.998149,-0.555513,-0.02211,179.7126
92732.77,19.02,741.2582,-0.004888,-0.000215,1.004009,0.582042,-0.066967,179.6984
92733.06,19.01,741.2318,0.000972,-0.000703,0.999614,0.311688,-0.069438,179.6836
92730.73,19.01,741.4379,-0.003423,-0.000215,0.999126,0.339314,-0.027117,179.661
92730.73,19.01,741.4379,0.00439,0.000273,1.003032,0.056103,0.281839,179.6924
92733.06,19.01,741.2318,-0.002446,-0.002168,1.001567,0.533549,-0.420608,179.7065
92731.09,19.01,741.4062,-0.000493,-0.003145,1.001567,-0.434024,-0.218614,179.6996
92730.05,19.01,741.5013,-4.882924e-6,0.002227,1.001567,-0.029836,0.335213,179.7078
92730.73,19.01,741.4379,0.00146,0.003691,0.997661,-0.104207,0.326398,179.7001
92730.14,19.02,741.4934,0.00146,0.000762,1.001567,-0.206873,0.138152,179.7135
92730.08,19.01,741.4987,-0.002935,-0.00168,0.995708,-0.214376,0.074439,179.7304
92731.45,19.02,741.3745,-0.001958,0.00125,0.999126,-0.121805,0.167702,179.7478
92730.83,19.02,741.43,-4.882924e-6,-0.003145,1.001567,-0.128646,-0.093102,179.7366
92731.75,19.01,741.3481,0.002437,-0.002168,1.003032,-0.139538,-0.115715,179.7446
92729.52,19.02,741.5489,0.000972,-0.000703,0.997661,-0.092496,-0.160516,179.7461
92734.41,19.02,741.1103,0.000483,-0.000703,0.998638,-0.000902,-0.047598,179.7566
92729.22,19.02,741.5753,-4.882924e-6,-0.007539,1.001567,-0.282956,-0.797617,179.791
92729.16,19.02,741.5806,-0.003911,0.001738,1.002056,0.294932,0.204693,179.8004
92727.5,19.02,741.7286,0.003413,-0.000215,0.998638,-0.015809,0.381323,179.7856
92733.09,19.02,741.2292,-0.00147,0.000273,1.000103,0.28365,0.253428,179.8099
92729.22,19.02,741.5753,-0.002935,-0.000215,1.002544,0.464673,-0.028169,179.8204
92724.88,19.02,741.9637,0.000483,-0.001191,0.997661,0.40267,-0.001045,179.8432
92728.2,19.02,741.6652,-0.002446,-0.000215,0.998638,0.446283,0.093135,179.8418
92727.55,19.02,741.7259,0.006343,-0.000215,1.001079,0.089075,0.307111,179.8513
92727.15,19.01,741.7603,-0.004399,-0.00168,0.997661,-0.014035,0.238007,179.8708
92727.84,19.02,741.6968,0.000483,-0.002168,1.001567,0.001137,-0.329807,179.8719
92731.48,19.02,741.3718,0.00146,-0.004609,0.999126,0.220998,-0.274233,179.8475
92728.86,19.02,741.607,0.005366,0.00418,0.997661,0.039573,-0.054981,179.8417
92729.48,19.02,741.5515,-0.002446,-0.004121,1.001567,0.565347,-0.163329,179.8503
92731.09,19.01,741.4062,0.000972,0.005645,0.998149,-0.054654,0.482509,179.878
92728.56,19.02,741.6334,0.00146,0.000762,0.999126,0.280002,0.211362,179.8997
92731.55,19.03,741.3666,0.003901,-0.001191,0.997173,-0.476434,0.301352,179.8904
92729.52,19.02,741.5489,0.000483,0.000273,0.999614,-0.154408,0.090624,179.8746
92730.47,19.02,741.4617,-0.000981,0.004668,0.999126,-0.190086,-0.060781,179.8607
92729.88,19.02,741.5145,-0.002935,0.001738,1.001079,0.009168,0.280801,179.8759
92731.78,19.02,741.3455,0.003413,0.001738,0.999614,-0.2622,0.26854,179.8634
92729.22,19.02,741.5753,-0.002935,0.00125,0.998149,-0.009783,0.207111,179.8631
92733.45,19.02,741.1948,0.003901,-0.00168,1.001567,-0.096606,-0.093064,179.8727
92726.52,19.02,741.8157,-0.000981,0.003203,0.999614,-0.17873,0.036833,179.8871
92734.11,19.02,741.1367,-0.000981,0.000273,0.999126,0.031192,-0.034505,179.8992
92731.45,19.02,741.3745,0.00146,-0.003633,1.001567,-0.024368,0.006064,179.9052
92730.17,19.02,741.4908,0.000483,0.000762,0.998149,-0.070994,0.07387,179.8711
92728.16,19.02,741.6704,0.003413,-0.000703,1.002056,-0.191094,-0.045548,179.8845
92729.52,19.02,741.5489,0.000483,0.002715,0.999126,-0.138154,0.167608,179.8874
92731.48,19.02,741.3718,0.000483,0.00125,0.998638,0.123368,0.032164,179.8938
92731.45,19.02,741.3745,0.00146,-0.003633,0.998638,-0.056897,0.086024,179.8824
92731.48,19.02,741.3718,-0.000493,-0.002656,1.000591,0.028,0.085678,179.8968
92732.8,19.02,741.2556,0.005854,0.005645,1.001079,-0.101298,0.077637,179.8734
92729.52,19.02,741.5489,0.000972,0.005645,1.000591,8.608633e-6,0.236318,179.882
92725.17,19.01,741.9373,-0.002935,-0.002168,1.000103,0.35543,0.050808,179.8845
92729.81,19.02,741.5225,-4.882924e-6,0.001738,0.997661,0.010442,0.220749,179.8909
92731.48,19.02,741.3718,-0.003423,0.000273,0.996196,0.221746,0.239655,179.8785
92726.88,19.02,741.7841,0.005366,0.001738,1.002544,-0.075184,0.564325,179.8846
92728.86,19.02,741.607,0.001948,0.00125,0.999614,0.165207,0.330191,179.8909
92725.86,19.02,741.8739,0.002925,0.002715,0.997661,-0.201449,0.420811,179.8999
92729.58,19.03,741.5436,0.004878,0.000762,1.001079,-0.50553,0.14401,179.8587
92729.58,19.03,741.5436,0.00146,-0.002168,0.996196,-0.402573,-0.294319,179.8617
92729.48,19.02,741.5515,-4.882924e-6,0.00418,0.996196,-0.012862,0.287118,179.8519
92728.16,19.02,741.6704,0.000972,-0.014375,1.000591,-0.061259,-0.931702,179.8497
92730.83,19.02,741.43,-0.000493,-0.001191,0.998638,0.111385,0.137294,179.8628
92730.83,19.02,741.43,-0.001958,0.000273,1.000103,0.116752,0.142849,179.8798
92728.86,19.02,741.607,-4.882924e-6,-0.000215,1.00352,-0.043514,0.097229,179.8349
92730.73,19.01,741.4379,-0.000981,0.004668,0.999614,0.162464,0.396323,179.8503
92731.48,19.02,741.3718,0.000972,-0.003145,1.000591,0.125157,-0.632835,179.8577
92733.06,19.01,741.2318,-0.000493,0.002715,1.001079,-0.131623,0.493381,179.8392
92731.78,19.02,741.3455,0.003901,-0.001191,0.996196,-0.616213,-0.407208,179.845
92730.47,19.02,741.4617,0.000972,-0.000703,1.003032,-0.064262,0.377525,179.8631
92735.42,19.02,741.0204,-0.001958,0.002227,0.997661,0.185796,0.279769,179.8357
92733.81,19.02,741.1631,0.00439,-0.002656,0.999614,-0.069535,0.257302,179.7995
92730.14,19.02,741.4934,-4.882924e-6,0.000762,1.000103,0.117109,0.195485,179.8175
92733.52,19.03,741.1895,0.00146,-0.00168,0.998638,0.020299,-0.462586,179.8025
92731.55,19.03,741.3666,0.002437,-0.001191,0.998149,-0.08092,-0.475935,179.8444
92737.1,19.02,740.8698,0.002437,-0.00168,1.000591,-0.191831,-0.084621,179.8439
92725.92,19.02,741.8686,0.000483,-0.001191,1.000591,-0.019239,-0.027927,179.8281
92732.8,19.02,741.2556,-0.002446,-0.002656,0.994731,-0.05313,-0.234445,179.7928
92727.84,19.02,741.6968,0.002925,0.000762,1.002056,0.111204,-0.220496,179.7742
92729.22,19.02,741.5753,0.000972,0.002715,0.999614,0.03076,-0.242777,179.7946
92734.41,19.02,741.1103,0.001948,-0.003633,0.999126,0.113692,-0.233553,179.7684
92733.75,19.02,741.1684,0.001948,-0.003633,1.001079,0.083564,-0.306774,179.7503
92732.8,19.02,741.2556,0.00146,0.002227,1.001079,-0.212484,-0.298662,179.7443
92730.83,19.02,741.43,0.008784,0.00418,1.001079,-0.139309,-0.109703,179.7223
92731.19,19.02,741.3983,0.001948,-0.004121,0.997173,-0.141497,-0.215211,179.7345
92726.88,19.02,741.7841,-0.000981,-0.000215,1.002056,0.11667,-0.217439,179.7472
92729.88,19.02,741.5145,0.000972,-0.006074,0.996685,0.14733,-0.31734,179.7523
92731.45,19.02,741.3745,0.004878,-0.000703,0.999126,-0.521341,-0.343179,179.7387
92731.78,19.02,741.3455,0.000972,0.00125,0.998149,-0.088794,-0.282522,179.7384
92731.78,19.02,741.3455,-0.002935,-0.004121,1.001567,0.183847,-0.235813,179.7511
92730.17,19.02,741.4908,0.001948,-0.002168,0.999614,0.026412,-0.402094,179.7505
92732.14,19.02,741.3137,0.000972,-0.003633,1.004985,0.07425,-0.353927,179.7397
92730.89,19.03,741.4247,0.00146,-0.001191,1.001079,0.130979,-0.205379,179.747
92730.89,19.03,741.4247,-0.000493,-0.004609,0.995708,0.006972,-0.201034,179.74
92732.53,19.03,741.2794,0.000483,0.002715,1.002056,0.14043,-0.010639,179.6951
92732.53,19.03,741.2794,0.004878,0.002715,1.000103,-0.639323,0.553446,179.7059
92723.33,19.03,742.1011,-0.00147,-0.005098,0.997661,0.104935,-0.319723,179.7199
92728.92,19.03,741.6017,-0.000981,-0.001191,1.001567,0.198409,-0.114548,179.7057
92731.19,19.02,741.3983,0.002925,-0.000215,1.005474,-0.214923,-0.194472,179.6942
92730.83,19.02,741.43,-0.002446,-0.003633,0.999614,0.119948,-0.333582,179.6851
92728.3,19.03,741.6572,0.00146,-0.000215,0.999126,0.178998,-0.269736,179.6835
92732.2,19.03,741.3084,-0.000981,-0.004121,1.000591,0.07694,-0.313957,179.6969
92729.25,19.03,741.5727,-0.001958,-0.000215,1.001567,0.132634,-0.277562,179.6678
92729.25,19.03,741.5727,-0.002935,-0.006074,1.000103,0.169203,-0.299734,179.7059
92727.6,19.03,741.718,0.007808,0.000762,0.999126,-0.38296,0.050508,179.6918
92728.3,19.03,741.6572,0.00439,-0.000215,1.004985,-0.421579,0.020607,179.7027
92727.34,19.03,741.7444,0.001948,-0.001191,1.002544,-0.123562,-0.167037,179.6914
92728.59,19.03,741.6308,-0.004399,-0.000703,0.997661,0.230605,0.015183,179.6694
92728.3,19.03,741.6572,0.00439,0.002715,0.99522,0.038369,-0.085153,179.6879
92728.95,19.03,741.5991,-4.882924e-6,-0.004609,1.000103,-0.0534,-0.201146,179.6841
92729.31,19.03,741.5648,0.002437,-0.004121,1.000103,-0.124073,-0.252135,179.6222
92730.92,19.03,741.4221,0.003413,-0.004121,0.999614,-0.184687,-0.221845,179.6486
92728.3,19.03,741.6572,0.00146,-0.001191,0.998638,-0.042214,-0.092802,179.625
92734.27,19.04,741.1235,-0.00147,-0.005586,1.005474,0.088256,-0.314622,179.6395
92727.63,19.03,741.718,0.00146,-0.00168,0.998638,-0.116671,-0.285346,179.624
92732.89,19.03,741.245,-4.882924e-6,0.003203,1.001567,0.023801,0.217699,179.6169
92730.23,19.03,741.4828,0.000483,-0.001191,0.995708,0.03246,0.189811,179.6126
92726.98,19.03,741.7761,0.004878,-0.000215,1.000591,-0.032964,0.109009,179.5842
92729.61,19.03,741.541,0.002437,0.00125,1.000591,0.08383,0.30347,179.5622
92729.61,19.03,741.541,-0.000981,-0.002656,1.001567,0.453844,-0.438339,179.565
92727.99,19.03,741.6837,0.001948,-0.003145,1.000591,-0.626609,-0.061398,179.57
92725.4,19.04,741.9161,-0.000981,-0.00168,0.997661,0.332179,-0.366633,179.5761
92729.67,19.04,741.5356,0.001948,0.003691,0.999126,-0.545479,0.086447,179.5677
92729.67,19.04,741.5356,-0.000493,-0.001191,0.993755,0.062153,-0.301609,179.5714
92726.32,19.03,741.8342,0.000483,0.003203,0.999126,-0.351626,0.069614,179.5624
92733.61,19.04,741.1816,0.000483,-0.002168,0.997173,-0.082437,-0.156688,179.582
92731.31,19.04,741.3877,0.00439,-0.004609,0.997661,-0.141676,-0.334362,179.5575
92731.64,19.04,741.3586,0.000972,-0.006563,1.002544,-0.175473,-0.204788,179.5647
92729.34,19.04,741.5621,0.000972,-0.000215,0.998638,-0.054888,-0.190647,179.5547
92732.95,19.04,741.2397,-0.000493,-0.000703,1.003032,-0.04816,-0.185064,179.5319
92728.65,19.03,741.6255,-4.882924e-6,0.00418,1.002544,-0.176818,0.245077,179.5216
92729.01,19.04,741.5938,0.003413,-0.000215,1.001079,-0.190756,-0.027582,179.5354
92726.45,19.05,741.8237,-0.003911,-0.005586,1.001567,0.22299,-0.328436,179.5255
92730,19.04,741.504,0.000483,0.003691,1.000591,0.020443,0.242351,179.5506
92734.6,19.04,741.0944,0.002437,0.000762,1.000591,-0.588489,0.213431,179.5252
92731.31,19.04,741.3877,0.003413,-0.004121,0.999126,-0.372338,-0.575326,179.5552
92733.28,19.04,741.2107,0.001948,-0.003633,1.001567,-0.442919,-0.088036,179.568
92728.35,19.04,741.6519,0.002437,-0.000703,1.001567,-0.351136,-0.331349,179.5525
92730,19.04,741.504,-4.882924e-6,-0.004609,1.000103,-0.148194,-0.541171,179.5538
92731.38,19.04,741.3824,0.004878,-0.002656,0.998149,-0.431338,-0.163866,179.5343
92732.63,19.04,741.2714,-0.002446,-0.000215,1.001079,0.035198,0.419228,179.5275
92733.64,19.04,741.179,0.003413,-0.000215,1.001567,-0.243344,0.345273,179.5279
92732.63,19.04,741.2714,0.004878,0.000273,0.998149,-0.424109,0.069359,179.557
92729.34,19.04,741.5621,-0.003423,-0.006563,0.999126,-0.168972,-0.27515,179.5279
92733.64,19.04,741.179,-0.000493,-0.000215,0.997173,-0.037168,-0.245586,179.5168
92729.05,19.04,741.5912,-4.882924e-6,0.003203,0.996685,-0.298598,0.12477,179.5379
92729.05,19.04,741.5912,-0.000981,-0.003145,1.000103,-0.098402,-0.295262,179.5387
92731.67,19.04,741.356,0.003413,-0.006074,1.000591,-0.107897,-0.133639,179.5093
92732.72,19.05,741.2609,0.001948,-0.006074,0.996196,-0.36627,-0.33517,179.5125
92729.7,19.04,741.5304,0.007808,0.006621,0.998149,-0.334877,0.296378,179.5009
92729.7,19.04,741.5304,0.000483,-0.00168,1.000591,-0.546481,-0.248217,179.4818
92733.95,19.04,741.1525,0.000972,0.00125,0.999614,0.354654,-0.178565,179.4748
92733.02,19.05,741.2344,0.002437,-0.002168,0.998149,-0.163445,-0.188002,179.4695
92734.34,19.05,741.1182,0.002437,-0.00168,1.004009,-0.09277,-0.105563,179.4286
92730.33,19.04,741.4749,0.000483,-0.002168,1.001079,-0.087749,-0.123758,179.4306
92736.66,19.05,740.9095,-0.002446,-0.000215,1.001079,-0.093509,-0.102646,179.4416
92728.78,19.05,741.6123,0.000483,-0.00168,1.001567,0.184893,-0.197432,179.4332
92733.38,19.05,741.2028,0.002437,-0.00168,0.996685,-0.066973,-0.391277,179.4301
92728.78,19.05,741.6123,0.00146,0.000273,1.002056,0.15718,-0.228074,179.4368
92732.06,19.05,741.3217,-0.003423,-0.003145,1.000591,0.100124,-0.329497,179.4205
92733.02,19.05,741.2344,0.000483,0.00418,0.998638,0.335187,-0.135333,179.4184
92731.11,19.05,741.4062,0.000972,-0.003633,0.995708,0.077119,-0.289514,179.3997
92729.7,19.04,741.5304,0.00439,-0.004609,0.998638,-0.016659,-0.108332,179.3882
92736.07,19.05,740.9623,-4.882924e-6,-0.005586,0.998638,0.231741,-0.285442,179.3899
92736.73,19.05,740.9042,0.003413,0.00125,1.002544,-0.41631,0.118193,179.3722
92733.73,19.05,741.171,0.002925,-0.002168,0.997173,-0.506634,-0.041817,179.3744
92732.42,19.05,741.2873,0.002925,-0.00168,0.995708,-0.538284,-0.012156,179.3453
92738.64,19.05,740.7324,-0.000981,-0.008027,0.999126,0.101816,-0.74702,179.3775
92733.02,19.05,741.2344,0.00146,0.004668,1.001079,-0.108655,0.413979,179.3811
92729.08,19.05,741.5885,0.000483,0.005645,1.001567,-0.04671,0.476872,179.3799
92729.8,19.05,741.5225,0.00439,-0.000703,0.998149,-0.336103,-0.004822,179.3595
92733.44,19.05,741.1974,0.000972,-0.000215,0.997661,-0.202536,0.07247,179.3644
92730.45,19.05,741.4644,0.009272,-0.000215,1.003032,-0.430511,-0.029226,179.345
92732.45,19.06,741.2847,0.006831,-0.003145,1.001079,-0.47603,-0.175142,179.3733
92727.76,19.05,741.7048,0.002437,-0.000215,1.002056,-0.429483,0.152905,179.3648
92730.39,19.05,741.4696,-0.00147,-0.006563,1.001079,0.06664,-0.156561,179.3558
92727.52,19.05,741.7259,0.002925,0.000273,0.999614,-0.064657,-0.216021,179.3732
92731.41,19.05,741.3798,-4.882924e-6,0.002715,0.999614,0.228587,-0.054602,179.3765
92732.81,19.06,741.2529,-0.000493,0.000273,1.000103,0.12489,-0.138952,179.3816
92727.86,19.06,741.6968,-0.000493,-0.006563,1.002544,0.050271,-0.374326,179.3706
92727.86,19.06,741.6968,-0.006841,-0.007051,0.998638,0.802923,-0.493953,179.3667
92726.8,19.05,741.792,0.002437,0.00125,1.000591,-0.126605,0.061093,179.359
92730.81,19.05,741.4326,0.010249,-0.002168,1.000591,-1.086265,-0.278203,179.3249
92732.16,19.06,741.3137,0.008784,-0.000703,1.001079,-0.460144,-0.495342,179.2863
92732.16,19.06,741.3137,0.002925,-0.005586,0.997173,-0.653606,-0.034763,179.2834
92727.82,19.05,741.6995,-0.000981,0.005645,1.000103,0.063406,0.33777,179.2984
92733.53,19.06,741.1895,0.001948,-0.006563,1.001079,-0.105862,-0.372471,179.3063
92732.88,19.06,741.2477,-0.000493,0.006621,1.000591,-0.212306,0.804654,179.2861
92730.48,19.06,741.4617,0.00146,-0.006563,1.000103,-0.202503,-0.209808,179.3074
92731.86,19.06,741.3375,0.005366,-0.004609,1.000103,-0.006976,-0.131764,179.3387
92725.22,19.06,741.932,-0.001958,-0.003145,0.999614,0.093636,-0.196003,179.3744
92728.22,19.06,741.6652,0.005366,0.002715,0.997661,-0.111776,-0.193968,179.4015
92726.55,19.06,741.8131,-0.001958,-0.00168,0.99522,0.092585,-0.0582,179.3922
92728.28,19.06,741.6572,0.001948,0.001738,0.998149,-0.030919,-0.110007,179.3932
92729.23,19.06,741.5727,-0.00147,0.003203,0.999614,0.203134,0.050494,179.3844
92727.62,19.06,741.718,0.00439,0.000762,0.998149,-0.263514,0.259467,179.3929
92733.2,19.07,741.2186,0.002437,-0.000703,0.998638,0.015994,0.111081,179.3842
92730.25,19.06,741.4828,0.002437,-0.000703,1.002056,0.029631,-0.098156,179.4146
92729.23,19.06,741.5727,0.006343,-0.000703,0.999614,0.023837,0.111275,179.3999
92729.23,19.06,741.5727,0.00146,-0.002656,0.998149,0.053489,-0.165452,179.4181
92728.58,19.06,741.6334,-0.00147,-0.000215,0.998149,0.010955,-0.19877,179.4049
92731.23,19.07,741.3956,0.002437,-0.00168,1.000103,-0.155022,-0.137246,179.4043
92727.92,19.06,741.6916,-0.002935,-0.004609,0.999614,0.162576,-0.263751,179.4045
92729.83,19.06,741.5198,0.002437,-0.004121,1.001079,-0.111727,-0.393001,179.3801
92726.3,19.06,741.8342,-0.002935,0.002715,0.999614,0.400386,0.142738,179.3925
92728.28,19.06,741.6572,0.003413,-0.003145,1.004985,0.085814,-0.334042,179.4222
92725.65,19.06,741.895,-0.001958,0.004668,1.001567,0.179713,-0.128123,179.4384
92720.39,19.06,742.3654,0.000972,0.000273,1.001079,0.08239,0.109041,179.4426
92726.55,19.06,741.8131,0.000972,-0.002168,0.997661,-0.038361,0.1388,179.4437
92724.36,19.07,742.0087,0.000483,-0.010469,1.000103,-0.029617,-0.616711,179.4487
92724.36,19.07,742.0087,0.002437,-0.004121,1.001079,0.038865,-0.599167,179.4288
92730.28,19.07,741.4802,0.000483,0.004668,1.001567,-0.069716,0.138413,179.4435
92731.3,19.07,741.3877,0.000483,-0.004609,1.000103,0.070585,-0.26917,179.4473
92728.97,19.07,741.5964,-0.000493,0.00125,1.000591,0.402227,0.019805,179.4889
92726.99,19.07,741.7735,-0.003911,0.00125,1.000591,0.327461,0.1514,179.5121
92726.99,19.07,741.7735,-0.002446,-0.003633,1.001567,0.057522,0.146267,179.5308
92729.53,19.06,741.5463,0.001948,0.010039,1.002056,-0.084922,0.156539,179.5196
92730.94,19.07,741.4221,-0.005376,-0.002168,0.997661,0.319366,-0.094239,179.5585
92732.91,19.07,741.245,0.000972,-0.00168,0.998638,0.03384,-0.314312,179.5582
92726.63,19.07,741.8052,-4.882924e-6,-0.006563,0.999126,0.146477,-0.382809,179.5559
92724.06,19.07,742.0377,0.005366,0.00125,1.000103,-0.289613,0.049082,179.5605
92727.95,19.07,741.6889,0.008296,0.006621,1.000103,-0.251876,0.24255,179.5195
92724.06,19.07,742.0377,-0.00147,0.003691,1.002056,-0.226246,0.208501,179.439
92729.33,19.07,741.5648,-0.003423,-0.00168,0.997661,0.535775,-0.02477,179.5131
92727.38,19.08,741.7391,-0.004399,0.003203,1.001079,0.257268,0.200228,179.5576
92726.07,19.08,741.8554,-0.000981,0.007598,1.004009,-0.322265,0.182307,179.5322
92727.69,19.07,741.7127,-0.006841,-0.014863,0.998149,0.323477,-0.754012,179.5035
92721.47,19.08,742.2676,-0.002446,-0.006074,0.998638,0.629875,-0.543165,179.5519
92726.73,19.08,741.7972,-0.002446,0.00125,1.001079,0.115515,0.347412,179.5847
92723.8,19.08,742.0588,0.000483,0.003203,0.998149,0.186153,0.548212,179.5507
92728.05,19.08,741.681,0.007808,-0.00168,1.001079,-0.466015,-0.339756,179.5072
92729.75,19.08,741.5278,-0.00147,-0.00168,0.999126,0.531204,0.115688,179.5077
92726.34,19.07,741.8316,-0.004399,0.003691,0.998638,0.188135,0.194442,179.5472
92729.06,19.08,741.5885,0.001948,-0.003633,1.004497,-0.256887,-0.397622,179.4912
92726.43,19.08,741.8237,-0.001958,0.000762,0.999614,0.262812,-0.026356,179.5497
92732.34,19.08,741.2952,0.000483,0.002227,0.998149,0.097703,-0.00593,179.5282
92732.05,19.08,741.3217,-0.000981,0.004668,0.997173,-0.016395,0.289654,179.5035
92726.07,19.08,741.8554,-0.000981,-0.002168,1.002544,0.098683,-0.413045,179.465
92730.73,19.08,741.4379,-0.004888,0.003203,1.000103,0.076798,0.080536,179.45
92718.8,19.07,742.5054,0.002925,-0.005098,1.000591,-0.270498,0.098006,179.4927
92728.76,19.08,741.6149,0.00146,-0.006074,0.998149,-0.035966,0.015291,179.4385
92730.73,19.08,741.4379,0.00146,-0.000215,1.000591,-0.050652,0.021491,179.4249
92724.81,19.08,741.969,0.001948,-0.003145,1.004497,-0.157038,-0.137899,179.4552
92727.48,19.09,741.7312,-4.882924e-6,-0.003633,0.998149,-0.122894,-0.102059,179.506
92726.79,19.08,741.792,-0.000981,0.00125,1.001079,0.08444,0.038246,179.4698
92728.1,19.08,741.6757,-0.002446,-0.000703,0.997173,0.060034,-0.017046,179.4687
92725.8,19.08,741.8792,0.001948,0.000762,0.999614,-0.11481,0.066115,179.4464
92725.86,19.09,741.8739,-4.882924e-6,0.00125,1.003032,-0.018523,0.109512,179.415
92729.45,19.09,741.5542,0.000972,0.002715,1.000591,-0.019494,0.09895,179.4136
92727.45,19.08,741.7338,0.001948,0.003203,1.002544,-0.102252,0.041365,179.3996
92726.79,19.08,741.792,-4.882924e-6,0.003203,0.998638,0.011507,0.08605,179.4173
92726.52,19.09,741.8157,0.000483,-0.002656,1.003032,-0.249105,-0.180271,179.3929
92729.45,19.09,741.5542,0.00146,0.002715,1.001079,-0.034564,0.055013,179.3377
92725.77,19.08,741.8818,-0.002935,0.00125,0.995708,-0.008045,0.119323,179.3024
92726.16,19.09,741.8475,-4.882924e-6,0.002715,1.00352,-0.092703,0.125412,179.2692
92730.47,19.09,741.4617,0.00146,0.002715,0.997661,-0.138381,0.102163,179.3043
92727.78,19.08,741.7021,0.003413,-0.001191,0.997173,-0.255281,0.092151,179.2537
92727.52,19.09,741.7286,-0.00147,-0.003145,0.999126,-0.129584,-0.323173,179.2243
92731.06,19.08,741.4089,0.005854,0.001738,0.998638,-0.112678,-0.124077,179.2297
92727.52,19.09,741.7286,0.000972,0.000273,1.000591,-0.051664,-0.055355,179.2448
92733.7,19.08,741.1737,0.002437,0.000273,0.999614,-0.15662,0.001885,179.2368
92729.45,19.09,741.5542,-0.00147,-0.003633,0.999126,-0.223922,-0.142289,179.2413
92733.78,19.09,741.1658,0.004878,0.000762,1.000103,-0.315469,0.029755,179.2462
92733.78,19.09,741.1658,-0.003911,0.000273,1.001079,0.240571,0.417505,179.2473
92732.44,19.09,741.2873,-0.000981,-0.001191,0.999126,0.167921,0.387987,179.2803
92732.73,19.09,741.2609,-0.004888,0.002715,0.996196,0.357777,0.236001,179.299
92729.45,19.09,741.5542,0.003901,-0.006074,1.001079,-0.261266,-0.542959,179.2841
92729.45,19.09,741.5542,-0.006353,0.000273,0.997661,0.454535,0.006725,179.2957
92727.48,19.09,741.7312,-0.004399,-0.002168,0.996685,0.44035,0.01614,179.2975
92729.84,19.09,741.5198,0.00439,0.00125,1.000103,-0.452429,0.198775,179.2837
92727.88,19.09,741.6942,0.000972,0.000762,1.000591,0.113862,0.459144,179.2854
92725.9,19.09,741.8712,-0.000493,-0.001191,1.000103,0.279582,0.121193,179.2991
92725.9,19.09,741.8712,0.008784,0.00125,0.998638,-0.903416,-0.066982,179.2723
92729.84,19.09,741.5198,0.000972,-0.004121,1.002056,0.085421,-0.205903,179.2574
92729.81,19.09,741.5225,0.002925,-0.000703,1.004009,-0.184931,-0.056891,179.2391
92723.5,19.08,742.0879,0.000972,-0.005098,0.998638,-0.012254,-0.127529,179.2308
92721.92,19.09,742.228,-0.00147,-0.000703,0.999614,0.279947,0.213606,179.2404
92728.59,19.1,741.6308,-0.000981,0.000762,0.998638,0.328451,-0.354463,179.2388
92726.2,19.09,741.8448,0.003413,-0.002168,1.000103,-0.368968,-0.346696,179.2588
92725.9,19.09,741.8712,0.005366,0.000762,1.000591,0.032861,-0.266681,179.2646
92729.84,19.09,741.5198,0.002437,-0.003633,1.000103,-0.012253,-0.24302,179.2571
92731.22,19.1,741.3956,-0.00147,0.002715,1.000103,0.366383,0.054805,179.2486
92729.91,19.1,741.5119,0.004878,-0.005586,1.000591,-0.282604,-0.410144,179.2439
92725.9,19.09,741.8712,-0.002446,0.003203,1.002544,0.154482,0.240353,179.2438
92723.98,19.1,742.043,0.005366,-0.004121,0.998149,-0.040832,0.159377,179.2384
92722.73,19.1,742.154,-0.002935,-0.000215,0.999126,-0.133223,0.076216,179.2362
92727.88,19.09,741.6942,0.000483,-0.007051,1.001567,0.034643,-0.2193,179.2425
92732.17,19.1,741.3111,0.000483,-0.004121,0.999614,-0.034105,-0.227436,179.2227
92733.19,19.1,741.2213,-0.002446,-0.006563,0.999126,0.110015,-0.349723,179.1992
92730.2,19.1,741.4881,0.000972,-0.00168,1.001567,-0.111934,-0.332813,179.2234
92731.52,19.1,741.3692,0.002925,-0.000215,0.999126,-0.019876,-0.271181,179.2307
92729.55,19.1,741.5463,0.001948,-0.005586,1.002056,-0.206812,-0.076124,179.2399
92727.28,19.1,741.7471,-0.000981,-0.000215,1.002544,0.073362,-0.134484,179.2128
92727.28,19.1,741.7471,0.000483,-0.000215,1.001567,-0.14079,0.077693,179.2102
92727.58,19.1,741.7206,0.003901,-0.004121,0.999614,-0.260747,0.063904,179.1869
92726.92,19.1,741.7814,0.005366,-0.000215,0.994731,-0.06901,0.141741,179.2381
92728.53,19.09,741.6361,0.004878,-0.001191,0.997173,-0.131352,-0.091156,179.2301
92726.25,19.1,741.8395,0.001948,-0.004121,0.999126,-0.096641,-0.179315,179.2138
92726.25,19.1,741.8395,0.001948,0.002227,0.999126,-0.219463,-0.131237,179.2008
92731.55,19.1,741.3666,-0.00147,-0.008516,1.000103,-0.045587,-0.107778,179.1832
92733.52,19.1,741.1895,0.002437,-0.004121,1.002544,0.138854,-0.068687,179.1624
92729.58,19.1,741.5436,0.002437,-0.004121,0.999126,-0.545757,-0.478572,179.1731
92727.99,19.1,741.6837,0.004878,0.005645,1.003032,-0.319591,0.441228,179.1615
92730.86,19.1,741.4274,0.002925,0.003203,0.999614,0.143494,-0.004497,179.1879
92730.23,19.1,741.4828,-0.000493,0.007598,0.997173,0.254065,0.052413,179.1755
92731.88,19.1,741.3375,0.001948,-0.002656,0.999614,0.216327,-0.00902,179.1531
92731.55,19.1,741.3666,-0.000981,-0.002656,1.000103,0.035272,-0.226033,179.1651
92729.25,19.1,741.5727,0.00146,-0.002656,0.995708,-0.090286,-0.442928,179.1446
92731.64,19.11,741.3586,-0.003423,-0.008027,0.998149,0.135627,-0.37683,179.1665
92733.25,19.1,741.2133,0.001948,-0.005098,0.999614,-0.111882,-0.440855,179.1578
92727.61,19.1,741.718,0.002437,0.000762,1.004985,0.159486,-0.382878,179.1641
92728.27,19.1,741.6599,-0.000981,-0.00168,1.001079,0.24329,-0.279386,179.1415
92725.72,19.11,741.8871,-0.00147,0.00125,1.001079,0.410743,-0.029663,179.149
92728.35,19.11,741.6519,0.003413,0.003691,0.998638,-0.688006,0.277662,179.169
92724.98,19.1,741.9531,0.003413,-0.002656,1.001567,0.122117,0.104126,179.1774
92724.41,19.11,742.006,0.00146,-0.002656,0.999614,-0.008372,-0.299141,179.1533
92724.41,19.11,742.006,-0.001958,-0.001191,0.999126,0.173492,-0.105155,179.1448
92729.37,19.11,741.5621,0.000972,0.003203,0.999614,-0.070051,0.157342,179.1024
92729.67,19.11,741.5356,-0.002935,0.000273,1.003032,0.391437,0.341006,179.095
92727.04,19.11,741.7708,0.000483,0.002227,1.002544,0.036804,0.518283,179.0742
92727.04,19.11,741.7708,0.001948,-0.000703,0.997173,-0.223209,-0.55663,179.0555
92726.73,19.11,741.7972,0.003901,0.001738,0.998149,-0.491248,0.249465,179.052
92726.95,19.1,741.7787,-0.003911,-0.005098,0.996685,0.255118,-0.364726,179.0526
92722.8,19.11,742.1487,0.004878,-0.002168,1.002056,-0.271401,0.128575,179.0393
92727.73,19.11,741.7074,0.003413,-0.005098,0.994731,-0.240848,-0.31692,179.047
92727.7,19.11,741.7101,-0.000493,0.000762,1.002544,-0.102916,-0.3613,179.0359
92722.67,19.1,742.1592,0.003901,-0.002656,1.002056,-0.26165,-0.367972,179.0109
92730.33,19.11,741.4749,0.000483,0.000273,1.000103,0.152899,0.072308,179.016
92727.07,19.11,741.7656,0.007808,-0.001191,1.003032,-0.513529,-0.056788,179.0058
92730.02,19.11,741.504,0.000483,0.001738,0.996196,-0.106051,-0.301688,179.0159
92732.59,19.1,741.2741,-0.002935,0.000273,1.003032,-0.102085,-0.096851,178.9854
92727.7,19.11,741.7101,-0.002935,-0.005098,1.000103,0.34498,-0.2366,179.0021
92729.67,19.11,741.5356,0.000972,-0.008027,0.999614,-0.056895,-0.45696,179.0087
92734.96,19.11,741.0601,-0.000981,0.003691,0.997173,0.148094,0.257428,179.0142
92731.64,19.11,741.3586,0.00439,-0.003145,0.999126,-0.635234,0.020034,179.0385
92731.41,19.12,741.3798,0.002437,-0.001191,0.996685,-0.608116,-0.188513,179.0344
92729.37,19.11,741.5621,0.00146,-0.005098,1.003032,-0.086626,-0.549041,179.0241
92729.7,19.11,741.5304,-4.882924e-6,-0.00168,1.001079,-0.042026,-0.348984,179.0192
92726.08,19.11,741.8554,0.000972,-0.005098,1.001567,-0.092444,-0.209257,179.0074
92731.67,19.11,741.356,-0.002446,0.005645,0.996685,-0.061015,0.195514,178.9863
92732.03,19.11,741.3243,0.001948,-0.000703,0.999126,0.051804,0.014865,178.986
92728.12,19.12,741.6731,0.000483,0.003691,1.004497,0.058611,0.427716,178.9895
92727.7,19.11,741.7101,-0.001958,0.004668,1.002544,0.142479,0.387363,179.0265
92727.39,19.11,741.7391,-0.00147,0.000762,1.002544,0.270991,0.368525,179.0013
92730.06,19.11,741.4987,-0.000981,0.003691,0.997173,0.104695,0.4334,179.0022
92726.11,19.11,741.8527,-0.006353,-0.006563,0.998638,0.467257,-0.693993,178.9853
92726.11,19.11,741.8527,0.00439,-0.008516,1.001079,-0.362472,-0.569501,178.9656
92729.4,19.11,741.5594,0.00146,0.000762,0.997173,0.218755,0.266774,178.9611
92731.67,19.11,741.356,0.000483,0.006133,1.000103,0.007411,0.453989,178.9587
92725.81,19.12,741.8792,0.004878,-0.008027,1.000591,-0.356408,-0.559528,178.9648
92726.47,19.12,741.821,0.00146,0.000273,1.000103,-0.353255,0.360894,178.9574
92726.47,19.12,741.821,0.002925,-0.001191,0.999614,-0.393171,-0.357686,178.9349
92728.12,19.12,741.6731,-0.00147,0.00125,0.998638,0.391137,0.399181,178.9399
92729.44,19.12,741.5542,-0.000981,-0.002168,1.000591,0.156548,-0.286731,178.9483
92726.15,19.12,741.8501,0.00439,0.002227,0.999614,-0.562774,0.037708,178.9425
92725.75,19.11,741.8845,-4.882924e-6,0.002715,0.999614,-0.003379,0.14595,178.9318
92729.44,19.12,741.5542,0.00439,0.000762,1.000591,-0.419578,0.044327,178.929
92726.5,19.12,741.8184,0.003901,-0.005586,1.000591,-0.177349,-0.221094,178.906
92733.38,19.12,741.2028,0.004878,-0.004121,1.002056,-0.183215,-0.250379,178.865
92729.76,19.12,741.5278,-0.001958,-0.002168,0.998638,-0.178002,-0.010415,178.8611
92729.44,19.12,741.5542,0.00439,0.007109,0.997173,-0.446105,0.002905,178.8487
92724.17,19.12,742.0272,0.00146,-0.004609,0.996685,0.147335,-0.145738,178.8466
92730.75,19.12,741.4379,0.002437,0.000762,0.998149,0.187825,-0.016589,178.8481
92735.05,19.12,741.0521,0.000483,0.000273,1.000103,-0.034644,-0.012554,178.8488
92727.82,19.12,741.6995,-4.882924e-6,0.000762,0.997661,0.008742,-0.012989,178.8596
92728.77,19.12,741.6149,0.000483,-0.001191,1.002056,-0.016604,-0.009535,178.8675
92724.89,19.12,741.9611,-0.001958,-0.004609,1.000103,0.002041,-0.237608,178.8673
92725.81,19.12,741.8792,0.001948,-0.002168,0.996196,-0.131772,-0.049456,178.848
92729.49,19.12,741.5515,-0.000493,-0.001191,1.001567,-0.004205,0.119567,178.8598
92729.49,19.12,741.5515,-0.00147,0.00418,1.000103,0.071612,0.245685,178.8895
92728.21,19.13,741.6652,0.000972,-0.000703,1.003032,0.173304,-0.007719,178.8828
92730.81,19.12,741.4326,-0.003911,-0.002168,1.001079,0.255601,-0.13277,178.8664
92733.14,19.13,741.2239,0.002437,-0.000215,0.998638,-0.135387,-0.192386,178.8637
92726.8,19.12,741.792,0.000483,-0.002168,1.000591,-0.252892,-0.092108,178.8506
92724.89,19.12,741.9611,0.00439,-0.00168,1.003032,-0.267591,-0.126369,178.8279
92730.81,19.12,741.4326,-0.000981,-0.000215,0.998638,0.054058,-0.002571,178.8098
92731.83,19.13,741.3401,0.005854,-0.001191,1.001567,-0.149939,0.200146,178.8036
92725.81,19.12,741.8792,-0.000981,0.000273,0.997173,0.06547,0.149817,178.8064
92729.23,19.13,741.5753,0.002437,-0.000703,0.999614,-0.095117,0.144093,178.7831
92727.22,19.13,741.7523,-0.000981,-0.001191,0.998149,0.115116,-0.013698,178.7402
92734.13,19.13,741.1367,0.004878,0.003691,1.001567,-0.209663,0.003428,178.7068
92731.86,19.13,741.3375,-0.002935,-0.005586,0.998638,0.344003,-0.026195,178.7291
92729.52,19.13,741.5489,0.00146,-0.002168,1.003032,-0.109501,0.170708,178.6955
92730.19,19.13,741.4881,-0.004399,-0.003145,0.999126,0.28307,0.031382,178.7016
92730.91,19.13,741.4247,0.003413,-0.000215,0.997661,-0.046501,0.156931,178.7136
92729.23,19.13,741.5753,0.000972,-0.002168,1.003032,-0.095948,-0.109867,178.7291
92726.23,19.13,741.8422,0.002437,0.000273,1.000591,-0.140797,0.000882,178.7278
92729.59,19.13,741.541,0.00146,-0.005586,1.001079,-0.140179,-0.331625,178.7379
92727.55,19.13,741.7233,-0.001958,-0.003145,1.000103,-0.151301,-0.034029,178.7287
92725.94,19.13,741.8686,0.002925,-0.004609,0.996685,-0.118206,-0.276828,178.6956
92728.93,19.13,741.6017,0.003901,0.004668,0.998149,-0.313911,0.480143,178.6206
92726.59,19.13,741.8105,0.003413,0.002715,1.002544,-0.35579,0.44393,178.6251
92730.25,19.13,741.4828,0.003413,-0.002656,1.000591,-0.664697,-0.35368,178.7192
92733.17,19.13,741.2213,0.00439,-0.002656,0.998638,-0.689786,-0.284521,178.7083
92733.89,19.14,741.1552,0.007319,0.003691,0.997661,-0.781545,0.416436,178.6978
92730.61,19.14,741.4511,-0.005376,-0.000703,1.001079,0.161821,-0.009429,178.723
92726,19.14,741.8633,-0.003911,-0.001191,1.001567,0.131421,-0.013153,178.7312
92728.27,19.13,741.6599,0.001948,0.000762,1.002056,-0.173151,0.22686,178.7371
92729.33,19.14,741.5648,-0.001958,-0.003145,0.996685,0.523202,-0.254878,178.7121
92726.33,19.14,741.8342,-4.882924e-6,-0.003145,0.999614,0.027,-0.698615,178.6714
92731.95,19.14,741.3296,0.006831,-0.00168,1.000103,-0.687822,0.05583,178.6673
92731.3,19.14,741.3877,0.00439,-0.00168,0.997173,-0.371386,-0.090213,178.6661
92728,19.14,741.6837,0.005366,0.003691,1.004009,-0.430291,0.275139,178.6268
92728.97,19.14,741.5964,-0.003423,0.000762,1.001079,0.354589,0.149592,178.6496
92727.05,19.14,741.7682,0.00146,0.004668,0.999126,0.342982,0.077903,178.6605
92730.64,19.14,741.4485,0.002437,0.006621,0.999126,0.019668,0.858834,178.665
92726.69,19.14,741.8026,0.002437,0.000762,0.999614,0.141829,-0.114484,178.6426
92726.66,19.14,741.8052,0.003413,0.006621,0.999614,-0.535123,0.475011,178.6293
92730.94,19.14,741.4221,-0.000493,0.001738,0.999614,0.457715,0.311254,178.6145
92727.74,19.15,741.7074,-0.00147,-0.002168,0.998149,0.568118,-0.315161,178.6134
92733.66,19.15,741.179,-4.882924e-6,-0.001191,0.999126,-0.505762,0.005632,178.6451
92728.67,19.14,741.6229,-4.882924e-6,-0.001191,0.999126,-0.397807,0.084643,178.6468
92730.02,19.15,741.504,0.00146,-0.000703,0.999614,-0.491146,-0.010341,178.6578
92731,19.14,741.4167,0.002437,-0.008516,1.001079,-0.192688,-0.653029,178.6551
92735.27,19.15,741.0336,-0.003423,-0.003633,1.001079,0.53185,-0.322852,178.6608
92729.72,19.15,741.5304,0.004878,-0.003145,0.99522,-0.061411,0.308964,178.6535
92728,19.14,741.6837,0.00146,0.000762,1.000103,-0.098356,0.00668,178.6544
92729.06,19.15,741.5885,0.002925,-0.002656,1.001567,-0.065921,-0.005777,178.6268
92729.06,19.15,741.5885,-0.003423,-0.006563,0.999126,0.291884,-0.274121,178.633
92725.77,19.15,741.8845,0.006343,-0.002656,1.001567,-0.145149,-0.358048,178.6366
92727.15,19.15,741.7603,-0.004888,-0.002168,0.998149,0.104878,-0.273785,178.6246
92726.13,19.15,741.8527,0.003413,0.001738,1.002056,-0.065509,0.232443,178.609
92726.13,19.15,741.8527,0.001948,0.00125,0.999126,0.004451,0.137758,178.6081
92726.13,19.15,741.8527,0.00146,-0.007051,0.999614,0.447785,-0.441479,178.5706
92729.12,19.15,741.5833,0.002437,-0.000703,1.001079,-0.337942,-0.330482,178.5817
92728.1,19.15,741.6757,0.000483,-0.003145,0.998638,-0.297266,-0.154929,178.5817
92728.1,19.15,741.6757,-0.001958,0.00418,1.002056,0.331107,0.099983,178.6235
92730.08,19.15,741.4987,0.005366,-0.00168,1.001567,-0.740645,-0.301906,178.5844
92729.06,19.15,741.5885,0.00146,0.00418,1.001079,0.20733,0.431204,178.564
92728.46,19.15,741.6414,0.004878,0.00125,0.999126,-0.298131,0.076036,178.5838
92735.03,19.15,741.0548,0.002925,0.003203,0.997661,-0.122043,0.02546,178.6198
92728.8,19.16,741.6123,0.000972,-0.000215,1.000103,-0.120556,-0.014975,178.6062
92728.8,19.16,741.6123,-0.00147,0.000762,1.001567,0.084518,0.057187,178.5733
92730.73,19.15,741.4379,-4.882924e-6,-0.00168,0.999614,0.120797,0.072142,178.5507
92726.52,19.16,741.8157,0.002925,0.009062,0.998149,0.001525,-0.002041,178.5185
92727.15,19.15,741.7603,0.001948,-0.003145,0.999126,-0.111323,-0.192905,178.5195
92731.13,19.16,741.4036,0.003413,-0.005098,1.002056,-0.152075,-0.314874,178.5067
92727.48,19.16,741.7312,0.00439,-0.002168,1.002056,0.23673,0.10594,178.5001
92731.16,19.16,741.4009,0.000483,-0.001191,1.000103,-0.088852,0.479599,178.4634
92730.77,19.16,741.4352,0.005854,0.001738,1.001567,-0.597124,0.233016,178.4412
92732.47,19.16,741.2847,0.000972,0.002227,0.994731,0.118536,0.127727,178.4522
92732.53,19.17,741.2794,-0.006353,-0.000215,1.004009,0.297783,0.017482,178.4572
92730.5,19.16,741.459,0.006831,0.000762,0.995708,-0.876615,0.219596,178.4048
92730.47,19.16,741.4617,0.00439,0.004668,1.001567,0.105441,-0.063617,178.4213
92730.44,19.15,741.4644,0.006343,0.002227,1.00352,0.136776,0.016221,178.4472
92733.09,19.16,741.2292,-0.000493,-0.004121,1.000591,0.096492,-0.318602,178.4285
92729.19,19.16,741.5779,0.004878,0.003203,0.999126,-0.269509,0.682858,178.4146
92729.94,19.17,741.5093,0.00146,0.002715,1.000103,-0.516475,0.123164,178.4116
92729.94,19.17,741.5093,0.006831,0.000273,0.999614,-0.545605,0.062919,178.383
92730.5,19.16,741.459,-0.000981,0.000762,0.999126,-0.271125,0.295198,178.3725
92730.83,19.16,741.43,0.000972,0.002715,1.000591,-0.053531,0.360247,178.3781
92728.23,19.17,741.6625,-0.000493,-0.003633,1.000591,0.433673,-0.182711,178.3747
92728.23,19.17,741.6625,0.001948,0.00125,0.998638,-0.328908,0.303186,178.3457
92730.5,19.16,741.459,0.003901,0.001738,1.001079,-0.14187,0.248464,178.3243
92725.3,19.17,741.9241,0.001948,-0.001191,1.002544,-0.146915,0.240513,178.2955
92732.63,19.18,741.2714,-0.003423,-0.001191,0.997661,-0.199757,-0.190215,178.2751
92729.38,19.18,741.5594,0.002925,-0.004609,1.001079,-0.194639,-0.255031,178.2644
92730.59,19.17,741.4511,0.003901,0.001738,0.999614,-0.341554,-0.246662,178.2625
92727.21,19.16,741.755,0.00146,0.002227,1.00352,-0.464859,0.32764,178.2558
92730.95,19.18,741.4194,0.003413,0.005156,0.999614,-0.554563,0.252376,178.2635
92729.6,19.17,741.541,-4.882924e-6,-0.002656,0.999614,0.295162,-0.483222,178.2592
92732.53,19.17,741.2794,0.002437,-0.002656,1.000103,0.00157,-0.277322,178.2417
92727.96,19.17,741.6863,-0.000981,-0.007051,0.999614,0.064443,-0.349126,178.234
92730.59,19.17,741.4511,0.005366,-0.001191,1.001567,-0.426683,-0.237321,178.256
92728.59,19.17,741.6308,0.001948,-0.003633,1.000103,-0.2851,-0.042102,178.2637
92730.95,19.18,741.4194,0.000972,-0.000215,0.997173,-0.043378,0.233664,178.2725
92731.31,19.18,741.3877,-0.002935,0.000762,1.000103,0.147291,0.036627,178.2823
92733.38,19.19,741.2028,0.006343,0.00125,1.000103,-0.419082,0.261755,178.2634
92728.38,19.18,741.6493,-0.005376,0.00125,1.002056,0.707245,0.055458,178.2744
92729.04,19.18,741.5912,0.005854,0.000762,0.999614,-0.545536,-0.095363,178.2755
92730.75,19.19,741.4379,-0.002935,0.002227,1.000103,0.28313,0.294203,178.2999
92730.75,19.19,741.4379,0.005854,-0.000703,1.002056,-0.535351,0.061981,178.2748
92731.73,19.19,741.3507,0.000483,0.002715,0.998149,-0.203995,-0.293255,178.2827
92732.72,19.19,741.2609,0.002925,0.001738,1.001567,-0.451797,-0.074103,178.2817
92729.7,19.18,741.533,0.000972,-0.000215,1.002056,-0.442844,-0.087859,178.2651
92732.06,19.19,741.3217,0.002437,-0.002656,0.995708,-0.062355,-0.542458,178.2481
92729.44,19.19,741.5542,-0.000493,-0.003633,0.998638,-0.040083,-0.748754,178.2279
92734.69,19.19,741.0865,0.001948,-0.000215,1.00352,0.203793,0.205481,178.2288
92732.39,19.19,741.2899,-0.000981,0.002715,0.998638,0.263753,0.134517,178.2429
92731.7,19.19,741.3533,0.002925,-0.001191,1.000591,-0.156037,-0.04215,178.2258
92729.04,19.18,741.5912,0.002925,-0.003145,1.001079,-0.160986,-0.062826,178.2306
92731.44,19.19,741.3771,0.00146,0.00418,1.000591,-0.060357,0.202351,178.2117
92724.47,19.19,742.0007,0.004878,-0.003633,0.998638,-0.296129,-0.202274,178.2112
92732.39,19.19,741.2899,0.002437,0.003203,1.002544,-0.12348,0.179622,178.2137
92731.7,19.19,741.3533,-0.000981,-0.001191,0.998638,0.125019,-0.003478,178.2077
92731.7,19.19,741.3533,-0.000493,0.001738,1.000103,-0.050832,0.04069,178.2208
92731.73,19.19,741.3507,0.000972,0.000273,0.998149,-0.029771,-0.274005,178.2243
92732.36,19.19,741.2926,0.005366,-0.006074,1.000103,-0.264856,-0.421835,178.2157
92732.75,19.19,741.2582,0.00439,-0.005586,1.000591,-0.318106,-0.399794,178.2298
92732.45,19.2,741.2847,-0.000493,-0.006074,1.001079,0.041052,-0.478846,178.236
92732.36,19.19,741.2926,0.006343,0.000273,0.997661,-0.595324,-0.170668,178.2301
92729.17,19.2,741.5779,0.002925,-0.004121,0.997661,-0.210366,-0.434798,178.2409
92732.75,19.19,741.2582,0.003413,-0.001191,0.999614,-0.43968,-0.265367,178.2461
92730.42,19.19,741.467,-0.004888,-0.003145,1.002056,-0.250353,-0.356354,178.2231
92731.14,19.2,741.4036,0.005366,0.005645,0.998638,-0.663292,-0.050028,178.2207
92731.44,19.19,741.3771,0.000972,0.002227,0.998638,0.031947,-0.073398,178.2107
92728.51,19.2,741.6387,0.006343,-0.000703,1.000103,-0.432393,-0.02955,178.185
92728.51,19.2,741.6387,0.002437,0.007598,1.00352,-0.025133,0.1471,178.1944
92732.09,19.19,741.319,0.000483,0.001738,0.997661,-0.006526,0.107145,178.1659
92732.45,19.2,741.2847,-4.882924e-6,-0.004609,0.999126,-0.104807,-0.17914,178.1726
92732.75,19.19,741.2582,0.002925,0.000762,1.000103,-0.230958,-0.161127,178.1657
92734.46,19.2,741.105,-0.002446,-0.00168,0.997173,0.165809,-0.141237,178.1473
92727.84,19.2,741.6968,0.001948,-0.000215,0.998149,-0.051759,0.104576,178.1263
92731.5,19.2,741.3718,0.000483,-0.002168,0.998638,0.070398,0.134469,178.1285
92728.24,19.2,741.6625,0.00439,-0.00168,0.999126,-0.278439,-0.082085,178.1044
92727.84,19.2,741.6968,0.002925,-0.003145,1.000591,-0.14212,-0.064875,178.0997
92728.87,19.2,741.607,-0.000493,0.002227,0.999614,0.002834,-0.093917,178.0853
92728.87,19.2,741.607,-4.882924e-6,-0.00168,0.998149,0.007451,0.079384,178.1038
92732.19,19.2,741.3084,-0.000981,0.001738,0.998638,-0.10312,0.122985,178.1019
92729.86,19.2,741.5172,0.002437,0.000762,0.997173,-0.236733,0.22026,178.0993
92725.91,19.2,741.8712,-0.002935,-0.00168,0.999126,0.32711,0.046623,178.0839
92728.9,19.2,741.6044,0.003901,0.00418,0.996196,-0.202325,0.545367,178.0985
92729.95,19.21,741.5093,0.000972,-0.003145,1.000591,0.077768,-0.55199,178.1264
92727.95,19.21,741.6889,-0.00147,-0.006074,1.002056,0.165835,-0.487849,178.1124
92729.26,19.21,741.57,0.002925,-0.002656,0.997173,-0.372902,-0.342522,178.1071
92729.86,19.2,741.5172,0.002925,0.000762,0.998149,-0.139223,0.112548,178.1091
92731.92,19.21,741.3322,0.002437,-0.002656,1.001079,-0.048781,0.12449,178.0941
92731.17,19.2,741.4009,0.00146,-0.003145,0.998638,-0.011864,0.101386,178.0807
92731.89,19.21,741.3348,0.001948,-0.001191,0.996196,-0.067718,0.112364,178.0842
92728.9,19.2,741.6044,0.003901,-0.000215,0.999126,-0.232347,-0.006644,178.0791
92728.96,19.21,741.5964,0.006831,0.00418,1.000591,-0.470848,0.25325,178.1008
92734.91,19.21,741.0654,0.005366,0.002227,0.999126,-0.464801,0.275717,178.0902
92730.27,19.21,741.4802,0.001948,0.005156,0.998149,-0.110422,0.39843,178.0962
92728.3,19.21,741.6572,0.002437,-0.000215,1.000103,0.012216,0.346054,178.0558
92728.3,19.21,741.6572,0.007319,-0.000215,0.999614,-0.586764,-0.214482,178.0391
92730.27,19.21,741.4802,0.002437,-0.000703,1.001079,-0.149756,0.284742,178.0037
92730.31,19.21,741.4775,-4.882924e-6,-0.002656,0.999614,-0.240712,0.266061,178.0141
92726.27,19.2,741.8395,0.00439,-0.000215,1.000591,-0.112907,0.295307,178.0042
92727.64,19.21,741.7153,0.00146,-0.004121,1.000103,-0.357967,-0.096623,177.9871
92732.28,19.21,741.3005,0.005854,0.003691,0.997173,-0.28853,-0.172469,177.9674
92729.95,19.21,741.5093,-0.000493,0.002715,1.002056,0.071352,-0.038482,177.9738
92727.38,19.22,741.7391,0.003413,0.001738,1.002544,-0.201789,0.108828,177.974
92727.38,19.22,741.7391,0.001948,-0.006074,0.998638,-0.179136,0.115093,177.9697
92730.01,19.22,741.504,0.003413,0.004668,1.004009,-0.124339,0.753218,177.961
92727.05,19.22,741.7682,0.002925,0.006133,0.998149,0.090258,0.622507,177.959
92728.7,19.22,741.6229,0.000972,-0.003633,0.998638,-0.039843,-0.285008,177.9568
92728.7,19.22,741.6229,0.005366,-0.000703,1.000591,-0.394807,-0.268389,177.9479
92732.02,19.22,741.3243,0.00439,-0.004609,1.001079,-0.411777,-0.294463,177.9345
92731.98,19.22,741.327,-0.001958,0.003203,1.001079,0.085625,0.207526,177.9374
92730.34,19.22,741.4749,0.00146,-0.000703,0.999614,-0.167373,0.089003,177.947
92729.69,19.22,741.533,-0.000493,0.00125,1.001079,0.026758,0.108835,177.9264
92731.72,19.22,741.3507,-4.882924e-6,-0.002168,1.002544,0.074337,0.10451,177.9345
92729.74,19.22,741.5278,0.001948,0.00418,1.002056,-0.105597,0.239184,177.9198
92731.09,19.23,741.4062,0.002925,0.000273,1.002544,-0.011889,0.122615,177.9164
92730.1,19.23,741.496,0.006831,0.002715,0.999126,-0.300514,0.386658,177.879
92729.12,19.23,741.5833,-0.000493,-0.003145,0.999614,0.468573,-0.149753,177.8739
92729.74,19.22,741.5278,0.003413,-0.002168,0.998638,-0.299526,-0.344988,177.8814
92729.38,19.22,741.5594,0.003413,-0.003145,0.997661,-0.223307,-0.363175,177.857
92734.73,19.23,741.0812,0.000972,0.005645,0.999614,-0.038234,0.005184,177.8414
92727.8,19.23,741.7021,0.003901,-0.003145,0.999126,-0.350463,-0.168644,177.8505
92728.79,19.23,741.6123,0.002437,-0.005098,0.998638,-0.271489,-0.002956,177.8523
92726.16,19.23,741.8501,0.001948,0.003203,0.998149,-0.252302,-0.01019,177.848
92731.45,19.23,741.3745,0.004878,0.000762,1.00352,-0.317895,0.062859,177.8252
92729.77,19.23,741.5251,0.000972,-0.004609,0.998149,-0.04016,0.057573,177.8196
92726.84,19.23,741.7867,0.000972,0.002227,0.995708,-0.063939,0.068138,177.8213
92728.82,19.23,741.6097,0.00146,0.00125,0.999614,-0.085745,0.074017,177.8289
92729.51,19.23,741.5489,0.003901,0.000273,0.997661,-0.225375,0.030176,177.809
92728.79,19.23,741.6123,0.00146,0.002227,1.004009,-0.188068,0.036861,177.7891
92728.46,19.23,741.6414,0.002925,-0.000703,1.001079,-0.226738,-0.016975,177.7815
92730.13,19.23,741.4934,0.002437,0.003691,1.000103,-0.159403,0.084564,177.8018
92729.87,19.24,741.5172,-4.882924e-6,0.000762,1.000103,-0.038632,-0.070287,177.8036
92730.49,19.23,741.4617,0.00146,-0.006074,1.000103,-0.174964,-0.160959,177.8033
92725.92,19.24,741.8686,0.003413,-0.000703,1.000591,0.066688,-0.173118,177.7887
92725.92,19.24,741.8686,0.002437,-0.000703,1.001567,-0.061576,-0.281036,177.7822
92731.19,19.24,741.3983,0.001948,0.00125,0.998638,0.225523,-0.159701,177.8008
92730.13,19.23,741.4934,0.001948,0.001738,0.998149,-0.071046,-0.391107,177.8132
92730.13,19.23,741.4934,-0.001958,-0.005098,0.996685,-0.024535,-0.423405,177.8116
92733.45,19.23,741.1948,0.003901,0.003691,1.001079,0.002597,0.583794,177.8076
92732.86,19.24,741.2477,0.000483,-0.000215,0.998638,0.407002,-0.147294,177.8127
92730.53,19.24,741.4564,0.002437,0.003691,1.001079,-0.00395,0.548345,177.8195
92732.86,19.24,741.2477,-0.002446,-0.000215,1.002544,0.562834,0.076044,177.8344
92727.89,19.24,741.6942,0.000972,-0.000703,0.998149,0.014676,-0.197973,177.8311
92731.25,19.24,741.393,0.000483,-0.001191,0.997173,-0.066521,-0.182633,177.827
92732.89,19.24,741.245,0.007808,0.007598,1.002544,-0.698944,0.800103,177.8166
92731.55,19.24,741.3666,0.001948,-0.003145,0.997661,0.145612,0.177152,177.8268
92729.97,19.25,741.5066,0.001948,0.00125,1.000103,0.038555,0.279183,177.8035
92728.64,19.25,741.6282,0.005854,-0.000215,1.000591,0.015711,-0.21978,177.8195
92728.95,19.24,741.5991,0.003413,-0.003633,0.998638,0.079558,-0.270143,177.7902
92726.02,19.25,741.8607,0.005366,-0.001191,0.999614,-0.051957,0.192997,177.8113
92731.28,19.25,741.3903,0.003901,-0.00998,1.000103,-0.13218,-0.730442,177.8233
92727.63,19.24,741.718,0.006831,0.000273,0.998149,-0.781121,-0.321677,177.7913
92727.33,19.25,741.7444,0.002925,-0.00168,1.00352,0.197647,0.281469,177.7771
92724.7,19.25,741.9796,0.001948,0.003203,1.001079,-0.018244,0.200843,177.7537
92729,19.25,741.5938,-0.002935,-0.003633,0.998638,0.29524,0.20409,177.7752
92732.3,19.25,741.2979,0.002437,-0.005098,0.998638,-0.10539,0.042831,177.7736
92729.66,19.25,741.5356,-0.000981,0.002227,0.998638,-0.012233,-0.01114,177.7696
92730.63,19.25,741.4485,0.003901,0.002227,0.995708,-0.156102,0.150741,177.7454
92730.27,19.24,741.4802,0.003901,-0.000215,0.998638,-0.320935,0.04186,177.7466
92726.94,19.24,741.7787,0.000972,0.005156,1.000103,-0.02065,0.316592,177.731
92726.08,19.25,741.8554,-0.001958,-0.003145,1.002056,0.362073,-0.110808,177.7554
92731.02,19.25,741.4141,0.000972,0.000273,1.000591,0.245574,-0.257049,177.7267
92729,19.25,741.5938,-0.000981,-0.002168,1.000103,0.215904,-0.306876,177.7675
92727.42,19.26,741.7365,0.000483,-0.000215,0.998638,0.209434,-0.305081,177.7419
92732.33,19.25,741.2952,0.00146,-0.006563,1.000591,0.11567,-0.543192,177.7471
92728.73,19.26,741.6176,0.003413,0.00125,1.002544,-0.190323,0.249988,177.7245
92728.73,19.26,741.6176,-0.000493,0.002227,0.999614,0.019537,0.123131,177.7459
92732.33,19.25,741.2952,-0.00147,0.002227,0.999614,0.073558,0.116946,177.7266
92730.72,19.26,741.4406,0.002925,-0.002168,1.000103,-0.25111,0.017481,177.7377
92729.76,19.26,741.5278,0.002437,-0.005098,0.999126,-0.159491,-0.297805,177.7634
92729.76,19.26,741.5278,0.003901,0.002715,0.999126,-0.503346,-0.151038,177.7599
92727.13,19.26,741.7629,0.002437,0.000273,0.999614,-0.506138,-0.137515,177.731
92731.11,19.26,741.4062,-4.882924e-6,-0.00168,0.999126,-0.032834,0.153832,177.7307
92730.42,19.26,741.467,0.000972,-0.000703,1.001567,0.019823,0.26791,177.7367
92729.8,19.26,741.5225,0.007319,0.000762,0.999126,0.07168,-0.162904,177.7188
92730.15,19.27,741.4908,0.006343,-0.001191,1.000591,-0.388773,-0.287433,177.7078
92731.77,19.26,741.3481,0.002437,0.005156,1.000591,-0.268163,0.462482,177.702
92735.71,19.26,740.994,-0.002446,0.000273,0.998638,0.432115,0.226405,177.6938
92729.13,19.26,741.5833,0.000972,0.000273,0.995708,0.02086,0.520734,177.698
92730.09,19.26,741.496,0.002437,-0.001191,1.000103,-0.575203,-0.05375,177.6914
92730.19,19.27,741.4881,-4.882924e-6,-0.002656,0.998638,0.257044,-0.271164,177.7075
92730.15,19.27,741.4908,0.00146,-0.003145,0.999126,-0.031139,-0.381822,177.7134
92729.49,19.27,741.5515,0.003901,-0.004609,0.998149,-0.225262,-0.362809,177.7177
92729.49,19.27,741.5515,0.000972,-0.008516,0.996685,-0.045177,-0.448042,177.743
92727.13,19.26,741.7629,0.002437,-0.002168,1.001079,0.017777,-0.358664,177.7685
92717,19.27,742.6692,0.00439,0.005645,0.998638,-0.127723,0.637093,177.7669
92725.58,19.27,741.9003,0.000483,-0.001191,0.998638,0.400625,-0.120826,177.7569
92725.91,19.27,741.8712,0.002437,0.000762,1.001567,-0.2251,0.252537,177.7537
92727.91,19.27,741.6916,-0.000493,0.003691,1.000591,0.443131,0.498813,177.7429
92727.91,19.27,741.6916,0.002437,0.002715,1.001079,-0.393571,0.278667,177.7873
92730.15,19.27,741.4908,-0.000981,0.00125,0.999614,0.132159,0.339513,177.7686
92727.91,19.27,741.6916,0.003413,0.000273,1.000103,-0.066439,0.426933,177.7785
92728.57,19.27,741.6334,-0.005376,-0.010957,1.000103,0.21864,-0.535692,177.7529
92733.17,19.27,741.2213,-0.000981,-0.002656,1.000103,0.28034,-0.477449,177.7532
92727.22,19.27,741.7523,0.00146,0.002715,0.999614,0.334229,0.448143,177.7175
92728.2,19.27,741.6652,0.002437,0.000273,0.997173,-0.413749,-0.35215,177.7266
92727.91,19.27,741.6916,0.002437,0.002715,1.000103,-0.068966,0.66457,177.7221
92727.91,19.27,741.6916,-0.000493,-0.000703,0.998638,0.346454,0.129122,177.7385
92730.27,19.28,741.4802,-0.000981,-0.002168,0.999614,-0.025247,-0.045445,177.7412
92728.57,19.27,741.6334,0.003901,0.002227,1.001079,-0.229197,-0.080579,177.75
92727.64,19.28,741.7153,0.002925,0.004668,0.99522,0.006808,-0.020141,177.7315
92730.9,19.28,741.4247,0.005366,-0.001191,0.998638,-0.236579,0.14703,177.7376
92730.19,19.27,741.4881,0.002437,0.002227,1.000103,-0.25015,0.343107,177.7185
92732.22,19.28,741.3058,-4.882924e-6,0.000273,1.000103,0.082552,0.031547,177.7136
92730.24,19.28,741.4828,0.000972,-0.002168,1.002544,-0.140285,-0.249824,177.6992
92727.31,19.28,741.7444,0.00146,0.003203,1.000103,0.189669,0.074081,177.6745
92728.66,19.28,741.6255,-0.002446,-0.005586,0.999126,-0.11388,-0.619486,177.6644
92728.63,19.28,741.6282,0.006343,0.000273,1.003032,-0.73678,0.09214,177.6729
92730.6,19.28,741.4511,-0.002446,0.004668,0.996685,0.299498,0.202462,177.7118
92731.3,19.28,741.3877,0.009761,-0.000215,0.998149,-0.706867,0.0603,177.7295
92730.34,19.29,741.4749,-0.002446,-0.000215,1.000103,0.124009,-0.339846,177.7312
92730.94,19.28,741.4221,-4.882924e-6,-0.004121,0.998638,0.220976,-0.102468,177.6897
92724.63,19.27,741.9849,-0.00147,-0.005098,0.999614,-0.056269,-0.538044,177.6912
92726.69,19.28,741.8026,0.003901,0.002715,0.997661,-0.262189,0.169968,177.6572
92726.69,19.28,741.8026,-0.001958,-0.002168,1.001079,0.108401,-0.140211,177.6692
92730.67,19.29,741.4459,0.004878,-0.002656,0.998149,-0.248511,-0.373298,177.6944
92728.3,19.28,741.6572,-0.001958,-0.006563,0.996685,0.071768,-0.422284,177.7061
92731.65,19.29,741.3586,0.001948,-0.002168,0.999614,-0.231137,-0.340987,177.6726
92728.3,19.28,741.6572,-0.002446,0.00125,1.001567,0.420364,0.060992,177.6632
92728.3,19.28,741.6572,0.008784,0.00418,1.003032,-0.111155,0.277036,177.6082
92727.38,19.29,741.7391,-0.000981,-0.000703,1.004009,0.063055,-0.055469,177.6301
92722.05,19.28,742.2174,0.00146,0.000762,1.000591,-0.117645,0.000036,177.6375
92728.36,19.29,741.6519,0.000483,0.002227,1.000591,-0.020929,0.080454,177.6394
92725.67,19.28,741.8924,0.002437,0.000762,1.002056,-0.130671,0.104605,177.6216
92726.72,19.29,741.7972,0.001948,-0.004121,1.003032,-0.207869,-0.163824,177.6162
92729.71,19.29,741.5304,0.005366,-0.000215,1.000591,-0.111748,0.11891,177.5991
92729.68,19.29,741.533,-0.002935,-0.005586,1.001567,-0.180233,0.061836,177.6167
92727.34,19.28,741.7418,0.00439,-0.000215,1.001079,-0.12115,0.016171,177.5755
92731.02,19.29,741.4141,0.003901,-0.005586,1.002056,-0.277976,-0.320264,177.5429
92728.7,19.29,741.6229,0.073237,-0.074922,0.680767,-0.176904,-0.468576,177.5136
92709.23,19.28,743.3615,0.282222,0.008574,11.81504,0.560752,-1.112899,171.3543
92653.39,19.29,748.3607,-0.42481,-0.015352,10.98155,1.63942,-0.207114,180.1274
92513.63,19.28,760.8771,-0.413091,0.181914,9.806744,3.150716,-2.304257,182.1858
92249.91,19.28,784.5413,-0.443364,0.309844,7.582622,2.715862,1.624278,174.857
92057.2,19.27,801.8667,-0.242192,0.29959,2.649028,2.555332,0.019538,171.333
91721.56,19.27,832.1102,-0.270513,0.343047,-0.828999,0.068324,3.397743,172.4126
91557.84,19.27,846.8964,0.119136,0.095488,-0.989644,-1.134651,4.752256,185.1738
91339.97,19.27,866.6077,0.020991,-0.010957,-0.776753,-1.44829,4.686353,201.6876
91104.27,19.26,887.9731,0.064937,0.211211,-0.761616,-4.039283,5.17721,215.4467
90890.36,19.26,907.4018,0.020503,-0.098848,-0.687397,-6.960117,3.889628,229.4241
90695.45,19.25,925.1367,0.013179,0.377715,-0.561421,-7.973703,3.236701,243.138
90328.02,19.23,958.6566,0.030269,-0.019258,-0.518452,-9.13257,3.431702,257.1036
90328.02,19.23,958.6566,-0.005376,0.220488,-0.478901,-11.74543,0.610599,269.6049
90143.03,19.23,975.5724,-0.114263,0.134062,-0.431538,-11.23687,-0.490644,282.773
89979.71,19.21,990.533,0.017573,0.114531,-0.373921,-13.36816,-1.972443,296.3037
89681.03,19.19,1017.947,0.072261,0.042266,-0.353413,-13.69338,-4.663275,309.1378
89681.03,19.19,1017.947,0.028315,0.206328,-0.304097,-13.61886,-5.048384,321.026
89416.23,19.16,1042.311,-0.024419,0.225371,-0.232808,-14.6108,-7.284535,332.178
89284.81,19.15,1054.426,0.039058,0.212187,-0.226948,-14.07562,-7.916788,342.894
89173.44,19.12,1064.704,0.003901,-0.005098,-0.206929,-14.50744,-8.661285,351.5146
88438.56,19.07,1132.782,-0.002446,0.04959,-0.041401,-24.55748,-0.773955,34.46935
88386.7,19.07,1137.605,-0.014165,0.053008,-0.035054,-27.1618,-0.296416,37.40564
88346.02,19.07,1141.388,0.005854,0.068633,-0.022358,-28.43545,-0.767173,40.69809
88274.44,19.06,1148.05,0.011226,0.069121,-0.012105,-29.68618,-1.191718,43.26187
88274.44,19.06,1148.05,0.017085,0.068633,-0.009175,-31.82161,-1.256801,44.58492
88251.78,19.06,1150.158,0.024409,0.06668,-0.008198,-35.32186,-0.500686,44.33517
88237.68,19.06,1151.471,0.033198,0.068633,-0.004292,-40.3824,0.524685,43.61496
88218.94,19.05,1153.218,0.065425,0.038848,-0.003804,-47.12584,-0.379601,44.93329
88218.94,19.05,1153.218,0.071772,0.040312,-0.00478,-54.78717,-5.310837,50.38098
89451.41,19.17,1039.072,-0.064087,-0.2302,1.072583,-3.699033,-2.088198,178.2263
89483.23,19.16,1036.141,0.4823,-0.717017,1.229321,-21.56763,-11.29269,168.8992
89499.66,19.17,1034.63,0.445679,-0.916724,1.14729,-29.26747,-5.313498,165.1593
89577.46,19.16,1027.469,0.619507,-0.332739,1.248364,-36.03749,13.0004,161.9182
89616.52,19.16,1023.876,0.506226,0.106714,1.222485,-36.43228,27.88493,155.5354
89652.33,19.15,1020.584,0.517456,-0.413306,1.23811,-33.68702,22.21754,168.2418
89687.09,19.15,1017.389,0.423706,-0.291235,0.963696,-29.55207,24.14354,168.6073
89728.17,19.15,1013.613,0.254272,-0.444067,1.139477,-33.7472,23.0241,165.0243
89773.45,19.15,1009.454,0.360229,-0.822485,1.330395,-37.29283,28.24722,152.9975
89796.78,19.14,1007.314,0.554077,-0.751196,1.387036,-39.31534,45.3678,139.4786
89847.97,19.14,1002.613,0.714722,-0.32395,1.080884,-34.82138,64.0833,129.2673
89929.11,19.14,995.1702,0.569702,-0.165259,0.952466,-35.35499,70.27293,132.0078
89967.52,19.14,991.6507,0.357788,-0.188696,1.041821,-26.18895,74.10953,133.7076
89967.52,19.14,991.6507,-0.111938,-0.235083,1.875806,-11.56432,75.95654,125.5792
90059.13,19.13,983.2562,0.562866,-0.768774,1.257153,6.617268,77.03394,112.0329
90264.98,19.12,964.4167,0.552124,-0.640356,0.923657,79.04491,-74.79197,277.9229
90303.78,19.12,960.8708,0.410522,-0.495337,1.356274,57.06822,-71.01392,270.042
90344.44,19.11,957.1558,0.471558,-0.293677,1.111645,33.75827,-64.77306,261.8189
90397.02,19.12,952.3521,0.316284,-0.48313,1.159497,7.455381,-62.25003,253.6263
90438.74,19.12,948.5446,0.554077,-0.57981,1.294263,-18.336,-55.69915,243.9659
90466.28,19.11,946.0292,0.464722,-0.522192,1.278638,-37.64804,-37.79131,226.1443
90513.58,19.11,941.7144,0.294312,-0.417212,1.361645,-46.26021,-12.95538,204.1478
90556.94,19.11,937.7615,0.442749,-0.535864,0.999829,-49.49453,17.08107,171.6869
90606.56,19.11,933.2353,0.543335,-0.603247,1.470044,-40.81346,46.01569,137.5433
90636.36,19.1,930.5217,0.527222,-0.62229,1.202466,-23.42932,63.52623,118.8097
90680.71,19.1,926.479,0.4823,-0.231177,1.503735,-1.664249,75.15772,108.5574
90722.34,19.09,922.69,0.320679,-0.398657,1.142407,17.9096,79.42258,101.1114
90797.61,19.09,915.8386,0.57019,-0.425513,1.451001,42.94797,80.0799,86.82919
90797.61,19.09,915.8386,0.628784,-0.226782,1.293286,69.2092,70.25635,62.86851
90842.64,19.1,911.743,0.557495,-0.143286,1.512524,76.56567,-53.19244,291.1318
90889.24,19.09,907.5048,0.236694,-0.430884,1.47395,52.24419,-69.88822,270.0985
90967.41,19.09,900.3998,0.571655,-0.609106,1.261548,22.02697,-65.67303,264.3012
90967.41,19.09,900.3998,0.45105,-0.390356,1.160474,-4.221924,-55.57925,255.093
91008.78,19.08,896.6425,0.332397,-0.280493,1.284985,-23.65076,-42.50147,241.8719
91098.73,19.07,888.4752,0.311401,-0.32981,1.740552,-40.67493,-20.3164,215.6607
91168.68,19.07,882.131,0.436401,-0.558325,1.246411,-40.74719,35.38982,151.4602
91215.63,19.07,877.8744,0.369995,-0.382544,1.180981,-28.23736,56.17173,130.1362
91266.2,19.06,873.29,0.548218,-0.116431,1.470044,-8.628487,67.60822,112.5024
91303.29,19.05,869.9291,0.665405,-0.566626,1.367505,13.80757,69.39307,99.89758
91323.02,19.06,868.1429,0.497437,-0.477271,1.286938,36.60559,70.73226,89.69044
91381.15,19.06,862.8795,0.197144,-0.53977,1.256665,55.33085,72.88823,79.02663
91429.09,19.05,858.5408,0.292847,-0.248755,1.106274,73.43429,31.87149,26.58916
91482.02,19.05,853.7531,0.852905,-0.699927,1.862622,55.31815,-34.0801,314.0031
91498.77,19.06,852.239,0.635132,-0.559302,1.796216,36.3523,-42.51752,287.4977
91551.27,19.05,847.4908,0.399292,-0.255591,1.6302,21.52152,-40.78571,267.5923
91595.25,19.04,843.5169,0.125854,-0.042212,1.807446,2.356072,-36.29067,251.8709
91643.88,19.04,839.1254,0.531128,-0.617895,1.266919,-22.23054,-27.67364,232.2007
91657.63,19.03,837.8835,0.831909,-0.516821,1.279614,-34.5549,-7.47511,206.0175
91700.39,19.04,834.0232,0.517944,-0.527075,1.32063,-30.98125,17.97835,176.8584
91735.74,19.02,830.8313,0.434937,-0.203833,0.975903,-21.13601,33.05645,155.361
91776.45,19.02,827.1586,0.131714,-0.451392,1.344556,-11.41529,39.07716,135.6001
91832.59,19.01,822.0959,0.426147,-0.607153,1.047192,-2.126887,44.67376,114.1818
91932.48,19.01,813.0938,0.78894,-0.442603,1.44563,23.65807,61.73053,70.7769
91966.22,19,810.0551,0.458374,-0.425024,1.460278,40.51121,63.66423,60.40163
92049.32,18.99,802.5748,0.373413,-0.321021,1.106274,59.27821,51.6823,36.68288
92085.83,19,799.2905,0.501343,-0.294165,1.381665,65.79878,8.743036,342.6614
92117.38,19,796.4527,0.605835,-0.496313,1.230786,49.32678,-32.43183,286.5367
92159.43,19,792.6716,0.725464,-0.353247,1.300122,23.58647,-42.46464,257.3526
92195.22,18.99,789.4533,0.44812,-0.618872,1.297681,3.580879,-42.65232,235.9459
92231.37,18.99,786.2059,0.338745,-0.573462,1.029126,-15.40043,-30.96568,219.6315
92275.31,18.98,782.2584,0.49939,-0.442603,1.03938,-32.95715,-8.780851,195.9176
92307.52,18.98,779.3651,0.767456,0.132593,1.436352,-31.80624,23.42061,157.933
92346.3,18.98,775.8853,0.380737,-0.316138,1.104321,-20.14831,32.45233,138.3057
92389.08,18.99,772.046,0.080444,-0.636938,1.354321,-9.997762,37.37036,118.3056
92421.22,18.98,769.1633,0.335815,-0.63645,0.965161,-2.952401,43.90136,94.75925
92465.59,18.98,765.184,0.642944,-0.542212,1.229321,5.19449,52.46708,72.83816
92511.27,18.98,761.0885,0.706909,-0.467993,1.20686,20.69874,57.54467,58.07689
92532.63,18.98,759.1755,0.362183,-0.515356,1.378735,39.09403,54.26653,41.82663
92591.99,18.97,753.8566,0.514526,-0.677954,1.169751,54.63461,35.26846,9.76445
92618.28,18.97,751.5023,0.44812,-0.515845,1.288892,60.35917,12.38247,329.2501
92658.02,18.97,747.9459,0.38562,-0.091528,1.458325,57.38322,-12.01693,288.522
